timestamp,location,pm25,latitude,longitude
2024-11-19 18:00:00+07:00,CMT8,29.139999389648438,10.78533,106.67029
2024-11-19 19:00:00+07:00,CMT8,29.15000009536743,10.78533,106.67029
2024-11-19 20:00:00+07:00,CMT8,31.78333314259847,10.78533,106.67029
2024-11-19 21:00:00+07:00,CMT8,30.950000127156574,10.78533,106.67029
2024-11-19 22:00:00+07:00,CMT8,30.21666669845581,10.78533,106.67029
2024-11-19 23:00:00+07:00,CMT8,31.06666660308838,10.78533,106.67029
2024-11-20 00:00:00+07:00,CMT8,35.800000508626304,10.78533,106.67029
2024-11-20 01:00:00+07:00,CMT8,37.100000063578285,10.78533,106.67029
2024-11-20 02:00:00+07:00,CMT8,47.516666094462074,10.78533,106.67029
2024-11-20 03:00:00+07:00,CMT8,57.21666685740153,10.78533,106.67029
2024-11-20 04:00:00+07:00,CMT8,32.52500009536743,10.78533,106.67029
2024-11-20 05:00:00+07:00,CMT8,28.81666660308838,10.78533,106.67029
2024-11-20 06:00:00+07:00,CMT8,35.833333333333336,10.78533,106.67029
2024-11-20 07:00:00+07:00,CMT8,49.800000508626304,10.78533,106.67029
2024-11-20 08:00:00+07:00,CMT8,54.24999968210856,10.78533,106.67029
2024-11-20 09:00:00+07:00,CMT8,53.43333371480306,10.78533,106.67029
2024-11-20 10:00:00+07:00,CMT8,24.933333079020183,10.78533,106.67029
2024-11-20 11:00:00+07:00,CMT8,31.620833079020183,10.78533,106.67029
2024-11-20 12:00:00+07:00,CMT8,36.30000019073486,10.78533,106.67029
2024-11-20 13:00:00+07:00,CMT8,39.98333326975504,10.78533,106.67029
2024-11-20 14:00:00+07:00,CMT8,41.06666628519694,10.78533,106.67029
2024-11-20 15:00:00+07:00,CMT8,46.73333326975504,10.78533,106.67029
2024-11-20 16:00:00+07:00,CMT8,37.18333339691162,10.78533,106.67029
2024-11-20 17:00:00+07:00,CMT8,32.65000009536743,10.78533,106.67029
2024-11-20 18:00:00+07:00,CMT8,37.62916692097982,10.78533,106.67029
2024-11-20 19:00:00+07:00,CMT8,32.28333314259847,10.78533,106.67029
2024-11-20 20:00:00+07:00,CMT8,16.18333347638448,10.78533,106.67029
2024-11-20 21:00:00+07:00,CMT8,34.08333365122477,10.78533,106.67029
2024-11-20 22:00:00+07:00,CMT8,22.14999993642171,10.78533,106.67029
2024-11-20 23:00:00+07:00,CMT8,21.599999745686848,10.78533,106.67029
2024-11-21 00:00:00+07:00,CMT8,27.15000009536743,10.78533,106.67029
2024-11-21 01:00:00+07:00,CMT8,34.16666603088379,10.78533,106.67029
2024-11-21 02:00:00+07:00,CMT8,65.70000076293945,10.78533,106.67029
2024-11-21 03:00:00+07:00,CMT8,71.0166654586792,10.78533,106.67029
2024-11-21 04:00:00+07:00,CMT8,49.725000063578285,10.78533,106.67029
2024-11-21 05:00:00+07:00,CMT8,53.46666653951009,10.78533,106.67029
2024-11-21 06:00:00+07:00,CMT8,59.35000069936117,10.78533,106.67029
2024-11-21 07:00:00+07:00,CMT8,58.39999961853027,10.78533,106.67029
2024-11-21 08:00:00+07:00,CMT8,53.19999980926514,10.78533,106.67029
2024-11-21 09:00:00+07:00,CMT8,50.699999491373696,10.78533,106.67029
2024-11-21 10:00:00+07:00,CMT8,47.38333320617676,10.78533,106.67029
2024-11-21 11:00:00+07:00,CMT8,42.65833377838135,10.78533,106.67029
2024-11-21 12:00:00+07:00,CMT8,31.050000031789143,10.78533,106.67029
2024-11-21 13:00:00+07:00,CMT8,41.34166622161865,10.78533,106.67029
2024-11-21 14:00:00+07:00,CMT8,31.633333524068195,10.78533,106.67029
2024-11-21 15:00:00+07:00,CMT8,29.09999990463257,10.78533,106.67029
2024-11-21 16:00:00+07:00,CMT8,31.841666221618652,10.78533,106.67029
2024-11-21 17:00:00+07:00,CMT8,26.683333079020183,10.78533,106.67029
2024-11-21 18:00:00+07:00,CMT8,31.983333428700764,10.78533,106.67029
2024-11-21 19:00:00+07:00,CMT8,35.89999961853027,10.78533,106.67029
2024-11-21 20:00:00+07:00,CMT8,37.25,10.78533,106.67029
2024-11-21 21:00:00+07:00,CMT8,32.012499968210854,10.78533,106.67029
2024-11-21 22:00:00+07:00,CMT8,31.75,10.78533,106.67029
2024-11-21 23:00:00+07:00,CMT8,31.633333683013916,10.78533,106.67029
2024-11-22 00:00:00+07:00,CMT8,34.51666673024496,10.78533,106.67029
2024-11-22 01:00:00+07:00,CMT8,37.81666692097982,10.78533,106.67029
2024-11-22 02:00:00+07:00,CMT8,40.28333314259847,10.78533,106.67029
2024-11-22 03:00:00+07:00,CMT8,39.333333015441895,10.78533,106.67029
2024-11-22 04:00:00+07:00,CMT8,54.03333377838135,10.78533,106.67029
2024-11-22 05:00:00+07:00,CMT8,50.13333320617676,10.78533,106.67029
2024-11-22 06:00:00+07:00,CMT8,50.100000063578285,10.78533,106.67029
2024-11-22 07:00:00+07:00,CMT8,48.5,10.78533,106.67029
2024-11-22 08:00:00+07:00,CMT8,55.45000044504801,10.78533,106.67029
2024-11-22 09:00:00+07:00,CMT8,52.20000012715658,10.78533,106.67029
2024-11-22 10:00:00+07:00,CMT8,49.73333295186361,10.78533,106.67029
2024-11-22 11:00:00+07:00,CMT8,51.083333333333336,10.78533,106.67029
2024-11-22 12:00:00+07:00,CMT8,47.71666685740153,10.78533,106.67029
2024-11-22 13:00:00+07:00,CMT8,42.96666622161865,10.78533,106.67029
2024-11-22 14:00:00+07:00,CMT8,42.199999491373696,10.78533,106.67029
2024-11-22 15:00:00+07:00,CMT8,38.233333905537926,10.78533,106.67029
2024-11-22 16:00:00+07:00,CMT8,37.233333905537926,10.78533,106.67029
2024-11-22 17:00:00+07:00,CMT8,21.583333412806194,10.78533,106.67029
2024-11-22 18:00:00+07:00,CMT8,20.13333336512248,10.78533,106.67029
2024-11-22 19:00:00+07:00,CMT8,21.533333381017048,10.78533,106.67029
2024-11-22 20:00:00+07:00,CMT8,11.050000111262003,10.78533,106.67029
2024-11-22 21:00:00+07:00,CMT8,16.041666825612385,10.78533,106.67029
2024-11-22 22:00:00+07:00,CMT8,23.983333269755047,10.78533,106.67029
2024-11-22 23:00:00+07:00,CMT8,30.991666793823242,10.78533,106.67029
2024-11-23 00:00:00+07:00,CMT8,34.08333269755045,10.78533,106.67029
2024-11-23 01:00:00+07:00,CMT8,41.483333905537926,10.78533,106.67029
2024-11-23 02:00:00+07:00,CMT8,38.75,10.78533,106.67029
2024-11-23 03:00:00+07:00,CMT8,34.83749930063883,10.78533,106.67029
2024-11-23 04:00:00+07:00,CMT8,28.35000006357829,10.78533,106.67029
2024-11-23 05:00:00+07:00,CMT8,24.75000015894572,10.78533,106.67029
2024-11-23 06:00:00+07:00,CMT8,24.90000009536743,10.78533,106.67029
2024-11-23 07:00:00+07:00,CMT8,29.9333332379659,10.78533,106.67029
2024-11-23 08:00:00+07:00,CMT8,30.487499713897705,10.78533,106.67029
2024-11-23 09:00:00+07:00,CMT8,45.46666653951009,10.78533,106.67029
2024-11-23 10:00:00+07:00,CMT8,38.737500508626304,10.78533,106.67029
2024-11-23 11:00:00+07:00,CMT8,32.166666666666664,10.78533,106.67029
2024-11-23 12:00:00+07:00,CMT8,38.3041664759318,10.78533,106.67029
2024-11-23 13:00:00+07:00,CMT8,36.125,10.78533,106.67029
2024-11-23 14:00:00+07:00,CMT8,26.699999968210857,10.78533,106.67029
2024-11-23 15:00:00+07:00,CMT8,26.320833206176758,10.78533,106.67029
2024-11-23 16:00:00+07:00,CMT8,45.84166685740153,10.78533,106.67029
2024-11-23 17:00:00+07:00,CMT8,50.46666653951009,10.78533,106.67029
2024-11-23 18:00:00+07:00,CMT8,44.92916711171468,10.78533,106.67029
2024-11-23 19:00:00+07:00,CMT8,46.39999961853027,10.78533,106.67029
2024-11-23 20:00:00+07:00,CMT8,54.82083288828532,10.78533,106.67029
2024-11-23 21:00:00+07:00,CMT8,45.36666711171468,10.78533,106.67029
2024-11-23 22:00:00+07:00,CMT8,37.354166984558105,10.78533,106.67029
2024-11-23 23:00:00+07:00,CMT8,37.749999364217125,10.78533,106.67029
2024-11-24 00:00:00+07:00,CMT8,29.42916711171468,10.78533,106.67029
2024-11-24 01:00:00+07:00,CMT8,28.875,10.78533,106.67029
2024-11-24 02:00:00+07:00,CMT8,32.416666984558105,10.78533,106.67029
2024-11-24 03:00:00+07:00,CMT8,37.43750031789144,10.78533,106.67029
2024-11-24 04:00:00+07:00,CMT8,42.48333326975504,10.78533,106.67029
2024-11-24 05:00:00+07:00,CMT8,43.21666590372721,10.78533,106.67029
2024-11-24 06:00:00+07:00,CMT8,44.837499936421715,10.78533,106.67029
2024-11-24 07:00:00+07:00,CMT8,52.78333314259847,10.78533,106.67029
2024-11-24 08:00:00+07:00,CMT8,63.11249987284342,10.78533,106.67029
2024-11-24 09:00:00+07:00,CMT8,52.94166628519694,10.78533,106.67029
2024-11-24 10:00:00+07:00,CMT8,48.08749961853027,10.78533,106.67029
2024-11-24 11:00:00+07:00,CMT8,32.08333365122477,10.78533,106.67029
2024-11-24 12:00:00+07:00,CMT8,36.86666615804037,10.78533,106.67029
2024-11-24 13:00:00+07:00,CMT8,26.070833524068195,10.78533,106.67029
2024-11-24 14:00:00+07:00,CMT8,22.72083330154419,10.78533,106.67029
2024-11-24 15:00:00+07:00,CMT8,23.068055947621662,10.78533,106.67029
2024-11-24 16:00:00+07:00,CMT8,21.270833492279053,10.78533,106.67029
2024-11-24 17:00:00+07:00,CMT8,21.895833492279053,10.78533,106.67029
2024-11-24 18:00:00+07:00,CMT8,22.583333492279053,10.78533,106.67029
2024-11-24 19:00:00+07:00,CMT8,15.820833365122477,10.78533,106.67029
2024-11-24 20:00:00+07:00,CMT8,18.566666841506958,10.78533,106.67029
2024-11-24 21:00:00+07:00,CMT8,20.541666507720947,10.78533,106.67029
2024-11-24 22:00:00+07:00,CMT8,23.520833333333332,10.78533,106.67029
2024-11-24 23:00:00+07:00,CMT8,20.800000031789143,10.78533,106.67029
2024-11-25 00:00:00+07:00,CMT8,25.37083339691162,10.78533,106.67029
2024-11-25 01:00:00+07:00,CMT8,36.45833285649618,10.78533,106.67029
2024-11-25 02:00:00+07:00,CMT8,42.58333269755045,10.78533,106.67029
2024-11-25 03:00:00+07:00,CMT8,47.6791664759318,10.78533,106.67029
2024-11-25 04:00:00+07:00,CMT8,38.63055578867594,10.78533,106.67029
2024-11-25 05:00:00+07:00,CMT8,28.6291667620341,10.78533,106.67029
2024-11-25 06:00:00+07:00,CMT8,31.754167079925537,10.78533,106.67029
2024-11-25 07:00:00+07:00,CMT8,37.5,10.78533,106.67029
2024-11-25 08:00:00+07:00,CMT8,34.12499952316284,10.78533,106.67029
2024-11-25 09:00:00+07:00,CMT8,39.541666666666664,10.78533,106.67029
2024-11-25 10:00:00+07:00,CMT8,35.82499980926514,10.78533,106.67029
2024-11-25 11:00:00+07:00,CMT8,38.4916664759318,10.78533,106.67029
2024-11-25 12:00:00+07:00,CMT8,30.750111262003582,10.78533,106.67029
2024-11-25 13:00:00+07:00,CMT8,27.22724994023641,10.78533,106.67029
2024-11-25 14:00:00+07:00,CMT8,19.95141665140788,10.78533,106.67029
2024-11-25 15:00:00+07:00,CMT8,18.260875066121418,10.78533,106.67029
2024-11-25 16:00:00+07:00,CMT8,18.04495843251546,10.78533,106.67029
2024-11-25 17:00:00+07:00,CMT8,26.53520854314168,10.78533,106.67029
2024-11-25 18:00:00+07:00,CMT8,38.0943333307902,10.78533,106.67029
2024-11-25 19:00:00+07:00,CMT8,44.55429172515869,10.78533,106.67029
2024-11-25 20:00:00+07:00,CMT8,40.26929219563802,10.78533,106.67029
2024-11-25 21:00:00+07:00,CMT8,36.86295827229818,10.78533,106.67029
2024-11-25 22:00:00+07:00,CMT8,34.50774987538656,10.78533,106.67029
2024-11-25 23:00:00+07:00,CMT8,32.558499813079834,10.78533,106.67029
2024-11-26 00:00:00+07:00,CMT8,30.97041654586792,10.78533,106.67029
2024-11-26 01:00:00+07:00,CMT8,29.836749871571858,10.78533,106.67029
2024-11-26 02:00:00+07:00,CMT8,38.76504135131836,10.78533,106.67029
2024-11-26 03:00:00+07:00,CMT8,47.263999938964844,10.78533,106.67029
2024-11-26 04:00:00+07:00,CMT8,51.110124588012695,10.78533,106.67029
2024-11-26 05:00:00+07:00,CMT8,50.51616700490316,10.78533,106.67029
2024-11-26 06:00:00+07:00,CMT8,50.28295866648356,10.78533,106.67029
2024-11-26 07:00:00+07:00,CMT8,45.654082934061684,10.78533,106.67029
2024-11-26 08:00:00+07:00,CMT8,38.34149996439616,10.78533,106.67029
2024-11-26 09:00:00+07:00,CMT8,38.900583267211914,10.78533,106.67029
2024-11-26 10:00:00+07:00,CMT8,42.58624998728434,10.78533,106.67029
2024-11-26 11:00:00+07:00,CMT8,43.44166660308838,10.78533,106.67029
2024-11-26 12:00:00+07:00,CMT8,40.54812526702881,10.78533,106.67029
2024-11-26 13:00:00+07:00,CMT8,35.53875001271566,10.78533,106.67029
2024-11-26 14:00:00+07:00,CMT8,27.267000198364258,10.78533,106.67029
2024-11-26 15:00:00+07:00,CMT8,23.08579142888387,10.78533,106.67029
2024-11-26 16:00:00+07:00,CMT8,24.704166571299236,10.78533,106.67029
2024-11-26 17:00:00+07:00,CMT8,25.930166721343994,10.78533,106.67029
2024-11-26 18:00:00+07:00,CMT8,27.70050032933553,10.78533,106.67029
2024-11-26 19:00:00+07:00,CMT8,38.6983331044515,10.78533,106.67029
2024-11-26 20:00:00+07:00,CMT8,42.7865826288859,10.78533,106.67029
2024-11-26 21:00:00+07:00,CMT8,48.42845853169759,10.78533,106.67029
2024-11-26 22:00:00+07:00,CMT8,47.18308353424072,10.78533,106.67029
2024-11-26 23:00:00+07:00,CMT8,49.25483385721842,10.78533,106.67029
2024-11-27 00:00:00+07:00,CMT8,49.6959441502889,10.78533,106.67029
2024-11-27 01:00:00+07:00,CMT8,39.72433344523112,10.78533,106.67029
2024-11-27 02:00:00+07:00,CMT8,27.450666904449463,10.78533,106.67029
2024-11-27 03:00:00+07:00,CMT8,26.646291891733807,10.78533,106.67029
2024-11-27 04:00:00+07:00,CMT8,24.458083311716717,10.78533,106.67029
2024-11-27 05:00:00+07:00,CMT8,21.488639036814373,10.78533,106.67029
2024-11-27 06:00:00+07:00,CMT8,19.4653746287028,10.78533,106.67029
2024-11-27 07:00:00+07:00,CMT8,21.031500498453777,10.78533,106.67029
2024-11-27 08:00:00+07:00,CMT8,29.074124972025555,10.78533,106.67029
2024-11-27 09:00:00+07:00,CMT8,28.158333619435627,10.78533,106.67029
2024-11-27 10:00:00+07:00,CMT8,34.337208112080894,10.78533,106.67029
2024-11-27 11:00:00+07:00,CMT8,35.09445826212565,10.78533,106.67029
2024-11-27 12:00:00+07:00,CMT8,34.19337479273478,10.78533,106.67029
2024-11-27 13:00:00+07:00,CMT8,34.84183279673258,10.78533,106.67029
2024-11-27 14:00:00+07:00,CMT8,29.795833587646484,10.78533,106.67029
2024-11-27 15:00:00+07:00,CMT8,30.94579203923543,10.78533,106.67029
2024-11-27 16:00:00+07:00,CMT8,22.520708401997883,10.78533,106.67029
2024-11-27 17:00:00+07:00,CMT8,19.541125138600666,10.78533,106.67029
2024-11-27 18:00:00+07:00,CMT8,25.604666392008465,10.78533,106.67029
2024-11-27 19:00:00+07:00,CMT8,38.08912499745687,10.78533,106.67029
2024-11-27 20:00:00+07:00,CMT8,32.371333281199135,10.78533,106.67029
2024-11-27 21:00:00+07:00,CMT8,32.76095803578695,10.78533,106.67029
2024-11-27 22:00:00+07:00,CMT8,27.76900005340576,10.78533,106.67029
2024-11-27 23:00:00+07:00,CMT8,28.37262503306071,10.78533,106.67029
2024-11-28 00:00:00+07:00,CMT8,29.341874599456787,10.78533,106.67029
2024-11-28 01:00:00+07:00,CMT8,29.86354144414266,10.78533,106.67029
2024-11-28 02:00:00+07:00,CMT8,18.55891688664754,10.78533,106.67029
2024-11-28 03:00:00+07:00,CMT8,15.618958155314127,10.78533,106.67029
2024-11-28 04:00:00+07:00,CMT8,14.897249937057495,10.78533,106.67029
2024-11-28 05:00:00+07:00,CMT8,19.229583104451496,10.78533,106.67029
2024-11-28 06:00:00+07:00,CMT8,24.83554172515869,10.78533,106.67029
2024-11-28 07:00:00+07:00,CMT8,32.793041388193764,10.78533,106.67029
2024-11-28 08:00:00+07:00,CMT8,36.8908748626709,10.78533,106.67029
2024-11-28 09:00:00+07:00,CMT8,25.71708329518636,10.78533,106.67029
2024-11-28 10:00:00+07:00,CMT8,22.645291646321613,10.78533,106.67029
2024-11-28 11:00:00+07:00,CMT8,17.12691656748454,10.78533,106.67029
2024-11-28 12:00:00+07:00,CMT8,13.743083318074545,10.78533,106.67029
2024-11-28 13:00:00+07:00,CMT8,8.403999964396158,10.78533,106.67029
2024-11-28 14:00:00+07:00,CMT8,9.086374878883362,10.78533,106.67029
2024-11-28 15:00:00+07:00,CMT8,10.133124828338623,10.78533,106.67029
2024-11-28 16:00:00+07:00,CMT8,12.186041593551636,10.78533,106.67029
2024-11-28 17:00:00+07:00,CMT8,20.122249841690063,10.78533,106.67029
2024-11-28 18:00:00+07:00,CMT8,22.475666840871174,10.78533,106.67029
2024-11-28 19:00:00+07:00,CMT8,22.01691683133443,10.78533,106.67029
2024-11-28 20:00:00+07:00,CMT8,14.122124989827475,10.78533,106.67029
2024-11-28 21:00:00+07:00,CMT8,13.116833289464315,10.78533,106.67029
2024-11-28 22:00:00+07:00,CMT8,15.821916739145914,10.78533,106.67029
2024-11-28 23:00:00+07:00,CMT8,16.358875036239624,10.78533,106.67029
2024-11-29 00:00:00+07:00,CMT8,17.02999981244405,10.78533,106.67029
2024-11-29 01:00:00+07:00,CMT8,18.22183322906494,10.78533,106.67029
2024-11-29 02:00:00+07:00,CMT8,16.03766663869222,10.78533,106.67029
2024-11-29 03:00:00+07:00,CMT8,15.402458270390829,10.78533,106.67029
2024-11-29 04:00:00+07:00,CMT8,18.561458349227905,10.78533,106.67029
2024-11-29 05:00:00+07:00,CMT8,18.065666834513348,10.78533,106.67029
2024-11-29 06:00:00+07:00,CMT8,17.18733310699463,10.78533,106.67029
2024-11-29 07:00:00+07:00,CMT8,20.178249994913738,10.78533,106.67029
2024-11-29 08:00:00+07:00,CMT8,26.035500208536785,10.78533,106.67029
2024-11-29 09:00:00+07:00,CMT8,31.21133343378703,10.78533,106.67029
2024-11-29 10:00:00+07:00,CMT8,30.047041416168213,10.78533,106.67029
2024-11-29 11:00:00+07:00,CMT8,33.7391668955485,10.78533,106.67029
2024-11-29 12:00:00+07:00,CMT8,35.4193328221639,10.78533,106.67029
2024-11-29 13:00:00+07:00,CMT8,33.32837422688802,10.78533,106.67029
2024-11-29 14:00:00+07:00,CMT8,25.078208446502686,10.78533,106.67029
2024-11-29 15:00:00+07:00,CMT8,30.493999640146892,10.78533,106.67029
2024-11-29 16:00:00+07:00,CMT8,39.90291659037272,10.78533,106.67029
2024-11-29 17:00:00+07:00,CMT8,38.27550029754639,10.78533,106.67029
2024-11-29 18:00:00+07:00,CMT8,40.290666262308754,10.78533,106.67029
2024-11-29 19:00:00+07:00,CMT8,45.859124501546226,10.78533,106.67029
2024-11-29 20:00:00+07:00,CMT8,49.13124974568685,10.78533,106.67029
2024-11-29 21:00:00+07:00,CMT8,47.747958183288574,10.78533,106.67029
2024-11-29 22:00:00+07:00,CMT8,35.83166662851969,10.78533,106.67029
2024-11-29 23:00:00+07:00,CMT8,35.02150026957194,10.78533,106.67029
2024-11-30 00:00:00+07:00,CMT8,31.950875282287598,10.78533,106.67029
2024-11-30 01:00:00+07:00,CMT8,32.71391614278158,10.78533,106.67029
2024-11-30 02:00:00+07:00,CMT8,32.72233374913534,10.78533,106.67029
2024-11-30 03:00:00+07:00,CMT8,32.15316645304362,10.78533,106.67029
2024-11-30 04:00:00+07:00,CMT8,35.58933353424072,10.78533,106.67029
2024-11-30 05:00:00+07:00,CMT8,37.75904178619385,10.78533,106.67029
2024-11-30 06:00:00+07:00,CMT8,37.33949979146322,10.78533,106.67029
2024-11-30 07:00:00+07:00,CMT8,38.69941647847494,10.78533,106.67029
2024-11-30 08:00:00+07:00,CMT8,41.289916356404625,10.78533,106.67029
2024-11-30 09:00:00+07:00,CMT8,44.49791685740153,10.78533,106.67029
2024-11-30 10:00:00+07:00,CMT8,37.71083354949951,10.78533,106.67029
2024-11-30 11:00:00+07:00,CMT8,42.693416913350426,10.78533,106.67029
2024-11-30 12:00:00+07:00,CMT8,45.39362462361654,10.78533,106.67029
2024-11-30 13:00:00+07:00,CMT8,40.138833363850914,10.78533,106.67029
2024-11-30 14:00:00+07:00,CMT8,39.45604133605957,10.78533,106.67029
2024-11-30 15:00:00+07:00,CMT8,41.711666107177734,10.78533,106.67029
2024-11-30 16:00:00+07:00,CMT8,47.93516731262207,10.78533,106.67029
2024-11-30 17:00:00+07:00,CMT8,48.07412465413412,10.78533,106.67029
2024-11-30 18:00:00+07:00,CMT8,51.06024996439616,10.78533,106.67029
2024-11-30 19:00:00+07:00,CMT8,59.1586659749349,10.78533,106.67029
2024-11-30 20:00:00+07:00,CMT8,58.49229208628336,10.78533,106.67029
2024-11-30 21:00:00+07:00,CMT8,63.252166112264,10.78533,106.67029
2024-11-30 22:00:00+07:00,CMT8,69.23883310953777,10.78533,106.67029
2024-11-30 23:00:00+07:00,CMT8,60.728208223978676,10.78533,106.67029
2024-12-01 00:00:00+07:00,CMT8,54.98241647084554,10.78533,106.67029
2024-12-01 01:00:00+07:00,CMT8,55.172166188557945,10.78533,106.67029
2024-12-01 02:00:00+07:00,CMT8,61.215541203816734,10.78533,106.67029
2024-12-01 03:00:00+07:00,CMT8,64.97587426503499,10.78533,106.67029
2024-12-01 04:00:00+07:00,CMT8,61.8039166132609,10.78533,106.67029
2024-12-01 05:00:00+07:00,CMT8,58.78599993387858,10.78533,106.67029
2024-12-01 06:00:00+07:00,CMT8,55.29129187266032,10.78533,106.67029
2024-12-01 07:00:00+07:00,CMT8,52.70241641998291,10.78533,106.67029
2024-12-01 08:00:00+07:00,CMT8,60.60766760508219,10.78533,106.67029
2024-12-01 09:00:00+07:00,CMT8,69.30374972025554,10.78533,106.67029
2024-12-01 10:00:00+07:00,CMT8,72.99954032897949,10.78533,106.67029
2024-12-01 11:00:00+07:00,CMT8,88.5333760579427,10.78533,106.67029
2024-12-01 12:00:00+07:00,CMT8,85.13616689046223,10.78533,106.67029
2024-12-01 13:00:00+07:00,CMT8,65.83716646830241,10.78533,106.67029
2024-12-01 14:00:00+07:00,CMT8,52.54875055948893,10.78533,106.67029
2024-12-01 15:00:00+07:00,CMT8,48.4693333307902,10.78533,106.67029
2024-12-01 16:00:00+07:00,CMT8,54.09449990590414,10.78533,106.67029
2024-12-01 17:00:00+07:00,CMT8,51.62937545776367,10.78533,106.67029
2024-12-01 18:00:00+07:00,CMT8,48.827833811442055,10.78533,106.67029
2024-12-01 19:00:00+07:00,CMT8,53.69804128011068,10.78533,106.67029
2024-12-01 20:00:00+07:00,CMT8,57.65833377838135,10.78533,106.67029
2024-12-01 21:00:00+07:00,CMT8,83.42883237202962,10.78533,106.67029
2024-12-01 22:00:00+07:00,CMT8,91.11020723978679,10.78533,106.67029
2024-12-01 23:00:00+07:00,CMT8,87.08891677856445,10.78533,106.67029
2024-12-02 00:00:00+07:00,CMT8,75.479918162028,10.78533,106.67029
2024-12-02 01:00:00+07:00,CMT8,58.6279993057251,10.78533,106.67029
2024-12-02 02:00:00+07:00,CMT8,57.51829210917155,10.78533,106.67029
2024-12-02 03:00:00+07:00,CMT8,53.776166915893555,10.78533,106.67029
2024-12-02 04:00:00+07:00,CMT8,48.38649972279867,10.78533,106.67029
2024-12-02 05:00:00+07:00,CMT8,47.57645797729492,10.78533,106.67029
2024-12-02 06:00:00+07:00,CMT8,55.01366678873698,10.78533,106.67029
2024-12-02 07:00:00+07:00,CMT8,66.87087408701579,10.78533,106.67029
2024-12-02 08:00:00+07:00,CMT8,85.06141662597656,10.78533,106.67029
2024-12-02 09:00:00+07:00,CMT8,83.7643330891927,10.78533,106.67029
2024-12-02 10:00:00+07:00,CMT8,68.46579202016194,10.78533,106.67029
2024-12-02 11:00:00+07:00,CMT8,68.34087626139323,10.78533,106.67029
2024-12-02 12:00:00+07:00,CMT8,75.78633308410645,10.78533,106.67029
2024-12-02 13:00:00+07:00,CMT8,69.72562408447266,10.78533,106.67029
2024-12-02 14:00:00+07:00,CMT8,81.3297913869222,10.78533,106.67029
2024-12-02 15:00:00+07:00,CMT8,79.8886661529541,10.78533,106.67029
2024-12-02 16:00:00+07:00,CMT8,93.26566632588704,10.78533,106.67029
2024-12-02 17:00:00+07:00,CMT8,88.97812461853027,10.78533,106.67029
2024-12-02 18:00:00+07:00,CMT8,66.0454584757487,10.78533,106.67029
2024-12-02 19:00:00+07:00,CMT8,44.03562513987223,10.78533,106.67029
2024-12-02 20:00:00+07:00,CMT8,38.29749997456869,10.78533,106.67029
2024-12-02 21:00:00+07:00,CMT8,37.59691619873047,10.78533,106.67029
2024-12-02 22:00:00+07:00,CMT8,41.727583249409996,10.78533,106.67029
2024-12-02 23:00:00+07:00,CMT8,39.3411668141683,10.78533,106.67029
2024-12-03 00:00:00+07:00,CMT8,39.29766686757406,10.78533,106.67029
2024-12-03 01:00:00+07:00,CMT8,39.47016747792562,10.78533,106.67029
2024-12-03 02:00:00+07:00,CMT8,43.62833340962728,10.78533,106.67029
2024-12-03 03:00:00+07:00,CMT8,43.833750089009605,10.78533,106.67029
2024-12-03 04:00:00+07:00,CMT8,46.353750228881836,10.78533,106.67029
2024-12-03 05:00:00+07:00,CMT8,51.864166577657066,10.78533,106.67029
2024-12-03 06:00:00+07:00,CMT8,55.67491658528646,10.78533,106.67029
2024-12-03 07:00:00+07:00,CMT8,59.770209312438965,10.78533,106.67029
2024-12-03 08:00:00+07:00,CMT8,69.56349913279216,10.78533,106.67029
2024-12-03 09:00:00+07:00,CMT8,59.53970845540365,10.78533,106.67029
2024-12-03 10:00:00+07:00,CMT8,42.18649991353353,10.78533,106.67029
2024-12-03 11:00:00+07:00,CMT8,40.483832359313965,10.78533,106.67029
2024-12-03 12:00:00+07:00,CMT8,29.047208468119305,10.78533,106.67029
2024-12-03 13:00:00+07:00,CMT8,29.482458273569744,10.78533,106.67029
2024-12-03 14:00:00+07:00,CMT8,38.32233270009359,10.78533,106.67029
2024-12-03 15:00:00+07:00,CMT8,44.763624827067055,10.78533,106.67029
2024-12-03 16:00:00+07:00,CMT8,73.04191621144612,10.78533,106.67029
2024-12-03 17:00:00+07:00,CMT8,67.38883177439372,10.78533,106.67029
2024-12-03 18:00:00+07:00,CMT8,56.60791619618734,10.78533,106.67029
2024-12-03 19:00:00+07:00,CMT8,54.5943333307902,10.78533,106.67029
2024-12-03 20:00:00+07:00,CMT8,67.69733333587646,10.78533,106.67029
2024-12-03 21:00:00+07:00,CMT8,80.24950091044109,10.78533,106.67029
2024-12-03 22:00:00+07:00,CMT8,71.33549944559734,10.78533,106.67029
2024-12-03 23:00:00+07:00,CMT8,69.79766527811687,10.78533,106.67029
2024-12-04 00:00:00+07:00,CMT8,58.2469170888265,10.78533,106.67029
2024-12-04 01:00:00+07:00,CMT8,54.83179187774658,10.78533,106.67029
2024-12-04 02:00:00+07:00,CMT8,51.31383355458578,10.78533,106.67029
2024-12-04 03:00:00+07:00,CMT8,48.27095858256022,10.78533,106.67029
2024-12-04 04:00:00+07:00,CMT8,60.35508346557617,10.78533,106.67029
2024-12-04 05:00:00+07:00,CMT8,80.8807487487793,10.78533,106.67029
2024-12-04 06:00:00+07:00,CMT8,61.41383330027262,10.78533,106.67029
2024-12-04 07:00:00+07:00,CMT8,56.29754130045573,10.78533,106.67029
2024-12-04 08:00:00+07:00,CMT8,71.49091657002766,10.78533,106.67029
2024-12-04 09:00:00+07:00,CMT8,59.866333643595375,10.78533,106.67029
2024-12-04 10:00:00+07:00,CMT8,50.3928337097168,10.78533,106.67029
2024-12-04 11:00:00+07:00,CMT8,58.1191660563151,10.78533,106.67029
2024-12-04 12:00:00+07:00,CMT8,51.26350021362305,10.78533,106.67029
2024-12-04 13:00:00+07:00,CMT8,37.28295850753784,10.78533,106.67029
2024-12-04 14:00:00+07:00,CMT8,19.951791763305664,10.78533,106.67029
2024-12-04 15:00:00+07:00,CMT8,22.313833395640057,10.78533,106.67029
2024-12-04 16:00:00+07:00,CMT8,23.93095827102661,10.78533,106.67029
2024-12-04 17:00:00+07:00,CMT8,35.981000105539955,10.78533,106.67029
2024-12-04 18:00:00+07:00,CMT8,45.99733352661133,10.78533,106.67029
2024-12-04 19:00:00+07:00,CMT8,42.85074996948242,10.78533,106.67029
2024-12-04 20:00:00+07:00,CMT8,37.57374954223633,10.78533,106.67029
2024-12-04 21:00:00+07:00,CMT8,36.40850003560384,10.78533,106.67029
2024-12-04 22:00:00+07:00,CMT8,42.68870862325033,10.78533,106.67029
2024-12-04 23:00:00+07:00,CMT8,39.73020839691162,10.78533,106.67029
2024-12-05 00:00:00+07:00,CMT8,41.93524996439616,10.78533,106.67029
2024-12-05 01:00:00+07:00,CMT8,42.64749972025553,10.78533,106.67029
2024-12-05 02:00:00+07:00,CMT8,37.05883312225342,10.78533,106.67029
2024-12-05 03:00:00+07:00,CMT8,40.73716672261556,10.78533,106.67029
2024-12-05 04:00:00+07:00,CMT8,46.09729194641113,10.78533,106.67029
2024-12-05 05:00:00+07:00,CMT8,43.869500160217285,10.78533,106.67029
2024-12-05 06:00:00+07:00,CMT8,43.07875061035156,10.78533,106.67029
2024-12-05 07:00:00+07:00,CMT8,39.96966679890951,10.78533,106.67029
2024-12-05 08:00:00+07:00,CMT8,46.905791918436684,10.78533,106.67029
2024-12-05 09:00:00+07:00,CMT8,42.93862501780192,10.78533,106.67029
2024-12-05 10:00:00+07:00,CMT8,40.594833056131996,10.78533,106.67029
2024-12-05 11:00:00+07:00,CMT8,41.20716635386149,10.78533,106.67029
2024-12-05 12:00:00+07:00,CMT8,46.525875091552734,10.78533,106.67029
2024-12-05 13:00:00+07:00,CMT8,38.21950022379557,10.78533,106.67029
2024-12-05 14:00:00+07:00,CMT8,38.65316677093506,10.78533,106.67029
2024-12-05 15:00:00+07:00,CMT8,32.1945416132609,10.78533,106.67029
2024-12-05 16:00:00+07:00,CMT8,37.258666356404625,10.78533,106.67029
2024-12-05 17:00:00+07:00,CMT8,44.01729202270508,10.78533,106.67029
2024-12-05 18:00:00+07:00,CMT8,52.53591728210449,10.78533,106.67029
2024-12-05 19:00:00+07:00,CMT8,43.43050034840902,10.78533,106.67029
2024-12-05 20:00:00+07:00,CMT8,52.979583422342934,10.78533,106.67029
2024-12-05 21:00:00+07:00,CMT8,53.67574977874756,10.78533,106.67029
2024-12-05 22:00:00+07:00,CMT8,45.027999560038246,10.78533,106.67029
2024-12-05 23:00:00+07:00,CMT8,48.90279165903727,10.78533,106.67029
2024-12-06 00:00:00+07:00,CMT8,49.375457445780434,10.78533,106.67029
2024-12-06 01:00:00+07:00,CMT8,47.5418332417806,10.78533,106.67029
2024-12-06 02:00:00+07:00,CMT8,49.354125022888184,10.78533,106.67029
2024-12-06 03:00:00+07:00,CMT8,49.428333600362144,10.78533,106.67029
2024-12-06 04:00:00+07:00,CMT8,65.60316626230876,10.78533,106.67029
2024-12-06 05:00:00+07:00,CMT8,87.96837552388509,10.78533,106.67029
2024-12-06 06:00:00+07:00,CMT8,117.42624918619792,10.78533,106.67029
2024-12-06 07:00:00+07:00,CMT8,137.73387654622397,10.78533,106.67029
2024-12-06 08:00:00+07:00,CMT8,125.21950022379558,10.78533,106.67029
2024-12-06 09:00:00+07:00,CMT8,122.79891713460286,10.78533,106.67029
2024-12-06 10:00:00+07:00,CMT8,97.63633282979329,10.78533,106.67029
2024-12-06 11:00:00+07:00,CMT8,74.80180053710937,10.78533,106.67029
2024-12-06 12:00:00+07:00,CMT8,52.33887513478597,10.78533,106.67029
2024-12-06 13:00:00+07:00,CMT8,42.8015832901001,10.78533,106.67029
2024-12-06 14:00:00+07:00,CMT8,33.6196665763855,10.78533,106.67029
2024-12-06 15:00:00+07:00,CMT8,25.266791502634685,10.78533,106.67029
2024-12-06 16:00:00+07:00,CMT8,20.158833185831707,10.78533,106.67029
2024-12-06 17:00:00+07:00,CMT8,27.129541714986164,10.78533,106.67029
2024-12-06 18:00:00+07:00,CMT8,33.197500228881836,10.78533,106.67029
2024-12-06 19:00:00+07:00,CMT8,31.717458724975586,10.78533,106.67029
2024-12-06 20:00:00+07:00,CMT8,22.525041739145916,10.78533,106.67029
2024-12-06 21:00:00+07:00,CMT8,17.025166749954224,10.78533,106.67029
2024-12-06 22:00:00+07:00,CMT8,16.651249885559082,10.78533,106.67029
2024-12-06 23:00:00+07:00,CMT8,23.941166877746582,10.78533,106.67029
2024-12-07 00:00:00+07:00,CMT8,32.49633280436198,10.78533,106.67029
2024-12-07 01:00:00+07:00,CMT8,32.802666982014976,10.78533,106.67029
2024-12-07 02:00:00+07:00,CMT8,30.96899954477946,10.78533,106.67029
2024-12-07 03:00:00+07:00,CMT8,21.9729585647583,10.78533,106.67029
2024-12-07 04:00:00+07:00,CMT8,30.273374875386555,10.78533,106.67029
2024-12-07 05:00:00+07:00,CMT8,56.12016741434733,10.78533,106.67029
2024-12-07 06:00:00+07:00,CMT8,33.10799996058146,10.78533,106.67029
2024-12-07 07:00:00+07:00,CMT8,39.68325010935465,10.78533,106.67029
2024-12-07 08:00:00+07:00,CMT8,46.24533335367838,10.78533,106.67029
2024-12-07 09:00:00+07:00,CMT8,50.59404182434082,10.78533,106.67029
2024-12-07 10:00:00+07:00,CMT8,46.52566655476888,10.78533,106.67029
2024-12-07 11:00:00+07:00,CMT8,33.34854173660278,10.78533,106.67029
2024-12-07 12:00:00+07:00,CMT8,33.6300417582194,10.78533,106.67029
2024-12-07 13:00:00+07:00,CMT8,25.467124938964844,10.78533,106.67029
2024-12-07 14:00:00+07:00,CMT8,21.727499961853027,10.78533,106.67029
2024-12-07 15:00:00+07:00,CMT8,24.7960418065389,10.78533,106.67029
2024-12-07 16:00:00+07:00,CMT8,33.475499947865806,10.78533,106.67029
2024-12-07 17:00:00+07:00,CMT8,31.88879156112671,10.78533,106.67029
2024-12-07 18:00:00+07:00,CMT8,36.4634157816569,10.78533,106.67029
2024-12-07 19:00:00+07:00,CMT8,40.44666703542074,10.78533,106.67029
2024-12-07 20:00:00+07:00,CMT8,42.338375091552734,10.78533,106.67029
2024-12-07 21:00:00+07:00,CMT8,52.14433352152506,10.78533,106.67029
2024-12-07 22:00:00+07:00,CMT8,51.835500399271645,10.78533,106.67029
2024-12-07 23:00:00+07:00,CMT8,47.756083170572914,10.78533,106.67029
2024-12-08 00:00:00+07:00,CMT8,50.87150033315023,10.78533,106.67029
2024-12-08 01:00:00+07:00,CMT8,68.52162488301595,10.78533,106.67029
2024-12-08 02:00:00+07:00,CMT8,33.076333363850914,10.78533,106.67029
2024-12-08 03:00:00+07:00,CMT8,27.544041633605957,10.78533,106.67029
2024-12-08 04:00:00+07:00,CMT8,17.787458260854084,10.78533,106.67029
2024-12-08 05:00:00+07:00,CMT8,24.778166611989338,10.78533,106.67029
2024-12-08 06:00:00+07:00,CMT8,33.28683312733968,10.78533,106.67029
2024-12-08 07:00:00+07:00,CMT8,22.97700023651123,10.78533,106.67029
2024-12-08 08:00:00+07:00,CMT8,20.94779173533122,10.78533,106.67029
2024-12-08 09:00:00+07:00,CMT8,25.70716667175293,10.78533,106.67029
2024-12-08 10:00:00+07:00,CMT8,25.902291615804035,10.78533,106.67029
2024-12-08 11:00:00+07:00,CMT8,21.26099983851115,10.78533,106.67029
2024-12-08 12:00:00+07:00,CMT8,21.913833300272625,10.78533,106.67029
2024-12-08 13:00:00+07:00,CMT8,21.76449998219808,10.78533,106.67029
2024-12-08 14:00:00+07:00,CMT8,21.379000027974445,10.78533,106.67029
2024-12-08 15:00:00+07:00,CMT8,22.49683364232381,10.78533,106.67029
2024-12-08 16:00:00+07:00,CMT8,15.819375117619833,10.78533,106.67029
2024-12-08 17:00:00+07:00,CMT8,20.750875155131023,10.78533,106.67029
2024-12-08 18:00:00+07:00,CMT8,33.154500007629395,10.78533,106.67029
2024-12-08 19:00:00+07:00,CMT8,33.500333309173584,10.78533,106.67029
2024-12-08 20:00:00+07:00,CMT8,18.849541505177815,10.78533,106.67029
2024-12-08 21:00:00+07:00,CMT8,7.002999981244405,10.78533,106.67029
2024-12-08 22:00:00+07:00,CMT8,9.18708336353302,10.78533,106.67029
2024-12-08 23:00:00+07:00,CMT8,14.804916779200235,10.78533,106.67029
2024-12-09 00:00:00+07:00,CMT8,16.133166631062824,10.78533,106.67029
2024-12-09 01:00:00+07:00,CMT8,19.108374913533527,10.78533,106.67029
2024-12-09 02:00:00+07:00,CMT8,21.755374987920124,10.78533,106.67029
2024-12-09 03:00:00+07:00,CMT8,13.715791781743368,10.78533,106.67029
2024-12-09 04:00:00+07:00,CMT8,10.030500014623007,10.78533,106.67029
2024-12-09 05:00:00+07:00,CMT8,10.674958308537802,10.78533,106.67029
2024-12-09 06:00:00+07:00,CMT8,12.282291571299234,10.78533,106.67029
2024-12-09 07:00:00+07:00,CMT8,13.12208334604899,10.78533,106.67029
2024-12-09 08:00:00+07:00,CMT8,13.350500027338663,10.78533,106.67029
2024-12-09 09:00:00+07:00,CMT8,17.014999787012737,10.78533,106.67029
2024-12-09 10:00:00+07:00,CMT8,25.079500039418537,10.78533,106.67029
2024-12-09 11:00:00+07:00,CMT8,27.845250288645428,10.78533,106.67029
2024-12-09 12:00:00+07:00,CMT8,24.497666358947754,10.78533,106.67029
2024-12-09 13:00:00+07:00,CMT8,25.71095848083496,10.78533,106.67029
2024-12-09 14:00:00+07:00,CMT8,28.307291666666668,10.78533,106.67029
2024-12-09 15:00:00+07:00,CMT8,25.943416595458984,10.78533,106.67029
2024-12-09 16:00:00+07:00,CMT8,26.221749941507976,10.78533,106.67029
2024-12-09 17:00:00+07:00,CMT8,33.79587491353353,10.78533,106.67029
2024-12-09 18:00:00+07:00,CMT8,37.00037479400635,10.78533,106.67029
2024-12-09 19:00:00+07:00,CMT8,29.55508327484131,10.78533,106.67029
2024-12-09 20:00:00+07:00,CMT8,29.27483336130778,10.78533,106.67029
2024-12-09 21:00:00+07:00,CMT8,23.369041601816814,10.78533,106.67029
2024-12-09 22:00:00+07:00,CMT8,25.683292071024578,10.78533,106.67029
2024-12-09 23:00:00+07:00,CMT8,31.314457893371582,10.78533,106.67029
2024-12-10 00:00:00+07:00,CMT8,26.726250171661377,10.78533,106.67029
2024-12-10 01:00:00+07:00,CMT8,26.428583304087322,10.78533,106.67029
2024-12-10 02:00:00+07:00,CMT8,29.572333653767902,10.78533,106.67029
2024-12-10 03:00:00+07:00,CMT8,29.68637482325236,10.78533,106.67029
2024-12-10 04:00:00+07:00,CMT8,31.82824977238973,10.78533,106.67029
2024-12-10 05:00:00+07:00,CMT8,33.713833491007485,10.78533,106.67029
2024-12-10 06:00:00+07:00,CMT8,33.673208236694336,10.78533,106.67029
2024-12-10 07:00:00+07:00,CMT8,40.47266674041748,10.78533,106.67029
2024-12-10 08:00:00+07:00,CMT8,44.1353333791097,10.78533,106.67029
2024-12-10 09:00:00+07:00,CMT8,45.52233346303304,10.78533,106.67029
2024-12-10 10:00:00+07:00,CMT8,30.858333428700764,10.78533,106.67029
2024-12-10 11:00:00+07:00,CMT8,25.455875078837078,10.78533,106.67029
2024-12-10 12:00:00+07:00,CMT8,21.295041640599568,10.78533,106.67029
2024-12-10 13:00:00+07:00,CMT8,13.190833330154419,10.78533,106.67029
2024-12-10 14:00:00+07:00,CMT8,6.407999952634175,10.78533,106.67029
2024-12-10 15:00:00+07:00,CMT8,5.905125061670939,10.78533,106.67029
2024-12-10 16:00:00+07:00,CMT8,12.62487498919169,10.78533,106.67029
2024-12-10 17:00:00+07:00,CMT8,21.22344446182251,10.78533,106.67029
2024-12-10 18:00:00+07:00,CMT8,18.43079153696696,10.78533,106.67029
2024-12-10 19:00:00+07:00,CMT8,21.1805001894633,10.78533,106.67029
2024-12-10 20:00:00+07:00,CMT8,26.071708520253498,10.78533,106.67029
2024-12-10 21:00:00+07:00,CMT8,24.591833273569744,10.78533,106.67029
2024-12-10 22:00:00+07:00,CMT8,23.274625142415363,10.78533,106.67029
2024-12-10 23:00:00+07:00,CMT8,25.546333471934002,10.78533,106.67029
2024-12-11 00:00:00+07:00,CMT8,26.741291840871174,10.78533,106.67029
2024-12-11 01:00:00+07:00,CMT8,30.704624970753986,10.78533,106.67029
2024-12-11 02:00:00+07:00,CMT8,33.42512480417887,10.78533,106.67029
2024-12-11 03:00:00+07:00,CMT8,30.954416275024414,10.78533,106.67029
2024-12-11 04:00:00+07:00,CMT8,33.63916635513306,10.78533,106.67029
2024-12-11 05:00:00+07:00,CMT8,36.29812494913737,10.78533,106.67029
2024-12-11 06:00:00+07:00,CMT8,38.713333447774254,10.78533,106.67029
2024-12-11 07:00:00+07:00,CMT8,38.0563751856486,10.78533,106.67029
2024-12-11 08:00:00+07:00,CMT8,39.66187540690104,10.78533,106.67029
2024-12-11 09:00:00+07:00,CMT8,34.3560004234314,10.78533,106.67029
2024-12-11 10:00:00+07:00,CMT8,25.54520845413208,10.78533,106.67029
2024-12-11 11:00:00+07:00,CMT8,29.031999905904133,10.78533,106.67029
2024-12-11 12:00:00+07:00,CMT8,33.24199946721395,10.78533,106.67029
2024-12-11 13:00:00+07:00,CMT8,35.630166371663414,10.78533,106.67029
2024-12-11 14:00:00+07:00,CMT8,41.667125384012856,10.78533,106.67029
2024-12-11 15:00:00+07:00,CMT8,42.077375729878746,10.78533,106.67029
2024-12-11 16:00:00+07:00,CMT8,38.91083367665609,10.78533,106.67029
2024-12-11 17:00:00+07:00,CMT8,36.91108322143555,10.78533,106.67029
2024-12-11 18:00:00+07:00,CMT8,42.73895867665609,10.78533,106.67029
2024-12-11 19:00:00+07:00,CMT8,55.66758346557617,10.78533,106.67029
2024-12-11 20:00:00+07:00,CMT8,54.15645821889242,10.78533,106.67029
2024-12-11 21:00:00+07:00,CMT8,61.15962441762289,10.78533,106.67029
2024-12-11 22:00:00+07:00,CMT8,83.71804110209148,10.78533,106.67029
2024-12-11 23:00:00+07:00,CMT8,74.06358273824056,10.78533,106.67029
2024-12-12 00:00:00+07:00,CMT8,75.91966692606609,10.78533,106.67029
2024-12-12 01:00:00+07:00,CMT8,79.82483418782552,10.78533,106.67029
2024-12-12 02:00:00+07:00,CMT8,97.9854170481364,10.78533,106.67029
2024-12-12 03:00:00+07:00,CMT8,114.28258260091145,10.78533,106.67029
2024-12-12 04:00:00+07:00,CMT8,104.91529146830241,10.78533,106.67029
2024-12-12 05:00:00+07:00,CMT8,77.84683291117351,10.78533,106.67029
2024-12-12 06:00:00+07:00,CMT8,67.06195831298828,10.78533,106.67029
2024-12-12 07:00:00+07:00,CMT8,75.24883270263672,10.78533,106.67029
2024-12-12 08:00:00+07:00,CMT8,85.3479995727539,10.78533,106.67029
2024-12-12 09:00:00+07:00,CMT8,86.47570864359538,10.78533,106.67029
2024-12-12 10:00:00+07:00,CMT8,70.68762588500977,10.78533,106.67029
2024-12-12 11:00:00+07:00,CMT8,48.71258354187012,10.78533,106.67029
2024-12-12 12:00:00+07:00,CMT8,33.86366653442383,10.78533,106.67029
2024-12-12 13:00:00+07:00,CMT8,14.803708155949911,10.78533,106.67029
2024-12-12 14:00:00+07:00,CMT8,13.819916725158691,10.78533,106.67029
2024-12-12 15:00:00+07:00,CMT8,8.668916742006937,10.78533,106.67029
2024-12-12 16:00:00+07:00,CMT8,8.116833249727884,10.78533,106.67029
2024-12-12 17:00:00+07:00,CMT8,17.721041599909466,10.78533,106.67029
2024-12-12 18:00:00+07:00,CMT8,39.84083342552185,10.78533,106.67029
2024-12-12 19:00:00+07:00,CMT8,24.646833260854084,10.78533,106.67029
2024-12-12 20:00:00+07:00,CMT8,21.14020824432373,10.78533,106.67029
2024-12-12 21:00:00+07:00,CMT8,21.585166613260906,10.78533,106.67029
2024-12-12 22:00:00+07:00,CMT8,20.75308354695638,10.78533,106.67029
2024-12-12 23:00:00+07:00,CMT8,26.5720001856486,10.78533,106.67029
2024-12-13 00:00:00+07:00,CMT8,33.85274998346964,10.78533,106.67029
2024-12-13 01:00:00+07:00,CMT8,41.521999994913735,10.78533,106.67029
2024-12-13 02:00:00+07:00,CMT8,61.74345842997233,10.78533,106.67029
2024-12-13 03:00:00+07:00,CMT8,75.31466674804688,10.78533,106.67029
2024-12-13 04:00:00+07:00,CMT8,75.05300013224284,10.78533,106.67029
2024-12-13 05:00:00+07:00,CMT8,73.546875,10.78533,106.67029
2024-12-13 06:00:00+07:00,CMT8,64.30125045776367,10.78533,106.67029
2024-12-13 07:00:00+07:00,CMT8,44.072624842325844,10.78533,106.67029
2024-12-13 08:00:00+07:00,CMT8,43.6254997253418,10.78533,106.67029
2024-12-13 09:00:00+07:00,CMT8,41.891832987467446,10.78533,106.67029
2024-12-13 10:00:00+07:00,CMT8,43.88808345794678,10.78533,106.67029
2024-12-13 11:00:00+07:00,CMT8,29.903583526611328,10.78533,106.67029
2024-12-13 12:00:00+07:00,CMT8,30.782583077748615,10.78533,106.67029
2024-12-13 13:00:00+07:00,CMT8,35.99165280659994,10.78533,106.67029
2024-12-13 14:00:00+07:00,CMT8,46.03920809427897,10.78533,106.67029
2024-12-13 15:00:00+07:00,CMT8,53.98415342966715,10.78533,106.67029
2024-12-13 16:00:00+07:00,CMT8,56.734666188557945,10.78533,106.67029
2024-12-13 17:00:00+07:00,CMT8,47.05337460835775,10.78533,106.67029
2024-12-13 18:00:00+07:00,CMT8,39.710777600606285,10.78533,106.67029
2024-12-13 19:00:00+07:00,CMT8,15.185916900634766,10.78533,106.67029
2024-12-13 20:00:00+07:00,CMT8,5.166666666666667,10.78533,106.67029
2024-12-13 21:00:00+07:00,CMT8,5.034958322842916,10.78533,106.67029
2024-12-13 22:00:00+07:00,CMT8,6.731208284695943,10.78533,106.67029
2024-12-13 23:00:00+07:00,CMT8,18.616499821345013,10.78533,106.67029
2024-12-14 00:00:00+07:00,CMT8,20.80312482515971,10.78533,106.67029
2024-12-14 01:00:00+07:00,CMT8,22.518750031789143,10.78533,106.67029
2024-12-14 02:00:00+07:00,CMT8,31.87783368428548,10.78533,106.67029
2024-12-14 03:00:00+07:00,CMT8,36.61050033569336,10.78533,106.67029
2024-12-14 04:00:00+07:00,CMT8,44.00329081217448,10.78533,106.67029
2024-12-14 05:00:00+07:00,CMT8,46.514000256856285,10.78533,106.67029
2024-12-14 06:00:00+07:00,CMT8,55.166416803995766,10.78533,106.67029
2024-12-14 07:00:00+07:00,CMT8,62.23316764831543,10.78533,106.67029
2024-12-14 08:00:00+07:00,CMT8,60.756250063578285,10.78533,106.67029
2024-12-14 09:00:00+07:00,CMT8,68.83187484741211,10.78533,106.67029
2024-12-14 10:00:00+07:00,CMT8,76.02274958292644,10.78533,106.67029
2024-12-14 11:00:00+07:00,CMT8,76.03033288319905,10.78533,106.67029
2024-12-14 12:00:00+07:00,CMT8,40.4238330523173,10.78533,106.67029
2024-12-14 13:00:00+07:00,CMT8,24.75654172897339,10.78533,106.67029
2024-12-14 14:00:00+07:00,CMT8,17.236916383107502,10.78533,106.67029
2024-12-14 15:00:00+07:00,CMT8,18.08833344777425,10.78533,106.67029
2024-12-14 16:00:00+07:00,CMT8,24.56287495295207,10.78533,106.67029
2024-12-14 17:00:00+07:00,CMT8,18.785083452860516,10.78533,106.67029
2024-12-14 18:00:00+07:00,CMT8,21.7271253267924,10.78533,106.67029
2024-12-14 19:00:00+07:00,CMT8,30.317166487375896,10.78533,106.67029
2024-12-14 20:00:00+07:00,CMT8,29.931291421254475,10.78533,106.67029
2024-12-14 21:00:00+07:00,CMT8,25.60087505976359,10.78533,106.67029
2024-12-14 22:00:00+07:00,CMT8,30.477083524068195,10.78533,106.67029
2024-12-14 23:00:00+07:00,CMT8,29.71066665649414,10.78533,106.67029
2024-12-15 00:00:00+07:00,CMT8,29.94962485631307,10.78533,106.67029
2024-12-15 01:00:00+07:00,CMT8,27.65945831934611,10.78533,106.67029
2024-12-15 02:00:00+07:00,CMT8,30.271124680836994,10.78533,106.67029
2024-12-15 03:00:00+07:00,CMT8,37.487208684285484,10.78533,106.67029
2024-12-15 04:00:00+07:00,CMT8,42.83666674296061,10.78533,106.67029
2024-12-15 05:00:00+07:00,CMT8,57.99341710408529,10.78533,106.67029
2024-12-15 06:00:00+07:00,CMT8,61.979291915893555,10.78533,106.67029
2024-12-15 07:00:00+07:00,CMT8,66.52262496948242,10.78533,106.67029
2024-12-15 08:00:00+07:00,CMT8,64.27991676330566,10.78533,106.67029
2024-12-15 09:00:00+07:00,CMT8,54.25070762634277,10.78533,106.67029
2024-12-15 10:00:00+07:00,CMT8,43.139292081197105,10.78533,106.67029
2024-12-15 11:00:00+07:00,CMT8,37.8822914759318,10.78533,106.67029
2024-12-15 12:00:00+07:00,CMT8,43.146416664123535,10.78533,106.67029
2024-12-15 13:00:00+07:00,CMT8,36.69512446721395,10.78533,106.67029
2024-12-15 14:00:00+07:00,CMT8,17.722333272298176,10.78533,106.67029
2024-12-15 15:00:00+07:00,CMT8,18.60729153951009,10.78533,106.67029
2024-12-15 16:00:00+07:00,CMT8,15.146833260854086,10.78533,106.67029
2024-12-15 17:00:00+07:00,CMT8,13.286916732788086,10.78533,106.67029
2024-12-15 18:00:00+07:00,CMT8,19.0884583791097,10.78533,106.67029
2024-12-15 19:00:00+07:00,CMT8,23.844666481018066,10.78533,106.67029
2024-12-15 20:00:00+07:00,CMT8,29.697708288828533,10.78533,106.67029
2024-12-15 21:00:00+07:00,CMT8,32.77958345413208,10.78533,106.67029
2024-12-15 22:00:00+07:00,CMT8,27.496958414713543,10.78533,106.67029
2024-12-15 23:00:00+07:00,CMT8,30.76258357365926,10.78533,106.67029
2024-12-16 00:00:00+07:00,CMT8,25.098666508992512,10.78533,106.67029
2024-12-16 01:00:00+07:00,CMT8,18.000499884287517,10.78533,106.67029
2024-12-16 02:00:00+07:00,CMT8,13.916249990463257,10.78533,106.67029
2024-12-16 03:00:00+07:00,CMT8,16.568416674931843,10.78533,106.67029
2024-12-16 04:00:00+07:00,CMT8,24.12820847829183,10.78533,106.67029
2024-12-16 05:00:00+07:00,CMT8,35.6476666132609,10.78533,106.67029
2024-12-16 06:00:00+07:00,CMT8,37.33733304341634,10.78533,106.67029
2024-12-16 07:00:00+07:00,CMT8,36.91366640726725,10.78533,106.67029
2024-12-16 08:00:00+07:00,CMT8,41.59545866648356,10.78533,106.67029
2024-12-16 09:00:00+07:00,CMT8,44.77145799001058,10.78533,106.67029
2024-12-16 10:00:00+07:00,CMT8,34.14899984995524,10.78533,106.67029
2024-12-16 11:00:00+07:00,CMT8,33.369667053222656,10.78533,106.67029
2024-12-16 12:00:00+07:00,CMT8,34.197500228881836,10.78533,106.67029
2024-12-16 13:00:00+07:00,CMT8,41.815208435058594,10.78533,106.67029
2024-12-16 14:00:00+07:00,CMT8,41.974666595458984,10.78533,106.67029
2024-12-16 15:00:00+07:00,CMT8,36.87937513987223,10.78533,106.67029
2024-12-16 16:00:00+07:00,CMT8,32.133458614349365,10.78533,106.67029
2024-12-16 17:00:00+07:00,CMT8,35.51391633351644,10.78533,106.67029
2024-12-16 18:00:00+07:00,CMT8,46.25779183705648,10.78533,106.67029
2024-12-17 04:00:00+07:00,CMT8,22.930133438110353,10.78533,106.67029
2024-12-17 05:00:00+07:00,CMT8,23.467875003814697,10.78533,106.67029
2024-12-17 06:00:00+07:00,CMT8,25.469208240509033,10.78533,106.67029
2024-12-17 07:00:00+07:00,CMT8,27.726625124613445,10.78533,106.67029
2024-12-17 08:00:00+07:00,CMT8,38.56412601470947,10.78533,106.67029
2024-12-17 09:00:00+07:00,CMT8,38.81012439727783,10.78533,106.67029
2024-12-17 10:00:00+07:00,CMT8,41.47816562652588,10.78533,106.67029
2024-12-17 11:00:00+07:00,CMT8,45.8100004196167,10.78533,106.67029
2024-12-17 12:00:00+07:00,CMT8,50.993208249409996,10.78533,106.67029
2024-12-17 13:00:00+07:00,CMT8,42.86316680908203,10.78533,106.67029
2024-12-17 14:00:00+07:00,CMT8,41.09166685740153,10.78533,106.67029
2024-12-17 15:00:00+07:00,CMT8,43.63624986012777,10.78533,106.67029
2024-12-17 16:00:00+07:00,CMT8,46.28641700744629,10.78533,106.67029
2024-12-17 17:00:00+07:00,CMT8,45.79254118601481,10.78533,106.67029
2024-12-17 18:00:00+07:00,CMT8,62.80595874786377,10.78533,106.67029
2024-12-17 19:00:00+07:00,CMT8,44.032541592915855,10.78533,106.67029
2024-12-17 20:00:00+07:00,CMT8,38.1025005976359,10.78533,106.67029
2024-12-17 21:00:00+07:00,CMT8,36.93512471516927,10.78533,106.67029
2024-12-17 22:00:00+07:00,CMT8,31.579624970753986,10.78533,106.67029
2024-12-17 23:00:00+07:00,CMT8,23.421958128611248,10.78533,106.67029
2024-12-18 00:00:00+07:00,CMT8,21.608874956766766,10.78533,106.67029
2024-12-18 01:00:00+07:00,CMT8,20.619333267211914,10.78533,106.67029
2024-12-18 02:00:00+07:00,CMT8,33.422041734059654,10.78533,106.67029
2024-12-18 03:00:00+07:00,CMT8,61.26625029246012,10.78533,106.67029
2024-12-18 04:00:00+07:00,CMT8,74.44920857747395,10.78533,106.67029
2024-12-18 05:00:00+07:00,CMT8,72.4606663386027,10.78533,106.67029
2024-12-18 06:00:00+07:00,CMT8,50.12841637929281,10.78533,106.67029
2024-12-18 07:00:00+07:00,CMT8,47.261708895365395,10.78533,106.67029
2024-12-18 08:00:00+07:00,CMT8,45.46616713205973,10.78533,106.67029
2024-12-18 09:00:00+07:00,CMT8,45.676666577657066,10.78533,106.67029
2024-12-18 10:00:00+07:00,CMT8,53.795291582743324,10.78533,106.67029
2024-12-18 11:00:00+07:00,CMT8,56.30825010935465,10.78533,106.67029
2024-12-18 12:00:00+07:00,CMT8,58.71737511952718,10.78533,106.67029
2024-12-18 13:00:00+07:00,CMT8,67.83866659800212,10.78533,106.67029
2024-12-18 14:00:00+07:00,CMT8,66.83487542470296,10.78533,106.67029
2024-12-18 15:00:00+07:00,CMT8,65.19387531280518,10.78533,106.67029
2024-12-18 16:00:00+07:00,CMT8,58.85337479909261,10.78533,106.67029
2024-12-18 17:00:00+07:00,CMT8,62.25800069173177,10.78533,106.67029
2024-12-18 18:00:00+07:00,CMT8,66.41933409372966,10.78533,106.67029
2024-12-18 19:00:00+07:00,CMT8,56.50754197438558,10.78533,106.67029
2024-12-18 20:00:00+07:00,CMT8,45.78808339436849,10.78533,106.67029
2024-12-18 21:00:00+07:00,CMT8,38.75308322906494,10.78533,106.67029
2024-12-18 22:00:00+07:00,CMT8,42.88825035095215,10.78533,106.67029
2024-12-18 23:00:00+07:00,CMT8,34.355499903361,10.78533,106.67029
2024-12-19 00:00:00+07:00,CMT8,41.59400018056234,10.78533,106.67029
2024-12-19 01:00:00+07:00,CMT8,45.263833363850914,10.78533,106.67029
2024-12-19 02:00:00+07:00,CMT8,41.03866688410441,10.78533,106.67029
2024-12-19 03:00:00+07:00,CMT8,25.150166511535645,10.78533,106.67029
2024-12-19 04:00:00+07:00,CMT8,21.51733334859212,10.78533,106.67029
2024-12-19 05:00:00+07:00,CMT8,19.106333414713543,10.78533,106.67029
2024-12-19 06:00:00+07:00,CMT8,23.927916526794434,10.78533,106.67029
2024-12-19 07:00:00+07:00,CMT8,30.741125265757244,10.78533,106.67029
2024-12-19 08:00:00+07:00,CMT8,36.547499656677246,10.78533,106.67029
2024-12-19 09:00:00+07:00,CMT8,33.43483336766561,10.78533,106.67029
2024-12-19 10:00:00+07:00,CMT8,26.489708423614502,10.78533,106.67029
2024-12-19 11:00:00+07:00,CMT8,32.25737492243449,10.78533,106.67029
2024-12-19 12:00:00+07:00,CMT8,31.664458115895588,10.78533,106.67029
2024-12-19 13:00:00+07:00,CMT8,39.43366654713949,10.78533,106.67029
2024-12-19 14:00:00+07:00,CMT8,35.60595862070719,10.78533,106.67029
2024-12-19 15:00:00+07:00,CMT8,30.108916600545246,10.78533,106.67029
2024-12-19 16:00:00+07:00,CMT8,27.665208339691162,10.78533,106.67029
2024-12-19 17:00:00+07:00,CMT8,30.01366647084554,10.78533,106.67029
2024-12-19 18:00:00+07:00,CMT8,33.22129170099894,10.78533,106.67029
2024-12-19 19:00:00+07:00,CMT8,43.692874590555824,10.78533,106.67029
2024-12-19 20:00:00+07:00,CMT8,38.34070841471354,10.78533,106.67029
2024-12-19 21:00:00+07:00,CMT8,37.9751672744751,10.78533,106.67029
2024-12-19 22:00:00+07:00,CMT8,39.34333356221517,10.78533,106.67029
2024-12-19 23:00:00+07:00,CMT8,46.7296667098999,10.78533,106.67029
2024-12-20 00:00:00+07:00,CMT8,39.9720827738444,10.78533,106.67029
2024-12-20 01:00:00+07:00,CMT8,25.180208524068195,10.78533,106.67029
2024-12-20 02:00:00+07:00,CMT8,22.997333526611328,10.78533,106.67029
2024-12-20 03:00:00+07:00,CMT8,23.388333479563396,10.78533,106.67029
2024-12-20 04:00:00+07:00,CMT8,22.48716656366984,10.78533,106.67029
2024-12-20 05:00:00+07:00,CMT8,27.027166684468586,10.78533,106.67029
2024-12-20 06:00:00+07:00,CMT8,34.71949974695841,10.78533,106.67029
2024-12-20 07:00:00+07:00,CMT8,42.00291728973389,10.78533,106.67029
2024-12-20 08:00:00+07:00,CMT8,41.10675017038981,10.78533,106.67029
2024-12-20 09:00:00+07:00,CMT8,43.22316678365072,10.78533,106.67029
2024-12-20 10:00:00+07:00,CMT8,44.49079163869222,10.78533,106.67029
2024-12-20 11:00:00+07:00,CMT8,47.62216663360596,10.78533,106.67029
2024-12-20 12:00:00+07:00,CMT8,61.647250175476074,10.78533,106.67029
2024-12-20 13:00:00+07:00,CMT8,68.51912530263265,10.78533,106.67029
2024-12-20 14:00:00+07:00,CMT8,62.98508358001709,10.78533,106.67029
2024-12-20 15:00:00+07:00,CMT8,66.0857499440511,10.78533,106.67029
2024-12-20 16:00:00+07:00,CMT8,68.43583234151204,10.78533,106.67029
2024-12-20 17:00:00+07:00,CMT8,85.5172487894694,10.78533,106.67029
2024-12-20 18:00:00+07:00,CMT8,61.656833012898765,10.78533,106.67029
2024-12-20 19:00:00+07:00,CMT8,28.72604163487752,10.78533,106.67029
2024-12-20 20:00:00+07:00,CMT8,27.583500067392986,10.78533,106.67029
2024-12-20 21:00:00+07:00,CMT8,27.136333147684734,10.78533,106.67029
2024-12-20 22:00:00+07:00,CMT8,29.00604184468587,10.78533,106.67029
2024-12-20 23:00:00+07:00,CMT8,29.0993750890096,10.78533,106.67029
2024-12-21 00:00:00+07:00,CMT8,28.058541615804035,10.78533,106.67029
2024-12-21 01:00:00+07:00,CMT8,25.983333428700764,10.78533,106.67029
2024-12-21 02:00:00+07:00,CMT8,27.537208080291748,10.78533,106.67029
2024-12-21 03:00:00+07:00,CMT8,58.45733229319254,10.78533,106.67029
2024-12-21 04:00:00+07:00,CMT8,47.48770840962728,10.78533,106.67029
2024-12-21 05:00:00+07:00,CMT8,52.1498753229777,10.78533,106.67029
2024-12-21 06:00:00+07:00,CMT8,55.130666414896645,10.78533,106.67029
2024-12-21 07:00:00+07:00,CMT8,52.320999463399254,10.78533,106.67029
2024-12-21 08:00:00+07:00,CMT8,58.753042221069336,10.78533,106.67029
2024-12-21 09:00:00+07:00,CMT8,63.5115000406901,10.78533,106.67029
2024-12-21 10:00:00+07:00,CMT8,63.45625019073486,10.78533,106.67029
2024-12-21 11:00:00+07:00,CMT8,58.497166315714516,10.78533,106.67029
2024-12-21 12:00:00+07:00,CMT8,56.64862505594889,10.78533,106.67029
2024-12-21 13:00:00+07:00,CMT8,61.6830841700236,10.78533,106.67029
2024-12-21 14:00:00+07:00,CMT8,56.88250001271566,10.78533,106.67029
2024-12-21 15:00:00+07:00,CMT8,65.95883305867513,10.78533,106.67029
2024-12-21 16:00:00+07:00,CMT8,69.17249997456868,10.78533,106.67029
2024-12-21 17:00:00+07:00,CMT8,66.82362333933513,10.78533,106.67029
2024-12-21 18:00:00+07:00,CMT8,69.63050079345703,10.78533,106.67029
2024-12-21 19:00:00+07:00,CMT8,67.49116643269856,10.78533,106.67029
2024-12-21 20:00:00+07:00,CMT8,51.83495807647705,10.78533,106.67029
2024-12-21 21:00:00+07:00,CMT8,72.63516585032146,10.78533,106.67029
2024-12-21 22:00:00+07:00,CMT8,58.23345820109049,10.78533,106.67029
2024-12-21 23:00:00+07:00,CMT8,55.30833339691162,10.78533,106.67029
2024-12-22 00:00:00+07:00,CMT8,62.776917457580566,10.78533,106.67029
2024-12-22 01:00:00+07:00,CMT8,70.81787554423015,10.78533,106.67029
2024-12-22 02:00:00+07:00,CMT8,60.37483342488607,10.78533,106.67029
2024-12-22 03:00:00+07:00,CMT8,59.94512462615967,10.78533,106.67029
2024-12-22 04:00:00+07:00,CMT8,41.11070919036865,10.78533,106.67029
2024-12-22 05:00:00+07:00,CMT8,44.009999910990395,10.78533,106.67029
2024-12-22 06:00:00+07:00,CMT8,44.99058310190836,10.78533,106.67029
2024-12-22 07:00:00+07:00,CMT8,36.056166330973305,10.78533,106.67029
2024-12-22 08:00:00+07:00,CMT8,34.844833056131996,10.78533,106.67029
2024-12-22 09:00:00+07:00,CMT8,38.664666493733726,10.78533,106.67029
2024-12-22 10:00:00+07:00,CMT8,41.44083340962728,10.78533,106.67029
2024-12-22 11:00:00+07:00,CMT8,48.403167406717934,10.78533,106.67029
2024-12-22 12:00:00+07:00,CMT8,53.12145805358887,10.78533,106.67029
2024-12-22 13:00:00+07:00,CMT8,54.324957847595215,10.78533,106.67029
2024-12-22 14:00:00+07:00,CMT8,51.85870869954427,10.78533,106.67029
2024-12-22 15:00:00+07:00,CMT8,58.955833435058594,10.78533,106.67029
2024-12-22 16:00:00+07:00,CMT8,57.22737471262614,10.78533,106.67029
2024-12-22 17:00:00+07:00,CMT8,46.66758314768473,10.78533,106.67029
2024-12-22 18:00:00+07:00,CMT8,42.47816721598307,10.78533,106.67029
2024-12-22 19:00:00+07:00,CMT8,40.29716650644938,10.78533,106.67029
2024-12-22 20:00:00+07:00,CMT8,46.70141728719076,10.78533,106.67029
2024-12-22 21:00:00+07:00,CMT8,47.56358337402344,10.78533,106.67029
2024-12-22 22:00:00+07:00,CMT8,50.78283278147379,10.78533,106.67029
2024-12-22 23:00:00+07:00,CMT8,48.17945830027262,10.78533,106.67029
2024-12-23 00:00:00+07:00,CMT8,43.78508313496908,10.78533,106.67029
2024-12-23 01:00:00+07:00,CMT8,38.98258304595947,10.78533,106.67029
2024-12-23 02:00:00+07:00,CMT8,40.24462477366129,10.78533,106.67029
2024-12-23 03:00:00+07:00,CMT8,41.66666634877523,10.78533,106.67029
2024-12-23 04:00:00+07:00,CMT8,42.01549975077311,10.78533,106.67029
2024-12-23 05:00:00+07:00,CMT8,44.69570827484131,10.78533,106.67029
2024-12-23 06:00:00+07:00,CMT8,46.55741628011068,10.78533,106.67029
2024-12-23 07:00:00+07:00,CMT8,46.9757916132609,10.78533,106.67029
2024-12-23 08:00:00+07:00,CMT8,49.69920857747396,10.78533,106.67029
2024-12-23 09:00:00+07:00,CMT8,58.521958669026695,10.78533,106.67029
2024-12-23 10:00:00+07:00,CMT8,50.03962516784668,10.78533,106.67029
2024-12-23 11:00:00+07:00,CMT8,43.796708742777504,10.78533,106.67029
2024-12-23 12:00:00+07:00,CMT8,36.08216667175293,10.78533,106.67029
2024-12-23 13:00:00+07:00,CMT8,59.000999768575035,10.78533,106.67029
2024-12-23 14:00:00+07:00,CMT8,53.93458366394043,10.78533,106.67029
2024-12-23 15:00:00+07:00,CMT8,35.2511248588562,10.78533,106.67029
2024-12-23 16:00:00+07:00,CMT8,32.13674974441528,10.78533,106.67029
2024-12-23 17:00:00+07:00,CMT8,35.46041679382324,10.78533,106.67029
2024-12-23 18:00:00+07:00,CMT8,42.120500246683754,10.78533,106.67029
2024-12-23 19:00:00+07:00,CMT8,45.05774974822998,10.78533,106.67029
2024-12-23 20:00:00+07:00,CMT8,45.17770799001058,10.78533,106.67029
2024-12-23 21:00:00+07:00,CMT8,44.812083880106606,10.78533,106.67029
2024-12-23 22:00:00+07:00,CMT8,43.09241644541422,10.78533,106.67029
2024-12-23 23:00:00+07:00,CMT8,41.356916745503746,10.78533,106.67029
2024-12-24 00:00:00+07:00,CMT8,42.46941693623861,10.78533,106.67029
2024-12-24 01:00:00+07:00,CMT8,26.47108332316081,10.78533,106.67029
2024-12-24 02:00:00+07:00,CMT8,33.36799955368042,10.78533,106.67029
2024-12-24 03:00:00+07:00,CMT8,28.91641680399577,10.78533,106.67029
2024-12-24 04:00:00+07:00,CMT8,19.506583372751873,10.78533,106.67029
2024-12-24 05:00:00+07:00,CMT8,27.492124716440838,10.78533,106.67029
2024-12-24 06:00:00+07:00,CMT8,34.64375019073486,10.78533,106.67029
2024-12-24 07:00:00+07:00,CMT8,33.57795794804891,10.78533,106.67029
2024-12-24 08:00:00+07:00,CMT8,31.66562493642171,10.78533,106.67029
2024-12-24 09:00:00+07:00,CMT8,26.0147918065389,10.78533,106.67029
2024-12-24 10:00:00+07:00,CMT8,22.364375114440918,10.78533,106.67029
2024-12-24 11:00:00+07:00,CMT8,12.28641668955485,10.78533,106.67029
2024-12-24 12:00:00+07:00,CMT8,15.559374968210856,10.78533,106.67029
2024-12-24 13:00:00+07:00,CMT8,15.445541699727377,10.78533,106.67029
2024-12-24 14:00:00+07:00,CMT8,10.748291492462158,10.78533,106.67029
2024-12-24 15:00:00+07:00,CMT8,8.512958407402039,10.78533,106.67029
2024-12-24 16:00:00+07:00,CMT8,10.080249945322672,10.78533,106.67029
2024-12-24 17:00:00+07:00,CMT8,14.42883308728536,10.78533,106.67029
2024-12-24 18:00:00+07:00,CMT8,19.50066677729289,10.78533,106.67029
2024-12-24 19:00:00+07:00,CMT8,23.973958333333332,10.78533,106.67029
2024-12-24 20:00:00+07:00,CMT8,32.28087457021078,10.78533,106.67029
2024-12-24 21:00:00+07:00,CMT8,30.359833081563313,10.78533,106.67029
2024-12-24 22:00:00+07:00,CMT8,17.632208426793415,10.78533,106.67029
2024-12-24 23:00:00+07:00,CMT8,17.147666533788044,10.78533,106.67029
2024-12-25 00:00:00+07:00,CMT8,17.609500249226887,10.78533,106.67029
2024-12-25 01:00:00+07:00,CMT8,12.966624975204468,10.78533,106.67029
2024-12-25 02:00:00+07:00,CMT8,13.593083302179972,10.78533,106.67029
2024-12-25 03:00:00+07:00,CMT8,15.68749992052714,10.78533,106.67029
2024-12-25 04:00:00+07:00,CMT8,15.082750082015991,10.78533,106.67029
2024-12-25 05:00:00+07:00,CMT8,14.681750059127808,10.78533,106.67029
2024-12-25 06:00:00+07:00,CMT8,15.166541655858358,10.78533,106.67029
2024-12-25 07:00:00+07:00,CMT8,17.960416475931805,10.78533,106.67029
2024-12-25 08:00:00+07:00,CMT8,24.622416814168293,10.78533,106.67029
2024-12-25 09:00:00+07:00,CMT8,15.627833286921183,10.78533,106.67029
2024-12-25 10:00:00+07:00,CMT8,12.582750002543131,10.78533,106.67029
2024-12-25 11:00:00+07:00,CMT8,10.985291679700216,10.78533,106.67029
2024-12-25 12:00:00+07:00,CMT8,8.832541664441427,10.78533,106.67029
2024-12-25 13:00:00+07:00,CMT8,9.18204172452291,10.78533,106.67029
2024-12-25 14:00:00+07:00,CMT8,9.986208279927572,10.78533,106.67029
2024-12-25 15:00:00+07:00,CMT8,11.272791783014933,10.78533,106.67029
2024-12-25 16:00:00+07:00,CMT8,10.15887482961019,10.78533,106.67029
2024-12-25 17:00:00+07:00,CMT8,9.61887502670288,10.78533,106.67029
2024-12-25 18:00:00+07:00,CMT8,11.09820826848348,10.78533,106.67029
2024-12-25 19:00:00+07:00,CMT8,13.430416742960611,10.78533,106.67029
2024-12-25 20:00:00+07:00,CMT8,14.841000080108643,10.78533,106.67029
2024-12-25 21:00:00+07:00,CMT8,15.837249994277954,10.78533,106.67029
2024-12-25 22:00:00+07:00,CMT8,16.42774987220764,10.78533,106.67029
2024-12-25 23:00:00+07:00,CMT8,15.571833372116089,10.78533,106.67029
2024-12-26 00:00:00+07:00,CMT8,15.030750036239624,10.78533,106.67029
2024-12-26 01:00:00+07:00,CMT8,18.923166433970135,10.78533,106.67029
2024-12-26 02:00:00+07:00,CMT8,23.95033327738444,10.78533,106.67029
2024-12-26 03:00:00+07:00,CMT8,24.632750352223713,10.78533,106.67029
2024-12-26 04:00:00+07:00,CMT8,23.785749912261963,10.78533,106.67029
2024-12-26 05:00:00+07:00,CMT8,28.27916653951009,10.78533,106.67029
2024-12-26 06:00:00+07:00,CMT8,31.662791570027668,10.78533,106.67029
2024-12-26 07:00:00+07:00,CMT8,39.324916203816734,10.78533,106.67029
2024-12-26 08:00:00+07:00,CMT8,43.79758326212565,10.78533,106.67029
2024-12-26 09:00:00+07:00,CMT8,47.65612538655599,10.78533,106.67029
2024-12-26 10:00:00+07:00,CMT8,44.1179993947347,10.78533,106.67029
2024-12-26 11:00:00+07:00,CMT8,51.27754147847494,10.78533,106.67029
2024-12-26 12:00:00+07:00,CMT8,47.62287425994873,10.78533,106.67029
2024-12-26 13:00:00+07:00,CMT8,39.13745848337809,10.78533,106.67029
2024-12-26 14:00:00+07:00,CMT8,25.883958339691162,10.78533,106.67029
2024-12-26 15:00:00+07:00,CMT8,20.969708283742268,10.78533,106.67029
2024-12-26 16:00:00+07:00,CMT8,19.043208440144856,10.78533,106.67029
2024-12-26 17:00:00+07:00,CMT8,14.034375031789144,10.78533,106.67029
2024-12-26 18:00:00+07:00,CMT8,20.061041673024494,10.78533,106.67029
2024-12-26 19:00:00+07:00,CMT8,20.98087485631307,10.78533,106.67029
2024-12-26 20:00:00+07:00,CMT8,25.220166842142742,10.78533,106.67029
2024-12-26 21:00:00+07:00,CMT8,27.762333234151203,10.78533,106.67029
2024-12-26 22:00:00+07:00,CMT8,23.764374891916912,10.78533,106.67029
2024-12-26 23:00:00+07:00,CMT8,18.313916603724163,10.78533,106.67029
2024-12-27 00:00:00+07:00,CMT8,18.58441686630249,10.78533,106.67029
2024-12-27 01:00:00+07:00,CMT8,21.478458404541016,10.78533,106.67029
2024-12-27 02:00:00+07:00,CMT8,25.632166703542072,10.78533,106.67029
2024-12-27 03:00:00+07:00,CMT8,29.89145851135254,10.78533,106.67029
2024-12-27 04:00:00+07:00,CMT8,30.32183313369751,10.78533,106.67029
2024-12-27 05:00:00+07:00,CMT8,31.218958695729572,10.78533,106.67029
2024-12-27 06:00:00+07:00,CMT8,31.82241662343343,10.78533,106.67029
2024-12-27 07:00:00+07:00,CMT8,36.722540855407715,10.78533,106.67029
2024-12-27 08:00:00+07:00,CMT8,36.83920860290527,10.78533,106.67029
2024-12-27 09:00:00+07:00,CMT8,49.284790674845375,10.78533,106.67029
2024-12-27 10:00:00+07:00,CMT8,75.82829157511394,10.78533,106.67029
2024-12-27 11:00:00+07:00,CMT8,66.76050090789795,10.78533,106.67029
2024-12-27 12:00:00+07:00,CMT8,52.556249936421715,10.78533,106.67029
2024-12-27 13:00:00+07:00,CMT8,47.83545811971029,10.78533,106.67029
2024-12-27 14:00:00+07:00,CMT8,46.73229185740153,10.78533,106.67029
2024-12-27 15:00:00+07:00,CMT8,48.160374323527016,10.78533,106.67029
2024-12-27 16:00:00+07:00,CMT8,29.98745807011922,10.78533,106.67029
2024-12-27 17:00:00+07:00,CMT8,17.44629168510437,10.78533,106.67029
2024-12-27 18:00:00+07:00,CMT8,8.442874948183695,10.78533,106.67029
2024-12-27 19:00:00+07:00,CMT8,9.556583285331726,10.78533,106.67029
2024-12-27 20:00:00+07:00,CMT8,10.866249998410543,10.78533,106.67029
2024-12-27 21:00:00+07:00,CMT8,20.54508328437805,10.78533,106.67029
2024-12-27 22:00:00+07:00,CMT8,29.25920820236206,10.78533,106.67029
2024-12-27 23:00:00+07:00,CMT8,34.111833254496254,10.78533,106.67029
2024-12-28 00:00:00+07:00,CMT8,29.16045840581258,10.78533,106.67029
2024-12-28 01:00:00+07:00,CMT8,34.88383309046427,10.78533,106.67029
2024-12-28 02:00:00+07:00,CMT8,37.55141639709473,10.78533,106.67029
2024-12-28 03:00:00+07:00,CMT8,39.64658292134603,10.78533,106.67029
2024-12-28 04:00:00+07:00,CMT8,39.299750645955406,10.78533,106.67029
2024-12-28 05:00:00+07:00,CMT8,39.755499839782715,10.78533,106.67029
2024-12-28 06:00:00+07:00,CMT8,42.4860413869222,10.78533,106.67029
2024-12-28 07:00:00+07:00,CMT8,64.05266698201497,10.78533,106.67029
2024-12-28 08:00:00+07:00,CMT8,76.38158416748047,10.78533,106.67029
2024-12-28 09:00:00+07:00,CMT8,91.30445798238118,10.78533,106.67029
2024-12-28 10:00:00+07:00,CMT8,103.05100059509277,10.78533,106.67029
2024-12-28 11:00:00+07:00,CMT8,97.23416709899902,10.78533,106.67029
2024-12-28 12:00:00+07:00,CMT8,89.91483370463054,10.78533,106.67029
2024-12-28 13:00:00+07:00,CMT8,36.23783302307129,10.78533,106.67029
2024-12-28 14:00:00+07:00,CMT8,32.62749973932902,10.78533,106.67029
2024-12-28 15:00:00+07:00,CMT8,40.22179158528646,10.78533,106.67029
2024-12-28 16:00:00+07:00,CMT8,44.43429152170817,10.78533,106.67029
2024-12-28 17:00:00+07:00,CMT8,42.88070805867513,10.78533,106.67029
2024-12-28 18:00:00+07:00,CMT8,23.221500237782795,10.78533,106.67029
2024-12-28 19:00:00+07:00,CMT8,39.32029239336649,10.78533,106.67029
2024-12-28 20:00:00+07:00,CMT8,23.044291575749714,10.78533,106.67029
2024-12-28 21:00:00+07:00,CMT8,19.463041464487713,10.78533,106.67029
2024-12-28 22:00:00+07:00,CMT8,28.01645803451538,10.78533,106.67029
2024-12-28 23:00:00+07:00,CMT8,42.81608295440674,10.78533,106.67029
2024-12-29 00:00:00+07:00,CMT8,44.87620830535889,10.78533,106.67029
2024-12-29 01:00:00+07:00,CMT8,24.00533326466878,10.78533,106.67029
2024-12-29 02:00:00+07:00,CMT8,16.51224986712138,10.78533,106.67029
2024-12-29 03:00:00+07:00,CMT8,10.647958358128866,10.78533,106.67029
2024-12-29 04:00:00+07:00,CMT8,12.148041725158691,10.78533,106.67029
2024-12-29 05:00:00+07:00,CMT8,17.030999739964802,10.78533,106.67029
2024-12-29 06:00:00+07:00,CMT8,18.035374879837036,10.78533,106.67029
2024-12-29 07:00:00+07:00,CMT8,16.69291639328003,10.78533,106.67029
2024-12-29 08:00:00+07:00,CMT8,16.741374890009563,10.78533,106.67029
2024-12-29 09:00:00+07:00,CMT8,15.623500108718872,10.78533,106.67029
2024-12-29 10:00:00+07:00,CMT8,18.131166855494182,10.78533,106.67029
2024-12-29 11:00:00+07:00,CMT8,21.506583213806152,10.78533,106.67029
2024-12-29 12:00:00+07:00,CMT8,22.06052764256795,10.78533,106.67029
2024-12-29 13:00:00+07:00,CMT8,19.359583139419556,10.78533,106.67029
2024-12-29 14:00:00+07:00,CMT8,15.058958292007446,10.78533,106.67029
2024-12-29 15:00:00+07:00,CMT8,14.437541723251343,10.78533,106.67029
2024-12-29 16:00:00+07:00,CMT8,14.432458400726318,10.78533,106.67029
2024-12-29 17:00:00+07:00,CMT8,21.89383316040039,10.78533,106.67029
2024-12-29 18:00:00+07:00,CMT8,25.34524965286255,10.78533,106.67029
2024-12-29 19:00:00+07:00,CMT8,20.86811097462972,10.78533,106.67029
2024-12-29 20:00:00+07:00,CMT8,20.794569333394367,10.78533,106.67029
2024-12-29 21:00:00+07:00,CMT8,23.356249650319416,10.78533,106.67029
2024-12-29 22:00:00+07:00,CMT8,21.96150016784668,10.78533,106.67029
2024-12-29 23:00:00+07:00,CMT8,20.866666475931805,10.78533,106.67029
2024-12-30 00:00:00+07:00,CMT8,22.383124987284344,10.78533,106.67029
2024-12-30 01:00:00+07:00,CMT8,26.452041784922283,10.78533,106.67029
2024-12-30 02:00:00+07:00,CMT8,28.065958340962727,10.78533,106.67029
2024-12-30 03:00:00+07:00,CMT8,34.75358327229818,10.78533,106.67029
2024-12-30 04:00:00+07:00,CMT8,38.672666231791176,10.78533,106.67029
2024-12-30 05:00:00+07:00,CMT8,32.000208059946694,10.78533,106.67029
2024-12-30 06:00:00+07:00,CMT8,29.872416655222576,10.78533,106.67029
2024-12-30 07:00:00+07:00,CMT8,36.25487470626831,10.78533,106.67029
2024-12-30 08:00:00+07:00,CMT8,44.97816753387451,10.78533,106.67029
2024-12-30 09:00:00+07:00,CMT8,49.879499753316246,10.78533,106.67029
2024-12-30 10:00:00+07:00,CMT8,52.6007080078125,10.78533,106.67029
2024-12-30 11:00:00+07:00,CMT8,51.08629163106283,10.78533,106.67029
2024-12-30 12:00:00+07:00,CMT8,54.48808320363363,10.78533,106.67029
2024-12-30 13:00:00+07:00,CMT8,66.19316673278809,10.78533,106.67029
2024-12-30 14:00:00+07:00,CMT8,60.155749003092446,10.78533,106.67029
2024-12-30 15:00:00+07:00,CMT8,46.83862495422363,10.78533,106.67029
2024-12-30 16:00:00+07:00,CMT8,41.389708836873375,10.78533,106.67029
2024-12-30 17:00:00+07:00,CMT8,39.42279179890951,10.78533,106.67029
2024-12-30 18:00:00+07:00,CMT8,39.595083236694336,10.78533,106.67029
2024-12-30 19:00:00+07:00,CMT8,45.64954217274984,10.78533,106.67029
2024-12-30 20:00:00+07:00,CMT8,45.09658336639404,10.78533,106.67029
2024-12-30 21:00:00+07:00,CMT8,44.715415954589844,10.78533,106.67029
2024-12-30 22:00:00+07:00,CMT8,49.72316646575928,10.78533,106.67029
2024-12-30 23:00:00+07:00,CMT8,51.15645790100098,10.78533,106.67029
2024-12-31 00:00:00+07:00,CMT8,47.321916580200195,10.78533,106.67029
2024-12-31 01:00:00+07:00,CMT8,44.78875001271566,10.78533,106.67029
2024-12-31 02:00:00+07:00,CMT8,37.58999983469645,10.78533,106.67029
2024-12-31 03:00:00+07:00,CMT8,34.1883331934611,10.78533,106.67029
2024-12-31 04:00:00+07:00,CMT8,35.46845849355062,10.78533,106.67029
2024-12-31 05:00:00+07:00,CMT8,40.95866711934408,10.78533,106.67029
2024-12-31 06:00:00+07:00,CMT8,46.52491569519043,10.78533,106.67029
2024-12-31 07:00:00+07:00,CMT8,48.24612522125244,10.78533,106.67029
2024-12-31 08:00:00+07:00,CMT8,57.4327081044515,10.78533,106.67029
2024-12-31 09:00:00+07:00,CMT8,59.56045881907145,10.78533,106.67029
2024-12-31 10:00:00+07:00,CMT8,72.56062571207683,10.78533,106.67029
2024-12-31 11:00:00+07:00,CMT8,90.12291590372722,10.78533,106.67029
2024-12-31 12:00:00+07:00,CMT8,90.26020812988281,10.78533,106.67029
2024-12-31 13:00:00+07:00,CMT8,76.20324961344402,10.78533,106.67029
2024-12-31 14:00:00+07:00,CMT8,55.50141684214274,10.78533,106.67029
2024-12-31 15:00:00+07:00,CMT8,50.20795885721842,10.78533,106.67029
2024-12-31 16:00:00+07:00,CMT8,38.387541929880776,10.78533,106.67029
2024-12-31 17:00:00+07:00,CMT8,16.423375129699707,10.78533,106.67029
2024-12-31 18:00:00+07:00,CMT8,15.311291615168253,10.78533,106.67029
2024-12-31 19:00:00+07:00,CMT8,13.32925001780192,10.78533,106.67029
2024-12-31 20:00:00+07:00,CMT8,25.77791730562846,10.78533,106.67029
2024-12-31 21:00:00+07:00,CMT8,11.587083339691162,10.78533,106.67029
2024-12-31 22:00:00+07:00,CMT8,11.952958345413208,10.78533,106.67029
2024-12-31 23:00:00+07:00,CMT8,11.845583279927572,10.78533,106.67029
2025-01-01 00:00:00+07:00,CMT8,12.792916615804037,10.78533,106.67029
2025-01-01 01:00:00+07:00,CMT8,17.265833536783855,10.78533,106.67029
2025-01-01 02:00:00+07:00,CMT8,19.989208221435547,10.78533,106.67029
2025-01-01 03:00:00+07:00,CMT8,19.78695821762085,10.78533,106.67029
2025-01-01 04:00:00+07:00,CMT8,23.095958550771076,10.78533,106.67029
2025-01-01 05:00:00+07:00,CMT8,23.614500045776367,10.78533,106.67029
2025-01-01 06:00:00+07:00,CMT8,28.317500114440918,10.78533,106.67029
2025-01-01 07:00:00+07:00,CMT8,19.982374986012776,10.78533,106.67029
2025-01-01 08:00:00+07:00,CMT8,28.75575002034505,10.78533,106.67029
2025-01-01 09:00:00+07:00,CMT8,30.015999794006348,10.78533,106.67029
2025-01-01 10:00:00+07:00,CMT8,32.93404165903727,10.78533,106.67029
2025-01-01 11:00:00+07:00,CMT8,39.09070841471354,10.78533,106.67029
2025-01-01 12:00:00+07:00,CMT8,57.78004137674967,10.78533,106.67029
2025-01-01 13:00:00+07:00,CMT8,48.68220869700114,10.78533,106.67029
2025-01-01 14:00:00+07:00,CMT8,43.07295767466227,10.78533,106.67029
2025-01-01 15:00:00+07:00,CMT8,40.33758417765299,10.78533,106.67029
2025-01-01 16:00:00+07:00,CMT8,40.83929252624512,10.78533,106.67029
2025-01-01 17:00:00+07:00,CMT8,36.70554161071777,10.78533,106.67029
2025-01-01 18:00:00+07:00,CMT8,42.7324587504069,10.78533,106.67029
2025-01-01 19:00:00+07:00,CMT8,50.27404181162516,10.78533,106.67029
2025-01-01 20:00:00+07:00,CMT8,61.5058339436849,10.78533,106.67029
2025-01-01 21:00:00+07:00,CMT8,58.588375091552734,10.78533,106.67029
2025-01-01 22:00:00+07:00,CMT8,74.22420819600423,10.78533,106.67029
2025-01-01 23:00:00+07:00,CMT8,75.51966603597005,10.78533,106.67029
2025-01-02 00:00:00+07:00,CMT8,52.43074989318848,10.78533,106.67029
2025-01-02 01:00:00+07:00,CMT8,54.8579994837443,10.78533,106.67029
2025-01-02 02:00:00+07:00,CMT8,40.49745877583822,10.78533,106.67029
2025-01-02 03:00:00+07:00,CMT8,34.14970795313517,10.78533,106.67029
2025-01-02 04:00:00+07:00,CMT8,39.69766616821289,10.78533,106.67029
2025-01-02 05:00:00+07:00,CMT8,40.874000231424965,10.78533,106.67029
2025-01-02 06:00:00+07:00,CMT8,35.7089589436849,10.78533,106.67029
2025-01-02 07:00:00+07:00,CMT8,40.63012536366781,10.78533,106.67029
2025-01-02 08:00:00+07:00,CMT8,45.37058353424072,10.78533,106.67029
2025-01-02 09:00:00+07:00,CMT8,61.77979119618734,10.78533,106.67029
2025-01-02 10:00:00+07:00,CMT8,71.2142505645752,10.78533,106.67029
2025-01-02 11:00:00+07:00,CMT8,80.4543342590332,10.78533,106.67029
2025-01-02 12:00:00+07:00,CMT8,75.30487632751465,10.78533,106.67029
2025-01-02 13:00:00+07:00,CMT8,56.628542264302574,10.78533,106.67029
2025-01-02 14:00:00+07:00,CMT8,57.32616647084554,10.78533,106.67029
2025-01-02 15:00:00+07:00,CMT8,63.61537551879883,10.78533,106.67029
2025-01-02 16:00:00+07:00,CMT8,63.69570763905843,10.78533,106.67029
2025-01-02 17:00:00+07:00,CMT8,62.926958084106445,10.78533,106.67029
2025-01-02 18:00:00+07:00,CMT8,60.94541676839193,10.78533,106.67029
2025-01-02 19:00:00+07:00,CMT8,60.5147918065389,10.78533,106.67029
2025-01-02 20:00:00+07:00,CMT8,88.36229228973389,10.78533,106.67029
2025-01-02 21:00:00+07:00,CMT8,81.28183237711589,10.78533,106.67029
2025-01-02 22:00:00+07:00,CMT8,73.08625030517578,10.78533,106.67029
2025-01-02 23:00:00+07:00,CMT8,55.465291341145836,10.78533,106.67029
2025-01-03 00:00:00+07:00,CMT8,60.11720816294352,10.78533,106.67029
2025-01-03 01:00:00+07:00,CMT8,62.84862486521403,10.78533,106.67029
2025-01-03 02:00:00+07:00,CMT8,60.02420870463053,10.78533,106.67029
2025-01-03 03:00:00+07:00,CMT8,56.40941588083903,10.78533,106.67029
2025-01-03 04:00:00+07:00,CMT8,57.49370797475179,10.78533,106.67029
2025-01-03 05:00:00+07:00,CMT8,35.88491662343343,10.78533,106.67029
2025-01-03 06:00:00+07:00,CMT8,27.192041714986164,10.78533,106.67029
2025-01-03 07:00:00+07:00,CMT8,18.508416652679443,10.78533,106.67029
2025-01-03 08:00:00+07:00,CMT8,27.350333213806152,10.78533,106.67029
2025-01-03 09:00:00+07:00,CMT8,31.225375334421795,10.78533,106.67029
2025-01-03 10:00:00+07:00,CMT8,29.878666400909424,10.78533,106.67029
2025-01-03 11:00:00+07:00,CMT8,34.731791178385414,10.78533,106.67029
2025-01-03 12:00:00+07:00,CMT8,42.373666763305664,10.78533,106.67029
2025-01-03 13:00:00+07:00,CMT8,38.00920804341634,10.78533,106.67029
2025-01-03 14:00:00+07:00,CMT8,32.240333557128906,10.78533,106.67029
2025-01-03 15:00:00+07:00,CMT8,20.62274980545044,10.78533,106.67029
2025-01-03 16:00:00+07:00,CMT8,13.635791619618734,10.78533,106.67029
2025-01-03 17:00:00+07:00,CMT8,16.401333173116047,10.78533,106.67029
2025-01-03 18:00:00+07:00,CMT8,20.892791748046875,10.78533,106.67029
2025-01-03 19:00:00+07:00,CMT8,26.25833336512248,10.78533,106.67029
2025-01-03 20:00:00+07:00,CMT8,54.677791913350426,10.78533,106.67029
2025-01-03 21:00:00+07:00,CMT8,38.82495832443237,10.78533,106.67029
2025-01-03 22:00:00+07:00,CMT8,12.71779171625773,10.78533,106.67029
2025-01-03 23:00:00+07:00,CMT8,12.468000094095865,10.78533,106.67029
2025-01-04 00:00:00+07:00,CMT8,9.775458335876465,10.78533,106.67029
2025-01-04 01:00:00+07:00,CMT8,12.316833337148031,10.78533,106.67029
2025-01-04 02:00:00+07:00,CMT8,14.679874976476034,10.78533,106.67029
2025-01-04 03:00:00+07:00,CMT8,14.986583471298218,10.78533,106.67029
2025-01-04 04:00:00+07:00,CMT8,19.32425006230672,10.78533,106.67029
2025-01-04 05:00:00+07:00,CMT8,27.38545815149943,10.78533,106.67029
2025-01-04 06:00:00+07:00,CMT8,34.85158348083496,10.78533,106.67029
2025-01-04 07:00:00+07:00,CMT8,36.585334142049156,10.78533,106.67029
2025-01-04 08:00:00+07:00,CMT8,38.94545873006185,10.78533,106.67029
2025-01-04 09:00:00+07:00,CMT8,42.998833656311035,10.78533,106.67029
2025-01-04 10:00:00+07:00,CMT8,37.38025093078613,10.78533,106.67029
2025-01-04 11:00:00+07:00,CMT8,43.05591678619385,10.78533,106.67029
2025-01-04 12:00:00+07:00,CMT8,47.14079189300537,10.78533,106.67029
2025-01-04 13:00:00+07:00,CMT8,50.0437920888265,10.78533,106.67029
2025-01-04 14:00:00+07:00,CMT8,48.564249992370605,10.78533,106.67029
2025-01-04 15:00:00+07:00,CMT8,55.16950003306071,10.78533,106.67029
2025-01-04 16:00:00+07:00,CMT8,68.02500025431316,10.78533,106.67029
2025-01-04 17:00:00+07:00,CMT8,70.25095876057942,10.78533,106.67029
2025-01-04 18:00:00+07:00,CMT8,67.18929227193196,10.78533,106.67029
2025-01-04 19:00:00+07:00,CMT8,81.32495816548665,10.78533,106.67029
2025-01-04 20:00:00+07:00,CMT8,79.88999875386556,10.78533,106.67029
2025-01-04 21:00:00+07:00,CMT8,51.5889581044515,10.78533,106.67029
2025-01-04 22:00:00+07:00,CMT8,38.59758313496908,10.78533,106.67029
2025-01-04 23:00:00+07:00,CMT8,34.5870418548584,10.78533,106.67029
2025-01-05 00:00:00+07:00,CMT8,38.52875010172526,10.78533,106.67029
2025-01-05 01:00:00+07:00,CMT8,37.87099965413412,10.78533,106.67029
2025-01-05 02:00:00+07:00,CMT8,41.103708585103355,10.78533,106.67029
2025-01-05 03:00:00+07:00,CMT8,40.512832959493004,10.78533,106.67029
2025-01-05 04:00:00+07:00,CMT8,49.34479204813639,10.78533,106.67029
2025-01-05 05:00:00+07:00,CMT8,63.62291749318441,10.78533,106.67029
2025-01-05 06:00:00+07:00,CMT8,70.70841534932454,10.78533,106.67029
2025-01-05 07:00:00+07:00,CMT8,70.88191731770833,10.78533,106.67029
2025-01-05 08:00:00+07:00,CMT8,59.153916358947754,10.78533,106.67029
2025-01-05 09:00:00+07:00,CMT8,68.25895849863689,10.78533,106.67029
2025-01-05 10:00:00+07:00,CMT8,67.8546241124471,10.78533,106.67029
2025-01-05 11:00:00+07:00,CMT8,59.969916343688965,10.78533,106.67029
2025-01-05 12:00:00+07:00,CMT8,65.76245880126953,10.78533,106.67029
2025-01-05 13:00:00+07:00,CMT8,64.42933305104573,10.78533,106.67029
2025-01-05 14:00:00+07:00,CMT8,51.05437469482422,10.78533,106.67029
2025-01-05 15:00:00+07:00,CMT8,49.82237529754639,10.78533,106.67029
2025-01-05 16:00:00+07:00,CMT8,38.53287490208944,10.78533,106.67029
2025-01-05 17:00:00+07:00,CMT8,36.5775416692098,10.78533,106.67029
2025-01-05 18:00:00+07:00,CMT8,37.035582860310875,10.78533,106.67029
2025-01-05 19:00:00+07:00,CMT8,42.213541666666664,10.78533,106.67029
2025-01-05 20:00:00+07:00,CMT8,53.5022087097168,10.78533,106.67029
2025-01-05 21:00:00+07:00,CMT8,59.28395779927572,10.78533,106.67029
2025-01-05 22:00:00+07:00,CMT8,43.17095788319906,10.78533,106.67029
2025-01-05 23:00:00+07:00,CMT8,35.004916191101074,10.78533,106.67029
2025-01-06 00:00:00+07:00,CMT8,32.35229158401489,10.78533,106.67029
2025-01-06 01:00:00+07:00,CMT8,26.355416774749756,10.78533,106.67029
2025-01-06 02:00:00+07:00,CMT8,25.50850025812785,10.78533,106.67029
2025-01-06 03:00:00+07:00,CMT8,25.013375123341877,10.78533,106.67029
2025-01-06 04:00:00+07:00,CMT8,25.539428983415878,10.78533,106.67029
2025-01-06 06:00:00+07:00,CMT8,69.5409999847412,10.78533,106.67029
2025-01-06 07:00:00+07:00,CMT8,71.18712552388509,10.78533,106.67029
2025-01-06 08:00:00+07:00,CMT8,68.68225034077962,10.78533,106.67029
2025-01-06 09:00:00+07:00,CMT8,88.43341636657715,10.78533,106.67029
2025-01-06 10:00:00+07:00,CMT8,71.91258398691814,10.78533,106.67029
2025-01-06 11:00:00+07:00,CMT8,58.05724970499674,10.78533,106.67029
2025-01-06 12:00:00+07:00,CMT8,46.69212500254313,10.78533,106.67029
2025-01-06 13:00:00+07:00,CMT8,46.50220807393392,10.78533,106.67029
2025-01-06 14:00:00+07:00,CMT8,49.84629090627035,10.78533,106.67029
2025-01-06 15:00:00+07:00,CMT8,47.47887452443441,10.78533,106.67029
2025-01-06 16:00:00+07:00,CMT8,49.59783331553141,10.78533,106.67029
2025-01-06 17:00:00+07:00,CMT8,48.155666987101235,10.78533,106.67029
2025-01-06 18:00:00+07:00,CMT8,64.5143330891927,10.78533,106.67029
2025-01-06 19:00:00+07:00,CMT8,68.00483417510986,10.78533,106.67029
2025-01-06 20:00:00+07:00,CMT8,70.63983408610027,10.78533,106.67029
2025-01-06 21:00:00+07:00,CMT8,71.27116711934407,10.78533,106.67029
2025-01-06 22:00:00+07:00,CMT8,36.94175020853678,10.78533,106.67029
2025-01-07 06:00:00+07:00,CMT8,76.64786356145686,10.78533,106.67029
2025-01-07 07:00:00+07:00,CMT8,104.96862411499023,10.78533,106.67029
2025-01-07 08:00:00+07:00,CMT8,116.59850120544434,10.78533,106.67029
2025-01-07 09:00:00+07:00,CMT8,169.19387435913086,10.78533,106.67029
2025-01-07 10:00:00+07:00,CMT8,164.70137659708658,10.78533,106.67029
2025-01-07 15:00:00+07:00,CMT8,56.11699962615967,10.78533,106.67029
2025-01-07 16:00:00+07:00,CMT8,55.12358411153158,10.78533,106.67029
2025-01-07 17:00:00+07:00,CMT8,52.37862491607666,10.78533,106.67029
2025-01-07 18:00:00+07:00,CMT8,47.182750384012856,10.78533,106.67029
2025-01-07 19:00:00+07:00,CMT8,47.451833724975586,10.78533,106.67029
2025-01-07 20:00:00+07:00,CMT8,45.01341565450033,10.78533,106.67029
2025-01-07 21:00:00+07:00,CMT8,28.17579158147176,10.78533,106.67029
2025-01-07 23:00:00+07:00,CMT8,24.442416667938232,10.78533,106.67029
2025-01-08 00:00:00+07:00,CMT8,29.15275001525879,10.78533,106.67029
2025-01-08 01:00:00+07:00,CMT8,33.56633392969767,10.78533,106.67029
2025-01-08 02:00:00+07:00,CMT8,34.124124685923256,10.78533,106.67029
2025-01-08 03:00:00+07:00,CMT8,35.64133326212565,10.78533,106.67029
2025-01-08 04:00:00+07:00,CMT8,37.42945861816406,10.78533,106.67029
2025-01-08 05:00:00+07:00,CMT8,41.98737462361654,10.78533,106.67029
2025-01-08 06:00:00+07:00,CMT8,74.13412539164226,10.78533,106.67029
2025-01-08 07:00:00+07:00,CMT8,108.91674995422363,10.78533,106.67029
2025-01-08 08:00:00+07:00,CMT8,103.2195421854655,10.78533,106.67029
2025-01-08 09:00:00+07:00,CMT8,75.02145830790202,10.78533,106.67029
2025-01-08 11:00:00+07:00,CMT8,65.576416015625,10.78533,106.67029
2025-01-08 12:00:00+07:00,CMT8,70.26708348592122,10.78533,106.67029
2025-01-08 13:00:00+07:00,CMT8,80.44358317057292,10.78533,106.67029
2025-01-08 14:00:00+07:00,CMT8,88.21487553914388,10.78533,106.67029
2025-01-08 15:00:00+07:00,CMT8,72.30141671498616,10.78533,106.67029
2025-01-08 16:00:00+07:00,CMT8,54.29654184977213,10.78533,106.67029
2025-01-08 17:00:00+07:00,CMT8,60.1405413945516,10.78533,106.67029
2025-01-08 18:00:00+07:00,CMT8,44.273749669392906,10.78533,106.67029
2025-01-08 19:00:00+07:00,CMT8,37.042625427246094,10.78533,106.67029
2025-01-08 20:00:00+07:00,CMT8,33.3398756980896,10.78533,106.67029
2025-01-08 21:00:00+07:00,CMT8,34.834333419799805,10.78533,106.67029
2025-01-08 22:00:00+07:00,CMT8,29.166958173116047,10.78533,106.67029
2025-01-08 23:00:00+07:00,CMT8,34.56983359654745,10.78533,106.67029
2025-01-09 00:00:00+07:00,CMT8,33.09095811843872,10.78533,106.67029
2025-01-09 01:00:00+07:00,CMT8,34.09883324305216,10.78533,106.67029
2025-01-09 02:00:00+07:00,CMT8,36.94741694132487,10.78533,106.67029
2025-01-09 03:00:00+07:00,CMT8,38.44541645050049,10.78533,106.67029
2025-01-09 04:00:00+07:00,CMT8,41.76429144541422,10.78533,106.67029
2025-01-09 05:00:00+07:00,CMT8,47.13224951426188,10.78533,106.67029
2025-01-09 06:00:00+07:00,CMT8,58.81149991353353,10.78533,106.67029
2025-01-09 07:00:00+07:00,CMT8,63.736666679382324,10.78533,106.67029
2025-01-09 08:00:00+07:00,CMT8,57.88441689809164,10.78533,106.67029
2025-01-09 09:00:00+07:00,CMT8,62.66137504577637,10.78533,106.67029
2025-01-09 10:00:00+07:00,CMT8,78.46520805358887,10.78533,106.67029
2025-01-09 11:00:00+07:00,CMT8,59.263416608174644,10.78533,106.67029
2025-01-09 12:00:00+07:00,CMT8,53.74283345540365,10.78533,106.67029
2025-01-09 13:00:00+07:00,CMT8,50.60508314768473,10.78533,106.67029
2025-01-09 14:00:00+07:00,CMT8,49.01974964141846,10.78533,106.67029
2025-01-09 16:00:00+07:00,CMT8,52.97920799255371,10.78533,106.67029
2025-01-09 17:00:00+07:00,CMT8,54.40270837148031,10.78533,106.67029
2025-01-09 18:00:00+07:00,CMT8,50.8317502339681,10.78533,106.67029
2025-01-09 19:00:00+07:00,CMT8,50.09241644541422,10.78533,106.67029
2025-01-09 20:00:00+07:00,CMT8,55.89479192097982,10.78533,106.67029
2025-01-09 21:00:00+07:00,CMT8,70.25220743815105,10.78533,106.67029
2025-01-09 22:00:00+07:00,CMT8,49.50383345286051,10.78533,106.67029
2025-01-09 23:00:00+07:00,CMT8,37.97616704305013,10.78533,106.67029
2025-01-10 00:00:00+07:00,CMT8,45.357625325520836,10.78533,106.67029
2025-01-10 01:00:00+07:00,CMT8,54.30537478129069,10.78533,106.67029
2025-01-10 02:00:00+07:00,CMT8,46.71487553914388,10.78533,106.67029
2025-01-10 03:00:00+07:00,CMT8,43.452666918436684,10.78533,106.67029
2025-01-10 04:00:00+07:00,CMT8,43.73975022633871,10.78533,106.67029
2025-01-10 05:00:00+07:00,CMT8,50.13866678873698,10.78533,106.67029
2025-01-10 06:00:00+07:00,CMT8,63.942124684651695,10.78533,106.67029
2025-01-10 07:00:00+07:00,CMT8,90.78758303324382,10.78533,106.67029
2025-01-10 08:00:00+07:00,CMT8,108.12287584940593,10.78533,106.67029
2025-01-10 09:00:00+07:00,CMT8,48.45191669464111,10.78533,106.67029
2025-01-10 10:00:00+07:00,CMT8,47.40879154205322,10.78533,106.67029
2025-01-10 11:00:00+07:00,CMT8,55.799041430155434,10.78533,106.67029
2025-01-10 12:00:00+07:00,CMT8,58.68383312225342,10.78533,106.67029
2025-01-10 13:00:00+07:00,CMT8,63.5939998626709,10.78533,106.67029
2025-01-10 14:00:00+07:00,CMT8,65.8856242497762,10.78533,106.67029
2025-01-10 15:00:00+07:00,CMT8,63.196791648864746,10.78533,106.67029
2025-01-10 16:00:00+07:00,CMT8,59.21099980672201,10.78533,106.67029
2025-01-10 17:00:00+07:00,CMT8,60.622291564941406,10.78533,106.67029
2025-01-10 18:00:00+07:00,CMT8,55.99774996439616,10.78533,106.67029
2025-01-10 19:00:00+07:00,CMT8,31.752958297729492,10.78533,106.67029
2025-01-10 20:00:00+07:00,CMT8,29.820708751678467,10.78533,106.67029
2025-01-10 21:00:00+07:00,CMT8,35.74895826975504,10.78533,106.67029
2025-01-10 22:00:00+07:00,CMT8,24.030333518981934,10.78533,106.67029
2025-01-10 23:00:00+07:00,CMT8,28.664083162943523,10.78533,106.67029
2025-01-11 00:00:00+07:00,CMT8,28.69433339436849,10.78533,106.67029
2025-01-11 01:00:00+07:00,CMT8,32.183624585469566,10.78533,106.67029
2025-01-11 02:00:00+07:00,CMT8,35.472541173299156,10.78533,106.67029
2025-01-11 03:00:00+07:00,CMT8,34.073083559672035,10.78533,106.67029
2025-01-11 04:00:00+07:00,CMT8,32.052541732788086,10.78533,106.67029
2025-01-11 05:00:00+07:00,CMT8,31.320666790008545,10.78533,106.67029
2025-01-11 06:00:00+07:00,CMT8,36.07800006866455,10.78533,106.67029
2025-01-11 07:00:00+07:00,CMT8,40.699042002360024,10.78533,106.67029
2025-01-11 08:00:00+07:00,CMT8,51.0103333791097,10.78533,106.67029
2025-01-11 09:00:00+07:00,CMT8,49.54454199473063,10.78533,106.67029
2025-01-11 10:00:00+07:00,CMT8,40.81149959564209,10.78533,106.67029
2025-01-11 11:00:00+07:00,CMT8,43.36916700998942,10.78533,106.67029
2025-01-11 12:00:00+07:00,CMT8,42.350666999816895,10.78533,106.67029
2025-01-11 13:00:00+07:00,CMT8,33.72437524795532,10.78533,106.67029
2025-01-11 14:00:00+07:00,CMT8,26.02495829264323,10.78533,106.67029
2025-01-11 18:00:00+07:00,CMT8,19.277416706085205,10.78533,106.67029
2025-01-11 19:00:00+07:00,CMT8,38.663708527882896,10.78533,106.67029
2025-01-11 20:00:00+07:00,CMT8,40.94937547047933,10.78533,106.67029
2025-01-11 21:00:00+07:00,CMT8,18.627583265304565,10.78533,106.67029
2025-01-11 22:00:00+07:00,CMT8,13.521875143051147,10.78533,106.67029
2025-01-11 23:00:00+07:00,CMT8,16.07083336512248,10.78533,106.67029
2025-01-12 07:00:00+07:00,CMT8,28.749958515167236,10.78533,106.67029
2025-01-12 08:00:00+07:00,CMT8,36.51458326975504,10.78533,106.67029
2025-01-12 09:00:00+07:00,CMT8,38.07916704813639,10.78533,106.67029
2025-01-14 00:00:00+07:00,CMT8,70.03704261779785,10.78533,106.67029
2025-01-14 01:00:00+07:00,CMT8,61.75658289591471,10.78533,106.67029
2025-01-14 02:00:00+07:00,CMT8,67.10470771789551,10.78533,106.67029
2025-01-14 03:00:00+07:00,CMT8,70.1517505645752,10.78533,106.67029
2025-01-14 04:00:00+07:00,CMT8,72.50854237874348,10.78533,106.67029
2025-01-14 05:00:00+07:00,CMT8,88.27029228210449,10.78533,106.67029
2025-01-14 06:00:00+07:00,CMT8,99.50433286031087,10.78533,106.67029
2025-02-12 01:00:00+07:00,CMT8,25.515416463216145,10.78533,106.67029
2025-02-12 02:00:00+07:00,CMT8,29.51362482706706,10.78533,106.67029
2025-02-12 03:00:00+07:00,CMT8,21.624791463216145,10.78533,106.67029
2025-02-12 04:00:00+07:00,CMT8,20.821680863698322,10.78533,106.67029
2025-02-12 05:00:00+07:00,CMT8,23.52693748474121,10.78533,106.67029
2025-02-12 06:00:00+07:00,CMT8,37.406363400545985,10.78533,106.67029
2025-02-12 07:00:00+07:00,CMT8,36.12966696421305,10.78533,106.67029
2025-02-12 08:00:00+07:00,CMT8,33.98254140218099,10.78533,106.67029
2025-02-12 09:00:00+07:00,CMT8,39.12729136149088,10.78533,106.67029
2025-02-12 10:00:00+07:00,CMT8,44.995583852132164,10.78533,106.67029
2025-02-12 11:00:00+07:00,CMT8,55.71199989318848,10.78533,106.67029
2025-02-12 12:00:00+07:00,CMT8,61.8948335647583,10.78533,106.67029
2025-02-12 13:00:00+07:00,CMT8,73.19508234659831,10.78533,106.67029
2025-02-12 14:00:00+07:00,CMT8,75.88754208882649,10.78533,106.67029
2025-02-12 15:00:00+07:00,CMT8,72.24201393127441,10.78533,106.67029
2025-02-12 16:00:00+07:00,CMT8,66.29595851898193,10.78533,106.67029
2025-02-12 17:00:00+07:00,CMT8,54.88437557220459,10.78533,106.67029
2025-02-12 18:00:00+07:00,CMT8,54.31762504577637,10.78533,106.67029
2025-02-12 19:00:00+07:00,CMT8,41.39099947611491,10.78533,106.67029
2025-02-12 20:00:00+07:00,CMT8,36.2056245803833,10.78533,106.67029
2025-02-12 21:00:00+07:00,CMT8,32.869208335876465,10.78533,106.67029
2025-02-12 22:00:00+07:00,CMT8,36.93481953938802,10.78533,106.67029
2025-02-12 23:00:00+07:00,CMT8,38.138999938964844,10.78533,106.67029
2025-02-13 00:00:00+07:00,CMT8,35.8258326848348,10.78533,106.67029
2025-02-13 01:00:00+07:00,CMT8,34.22383335658482,10.78533,106.67029
2025-02-13 03:00:00+07:00,CMT8,29.35656960805257,10.78533,106.67029
2025-02-13 04:00:00+07:00,CMT8,22.11674992243449,10.78533,106.67029
2025-02-13 05:00:00+07:00,CMT8,15.37049969037374,10.78533,106.67029
2025-02-13 06:00:00+07:00,CMT8,19.98391644159953,10.78533,106.67029
2025-02-13 07:00:00+07:00,CMT8,20.95354127883911,10.78533,106.67029
2025-02-13 08:00:00+07:00,CMT8,13.778833389282227,10.78533,106.67029
2025-02-13 09:00:00+07:00,CMT8,13.516249974568685,10.78533,106.67029
2025-02-13 10:00:00+07:00,CMT8,16.817083438237507,10.78533,106.67029
2025-02-13 11:00:00+07:00,CMT8,24.142499844233196,10.78533,106.67029
2025-02-13 12:00:00+07:00,CMT8,20.544291973114014,10.78533,106.67029
2025-02-13 13:00:00+07:00,CMT8,32.43780533472697,10.78533,106.67029
2025-02-13 14:00:00+07:00,CMT8,45.93379211425781,10.78533,106.67029
2025-02-13 15:00:00+07:00,CMT8,48.404375076293945,10.78533,106.67029
2025-02-13 16:00:00+07:00,CMT8,42.4191255569458,10.78533,106.67029
2025-02-13 17:00:00+07:00,CMT8,32.510708491007485,10.78533,106.67029
2025-02-13 18:00:00+07:00,CMT8,26.956124623616535,10.78533,106.67029
2025-02-13 19:00:00+07:00,CMT8,26.40487511952718,10.78533,106.67029
2025-02-13 20:00:00+07:00,CMT8,28.0820418993632,10.78533,106.67029
2025-02-13 21:00:00+07:00,CMT8,28.660125255584717,10.78533,106.67029
2025-02-13 22:00:00+07:00,CMT8,26.245166619618733,10.78533,106.67029
2025-02-13 23:00:00+07:00,CMT8,27.93420871098836,10.78533,106.67029
2025-02-14 00:00:00+07:00,CMT8,31.388458569844563,10.78533,106.67029
2025-02-14 01:00:00+07:00,CMT8,32.28122202555338,10.78533,106.67029
2025-02-14 02:00:00+07:00,CMT8,30.47624969482422,10.78533,106.67029
2025-02-14 03:00:00+07:00,CMT8,35.3058336575826,10.78533,106.67029
2025-02-14 04:00:00+07:00,CMT8,33.167749881744385,10.78533,106.67029
2025-02-14 05:00:00+07:00,CMT8,32.75595792134603,10.78533,106.67029
2025-02-14 06:00:00+07:00,CMT8,36.63062540690104,10.78533,106.67029
2025-02-14 07:00:00+07:00,CMT8,35.4781239827474,10.78533,106.67029
2025-02-14 08:00:00+07:00,CMT8,34.59991645812988,10.78533,106.67029
2025-02-14 09:00:00+07:00,CMT8,37.9422082901001,10.78533,106.67029
2025-02-14 10:00:00+07:00,CMT8,39.30620765686035,10.78533,106.67029
2025-02-14 11:00:00+07:00,CMT8,44.517250061035156,10.78533,106.67029
2025-02-14 12:00:00+07:00,CMT8,47.49933306376139,10.78533,106.67029
2025-02-14 13:00:00+07:00,CMT8,50.01041603088379,10.78533,106.67029
2025-02-14 14:00:00+07:00,CMT8,53.34754149119059,10.78533,106.67029
2025-02-14 15:00:00+07:00,CMT8,62.59199937184652,10.78533,106.67029
2025-02-14 16:00:00+07:00,CMT8,66.70975049336751,10.78533,106.67029
2025-02-14 17:00:00+07:00,CMT8,64.72716744740804,10.78533,106.67029
2025-02-14 18:00:00+07:00,CMT8,55.40933354695638,10.78533,106.67029
2025-02-14 19:00:00+07:00,CMT8,72.17073599497478,10.78533,106.67029
2025-02-14 20:00:00+07:00,CMT8,42.744917233784996,10.78533,106.67029
2025-02-15 21:00:00+07:00,CMT8,45.1221669514974,10.78533,106.67029
2025-02-15 22:00:00+07:00,CMT8,36.40333286921183,10.78533,106.67029
2025-02-15 23:00:00+07:00,CMT8,26.575458367665608,10.78533,106.67029
2025-02-16 00:00:00+07:00,CMT8,18.048875252405804,10.78533,106.67029
2025-02-16 01:00:00+07:00,CMT8,17.214333534240723,10.78533,106.67029
2025-02-16 02:00:00+07:00,CMT8,15.212416648864746,10.78533,106.67029
2025-02-16 03:00:00+07:00,CMT8,12.431958278020224,10.78533,106.67029
2025-02-16 04:00:00+07:00,CMT8,15.214791536331177,10.78533,106.67029
2025-02-16 05:00:00+07:00,CMT8,18.96133327484131,10.78533,106.67029
2025-02-16 06:00:00+07:00,CMT8,22.651166915893555,10.78533,106.67029
2025-02-16 07:00:00+07:00,CMT8,29.189791838328045,10.78533,106.67029
2025-02-16 08:00:00+07:00,CMT8,36.17650032043457,10.78533,106.67029
2025-02-16 09:00:00+07:00,CMT8,60.95804182688395,10.78533,106.67029
2025-02-16 10:00:00+07:00,CMT8,58.122458140055336,10.78533,106.67029
2025-02-16 11:00:00+07:00,CMT8,50.732625325520836,10.78533,106.67029
2025-02-16 12:00:00+07:00,CMT8,56.15904172261556,10.78533,106.67029
2025-02-16 13:00:00+07:00,CMT8,59.76743836836381,10.78533,106.67029
2025-02-16 14:00:00+07:00,CMT8,57.64366753896078,10.78533,106.67029
2025-02-16 15:00:00+07:00,CMT8,50.946332931518555,10.78533,106.67029
2025-02-16 16:00:00+07:00,CMT8,51.554457664489746,10.78533,106.67029
2025-02-16 17:00:00+07:00,CMT8,40.45837529500326,10.78533,106.67029
2025-02-16 18:00:00+07:00,CMT8,33.27299960454305,10.78533,106.67029
2025-02-16 19:00:00+07:00,CMT8,38.247249921162926,10.78533,106.67029
2025-02-16 20:00:00+07:00,CMT8,33.12987486521403,10.78533,106.67029
2025-02-16 21:00:00+07:00,CMT8,24.042208353678387,10.78533,106.67029
2025-02-16 22:00:00+07:00,CMT8,17.319916645685833,10.78533,106.67029
2025-02-16 23:00:00+07:00,CMT8,17.407708326975506,10.78533,106.67029
2025-02-17 00:00:00+07:00,CMT8,11.232958475748697,10.78533,106.67029
2025-02-17 01:00:00+07:00,CMT8,8.46120830376943,10.78533,106.67029
2025-02-17 02:00:00+07:00,CMT8,9.036333362261454,10.78533,106.67029
2025-02-17 03:00:00+07:00,CMT8,15.226791461308798,10.78533,106.67029
2025-02-17 04:00:00+07:00,CMT8,18.33145809173584,10.78533,106.67029
2025-02-17 05:00:00+07:00,CMT8,22.41937494277954,10.78533,106.67029
2025-02-17 06:00:00+07:00,CMT8,31.026333173116047,10.78533,106.67029
2025-02-17 07:00:00+07:00,CMT8,35.91758314768473,10.78533,106.67029
2025-02-17 08:00:00+07:00,CMT8,36.017916679382324,10.78533,106.67029
2025-02-17 09:00:00+07:00,CMT8,41.67700068155924,10.78533,106.67029
2025-02-17 10:00:00+07:00,CMT8,48.87812455495199,10.78533,106.67029
2025-02-17 11:00:00+07:00,CMT8,43.187958081563316,10.78533,106.67029
2025-02-17 12:00:00+07:00,CMT8,58.66029198964437,10.78533,106.67029
2025-02-17 13:00:00+07:00,CMT8,57.48662535349528,10.78533,106.67029
2025-02-17 14:00:00+07:00,CMT8,58.11299991607666,10.78533,106.67029
2025-02-17 15:00:00+07:00,CMT8,52.66083304087321,10.78533,106.67029
2025-02-17 16:00:00+07:00,CMT8,60.15808359781901,10.78533,106.67029
2025-02-17 17:00:00+07:00,CMT8,45.34420839945475,10.78533,106.67029
2025-02-17 18:00:00+07:00,CMT8,30.635124842325848,10.78533,106.67029
2025-02-17 19:00:00+07:00,CMT8,26.682416756947834,10.78533,106.67029
2025-02-17 20:00:00+07:00,CMT8,20.40454165140788,10.78533,106.67029
2025-02-17 21:00:00+07:00,CMT8,22.009417057037354,10.78533,106.67029
2025-02-17 22:00:00+07:00,CMT8,22.31925042470296,10.78533,106.67029
2025-02-17 23:00:00+07:00,CMT8,14.598000129063925,10.78533,106.67029
2025-02-18 00:00:00+07:00,CMT8,17.36283302307129,10.78533,106.67029
2025-02-18 01:00:00+07:00,CMT8,17.99904155731201,10.78533,106.67029
2025-02-18 02:00:00+07:00,CMT8,20.56137498219808,10.78533,106.67029
2025-02-18 03:00:00+07:00,CMT8,21.93012460072835,10.78533,106.67029
2025-02-18 04:00:00+07:00,CMT8,24.323833147684734,10.78533,106.67029
2025-02-18 05:00:00+07:00,CMT8,30.124541600545246,10.78533,106.67029
2025-02-18 06:00:00+07:00,CMT8,36.807291666666664,10.78533,106.67029
2025-02-18 07:00:00+07:00,CMT8,44.73466650644938,10.78533,106.67029
2025-02-18 08:00:00+07:00,CMT8,50.77054182688395,10.78533,106.67029
2025-02-18 09:00:00+07:00,CMT8,62.50791645050049,10.78533,106.67029
2025-02-18 10:00:00+07:00,CMT8,78.12591616312663,10.78533,106.67029
2025-02-18 11:00:00+07:00,CMT8,88.11641693115234,10.78533,106.67029
2025-02-18 12:00:00+07:00,CMT8,91.39583269755046,10.78533,106.67029
2025-02-18 13:00:00+07:00,CMT8,70.53566710154216,10.78533,106.67029
2025-02-18 14:00:00+07:00,CMT8,61.32875029246012,10.78533,106.67029
2025-02-18 15:00:00+07:00,CMT8,60.9556245803833,10.78533,106.67029
2025-02-18 16:00:00+07:00,CMT8,54.12137508392334,10.78533,106.67029
2025-02-18 17:00:00+07:00,CMT8,32.950833320617676,10.78533,106.67029
2025-02-18 18:00:00+07:00,CMT8,27.168541590372723,10.78533,106.67029
2025-02-18 19:00:00+07:00,CMT8,30.287333329518635,10.78533,106.67029
2025-02-18 20:00:00+07:00,CMT8,36.451666831970215,10.78533,106.67029
2025-02-18 21:00:00+07:00,CMT8,35.96829160054525,10.78533,106.67029
2025-02-18 22:00:00+07:00,CMT8,33.41329177220663,10.78533,106.67029
2025-02-18 23:00:00+07:00,CMT8,29.62345822652181,10.78533,106.67029
2025-02-19 00:00:00+07:00,CMT8,44.294333140055336,10.78533,106.67029
2025-02-19 01:00:00+07:00,CMT8,84.28466606140137,10.78533,106.67029
2025-02-19 02:00:00+07:00,CMT8,79.2581672668457,10.78533,106.67029
2025-02-19 03:00:00+07:00,CMT8,97.24195861816406,10.78533,106.67029
2025-02-19 04:00:00+07:00,CMT8,82.4365406036377,10.78533,106.67029
2025-02-19 05:00:00+07:00,CMT8,71.52170944213867,10.78533,106.67029
2025-02-19 06:00:00+07:00,CMT8,65.41200002034505,10.78533,106.67029
2025-02-19 07:00:00+07:00,CMT8,71.36554177602132,10.78533,106.67029
2025-02-19 08:00:00+07:00,CMT8,56.26216665903727,10.78533,106.67029
2025-02-19 09:00:00+07:00,CMT8,60.69424978892008,10.78533,106.67029
2025-02-19 10:00:00+07:00,CMT8,76.775208791097,10.78533,106.67029
2025-02-19 11:00:00+07:00,CMT8,72.87970860799153,10.78533,106.67029
2025-02-19 12:00:00+07:00,CMT8,77.40691566467285,10.78533,106.67029
2025-02-19 13:00:00+07:00,CMT8,110.38787587483723,10.78533,106.67029
2025-02-19 14:00:00+07:00,CMT8,103.63383293151855,10.78533,106.67029
2025-02-19 15:00:00+07:00,CMT8,86.8965409596761,10.78533,106.67029
2025-02-19 16:00:00+07:00,CMT8,72.77049891153972,10.78533,106.67029
2025-02-19 17:00:00+07:00,CMT8,40.92712561289469,10.78533,106.67029
2025-02-19 18:00:00+07:00,CMT8,32.25137503941854,10.78533,106.67029
2025-02-19 19:00:00+07:00,CMT8,32.93624973297119,10.78533,106.67029
2025-02-19 20:00:00+07:00,CMT8,26.848250071207683,10.78533,106.67029
2025-02-19 21:00:00+07:00,CMT8,23.382458368937176,10.78533,106.67029
2025-02-19 22:00:00+07:00,CMT8,17.81416654586792,10.78533,106.67029
2025-02-19 23:00:00+07:00,CMT8,21.497958342234295,10.78533,106.67029
2025-02-20 00:00:00+07:00,CMT8,42.110541661580406,10.78533,106.67029
2025-02-20 01:00:00+07:00,CMT8,40.68616644541422,10.78533,106.67029
2025-02-20 02:00:00+07:00,CMT8,30.720958073933918,10.78533,106.67029
2025-02-20 03:00:00+07:00,CMT8,32.24883302052816,10.78533,106.67029
2025-02-20 04:00:00+07:00,CMT8,42.255249977111816,10.78533,106.67029
2025-02-20 05:00:00+07:00,CMT8,88.45045884450276,10.78533,106.67029
2025-02-20 06:00:00+07:00,CMT8,97.13437461853027,10.78533,106.67029
2025-02-20 07:00:00+07:00,CMT8,79.9614995320638,10.78533,106.67029
2025-02-20 08:00:00+07:00,CMT8,70.39337539672852,10.78533,106.67029
2025-02-20 09:00:00+07:00,CMT8,59.34083271026611,10.78533,106.67029
2025-02-20 10:00:00+07:00,CMT8,54.623541831970215,10.78533,106.67029
2025-02-20 11:00:00+07:00,CMT8,51.1283327738444,10.78533,106.67029
2025-02-20 12:00:00+07:00,CMT8,47.18416659037272,10.78533,106.67029
2025-02-20 13:00:00+07:00,CMT8,46.58199977874756,10.78533,106.67029
2025-02-20 14:00:00+07:00,CMT8,47.83416716257731,10.78533,106.67029
2025-02-20 15:00:00+07:00,CMT8,44.77466678619385,10.78533,106.67029
2025-02-20 16:00:00+07:00,CMT8,43.309791564941406,10.78533,106.67029
2025-02-20 17:00:00+07:00,CMT8,42.93704160054525,10.78533,106.67029
2025-02-20 18:00:00+07:00,CMT8,35.72912470499674,10.78533,106.67029
2025-02-20 19:00:00+07:00,CMT8,35.27320877710978,10.78533,106.67029
2025-02-20 20:00:00+07:00,CMT8,30.90999968846639,10.78533,106.67029
2025-02-20 21:00:00+07:00,CMT8,31.430750052134197,10.78533,106.67029
2025-02-20 22:00:00+07:00,CMT8,32.175041834513344,10.78533,106.67029
2025-02-20 23:00:00+07:00,CMT8,31.167458375295002,10.78533,106.67029
2025-02-21 00:00:00+07:00,CMT8,25.63224999109904,10.78533,106.67029
2025-02-21 01:00:00+07:00,CMT8,27.12958335876465,10.78533,106.67029
2025-02-21 02:00:00+07:00,CMT8,32.947165966033936,10.78533,106.67029
2025-02-21 03:00:00+07:00,CMT8,37.60304228464762,10.78533,106.67029
2025-02-21 04:00:00+07:00,CMT8,36.38479137420654,10.78533,106.67029
2025-02-21 05:00:00+07:00,CMT8,37.88091627756754,10.78533,106.67029
2025-02-21 06:00:00+07:00,CMT8,39.58087476094564,10.78533,106.67029
2025-02-21 07:00:00+07:00,CMT8,39.23054186503092,10.78533,106.67029
2025-02-21 08:00:00+07:00,CMT8,35.33162498474121,10.78533,106.67029
2025-02-21 09:00:00+07:00,CMT8,27.350791454315186,10.78533,106.67029
2025-02-21 10:00:00+07:00,CMT8,26.129374980926514,10.78533,106.67029
2025-02-21 11:00:00+07:00,CMT8,27.89162524541219,10.78533,106.67029
2025-02-21 12:00:00+07:00,CMT8,30.03916645050049,10.78533,106.67029
2025-02-21 13:00:00+07:00,CMT8,31.039207935333252,10.78533,106.67029
2025-02-21 14:00:00+07:00,CMT8,24.400166670481365,10.78533,106.67029
2025-02-21 15:00:00+07:00,CMT8,25.516542116800945,10.78533,106.67029
2025-02-21 16:00:00+07:00,CMT8,24.059707959493,10.78533,106.67029
2025-02-21 17:00:00+07:00,CMT8,26.80329179763794,10.78533,106.67029
2025-02-21 18:00:00+07:00,CMT8,26.487625122070312,10.78533,106.67029
2025-02-21 19:00:00+07:00,CMT8,24.29354174931844,10.78533,106.67029
2025-02-21 20:00:00+07:00,CMT8,17.33001399040222,10.78533,106.67029
2025-02-21 21:00:00+07:00,CMT8,28.622958024342854,10.78533,106.67029
2025-02-21 22:00:00+07:00,CMT8,34.69029156366984,10.78533,106.67029
2025-02-21 23:00:00+07:00,CMT8,24.155208428700764,10.78533,106.67029
2025-02-22 00:00:00+07:00,CMT8,47.12500031789144,10.78533,106.67029
2025-02-22 01:00:00+07:00,CMT8,49.286333084106445,10.78533,106.67029
2025-02-22 02:00:00+07:00,CMT8,46.14150015513102,10.78533,106.67029
2025-02-22 03:00:00+07:00,CMT8,52.95795853932699,10.78533,106.67029
2025-02-22 04:00:00+07:00,CMT8,52.70858287811279,10.78533,106.67029
2025-02-22 05:00:00+07:00,CMT8,58.25237560272217,10.78533,106.67029
2025-02-22 06:00:00+07:00,CMT8,54.361708323160805,10.78533,106.67029
2025-02-22 07:00:00+07:00,CMT8,55.287333488464355,10.78533,106.67029
2025-02-22 08:00:00+07:00,CMT8,78.75149949391682,10.78533,106.67029
2025-02-22 09:00:00+07:00,CMT8,120.18445905049641,10.78533,106.67029
2025-02-22 10:00:00+07:00,CMT8,136.21295674641928,10.78533,106.67029
2025-02-22 11:00:00+07:00,CMT8,128.33062616984049,10.78533,106.67029
2025-02-22 12:00:00+07:00,CMT8,100.33216540018718,10.78533,106.67029
2025-02-22 13:00:00+07:00,CMT8,93.79883321126302,10.78533,106.67029
2025-02-22 14:00:00+07:00,CMT8,66.1255407333374,10.78533,106.67029
2025-02-22 15:00:00+07:00,CMT8,47.780666987101235,10.78533,106.67029
2025-02-22 16:00:00+07:00,CMT8,35.667125384012856,10.78533,106.67029
2025-02-22 17:00:00+07:00,CMT8,35.36679140726725,10.78533,106.67029
2025-02-22 18:00:00+07:00,CMT8,38.724583307902016,10.78533,106.67029
2025-02-22 19:00:00+07:00,CMT8,36.73362509409586,10.78533,106.67029
2025-02-22 20:00:00+07:00,CMT8,40.51033401489258,10.78533,106.67029
2025-02-22 21:00:00+07:00,CMT8,42.59658400217692,10.78533,106.67029
2025-02-22 22:00:00+07:00,CMT8,46.78070831298828,10.78533,106.67029
2025-02-22 23:00:00+07:00,CMT8,47.27604134877523,10.78533,106.67029
2025-02-23 00:00:00+07:00,CMT8,41.713708559672035,10.78533,106.67029
2025-02-23 01:00:00+07:00,CMT8,36.29529126485189,10.78533,106.67029
2025-02-23 02:00:00+07:00,CMT8,37.432541052500405,10.78533,106.67029
2025-02-23 03:00:00+07:00,CMT8,52.03754170735677,10.78533,106.67029
2025-02-23 04:00:00+07:00,CMT8,42.95316664377848,10.78533,106.67029
2025-02-23 05:00:00+07:00,CMT8,39.35487492879232,10.78533,106.67029
2025-02-23 06:00:00+07:00,CMT8,32.71679147084554,10.78533,106.67029
2025-02-23 07:00:00+07:00,CMT8,32.32020823160807,10.78533,106.67029
2025-02-23 08:00:00+07:00,CMT8,36.33591683705648,10.78533,106.67029
2025-02-23 09:00:00+07:00,CMT8,35.17033386230469,10.78533,106.67029
2025-02-23 10:00:00+07:00,CMT8,27.861833731333416,10.78533,106.67029
2025-02-23 11:00:00+07:00,CMT8,33.728624979654946,10.78533,106.67029
2025-02-23 12:00:00+07:00,CMT8,36.83970816930135,10.78533,106.67029
2025-02-23 13:00:00+07:00,CMT8,16.924625078837078,10.78533,106.67029
2025-02-23 14:00:00+07:00,CMT8,12.34779175122579,10.78533,106.67029
2025-02-23 15:00:00+07:00,CMT8,15.250958522160849,10.78533,106.67029
2025-02-23 16:00:00+07:00,CMT8,18.694833596547443,10.78533,106.67029
2025-02-23 17:00:00+07:00,CMT8,20.58720827102661,10.78533,106.67029
2025-02-23 18:00:00+07:00,CMT8,17.877583344777424,10.78533,106.67029
2025-02-23 19:00:00+07:00,CMT8,22.751375039418537,10.78533,106.67029
2025-02-23 20:00:00+07:00,CMT8,22.226208209991455,10.78533,106.67029
2025-02-23 21:00:00+07:00,CMT8,24.633666674296062,10.78533,106.67029
2025-02-23 22:00:00+07:00,CMT8,26.071916421254475,10.78533,106.67029
2025-02-23 23:00:00+07:00,CMT8,23.75070842107137,10.78533,106.67029
2025-02-24 00:00:00+07:00,CMT8,17.026874860127766,10.78533,106.67029
2025-02-24 01:00:00+07:00,CMT8,11.40262500445048,10.78533,106.67029
2025-02-24 02:00:00+07:00,CMT8,12.530666669209799,10.78533,106.67029
2025-02-24 03:00:00+07:00,CMT8,11.544416666030884,10.78533,106.67029
2025-02-24 04:00:00+07:00,CMT8,13.323416550954184,10.78533,106.67029
2025-02-24 05:00:00+07:00,CMT8,19.173125108083088,10.78533,106.67029
2025-02-24 06:00:00+07:00,CMT8,42.25729211171468,10.78533,106.67029
2025-02-24 07:00:00+07:00,CMT8,45.83966668446859,10.78533,106.67029
2025-02-24 08:00:00+07:00,CMT8,41.78337478637695,10.78533,106.67029
2025-02-24 09:00:00+07:00,CMT8,37.295875231424965,10.78533,106.67029
2025-02-24 10:00:00+07:00,CMT8,32.520458380381264,10.78533,106.67029
2025-02-24 11:00:00+07:00,CMT8,31.325750192006428,10.78533,106.67029
2025-02-24 12:00:00+07:00,CMT8,18.550916353861492,10.78533,106.67029
2025-02-24 13:00:00+07:00,CMT8,16.68220829963684,10.78533,106.67029
2025-02-24 14:00:00+07:00,CMT8,18.526583274205525,10.78533,106.67029
2025-02-24 15:00:00+07:00,CMT8,23.28475014368693,10.78533,106.67029
2025-02-24 16:00:00+07:00,CMT8,24.410791556040447,10.78533,106.67029
2025-02-24 17:00:00+07:00,CMT8,30.023208618164062,10.78533,106.67029
2025-02-24 18:00:00+07:00,CMT8,31.417333126068115,10.78533,106.67029
2025-02-24 19:00:00+07:00,CMT8,40.04112434387207,10.78533,106.67029
2025-02-24 20:00:00+07:00,CMT8,33.8847918510437,10.78533,106.67029
2025-02-24 21:00:00+07:00,CMT8,30.91000000635783,10.78533,106.67029
2025-02-24 22:00:00+07:00,CMT8,30.5627916653951,10.78533,106.67029
2025-02-24 23:00:00+07:00,CMT8,28.344708283742268,10.78533,106.67029
2025-02-25 00:00:00+07:00,CMT8,30.11966673533122,10.78533,106.67029
2025-02-25 01:00:00+07:00,CMT8,30.725708325703938,10.78533,106.67029
2025-02-25 02:00:00+07:00,CMT8,29.66879192988078,10.78533,106.67029
2025-02-25 03:00:00+07:00,CMT8,31.493333339691162,10.78533,106.67029
2025-02-25 04:00:00+07:00,CMT8,25.254250049591064,10.78533,106.67029
2025-02-25 05:00:00+07:00,CMT8,19.817041397094727,10.78533,106.67029
2025-02-25 06:00:00+07:00,CMT8,23.316999912261963,10.78533,106.67029
2025-02-25 07:00:00+07:00,CMT8,36.56479104359945,10.78533,106.67029
2025-02-25 08:00:00+07:00,CMT8,53.902207692464195,10.78533,106.67029
2025-02-25 09:00:00+07:00,CMT8,46.29262479146322,10.78533,106.67029
2025-02-25 10:00:00+07:00,CMT8,46.47666676839193,10.78533,106.67029
2025-02-25 11:00:00+07:00,CMT8,33.151291847229004,10.78533,106.67029
2025-02-25 12:00:00+07:00,CMT8,25.282958189646404,10.78533,106.67029
2025-02-25 13:00:00+07:00,CMT8,25.265291213989258,10.78533,106.67029
2025-02-25 14:00:00+07:00,CMT8,25.91729148228963,10.78533,106.67029
2025-02-25 15:00:00+07:00,CMT8,24.627249876658123,10.78533,106.67029
2025-02-25 16:00:00+07:00,CMT8,29.875791708628338,10.78533,106.67029
2025-02-25 17:00:00+07:00,CMT8,37.04437414805094,10.78533,106.67029
2025-02-25 18:00:00+07:00,CMT8,33.63037522633871,10.78533,106.67029
2025-02-25 19:00:00+07:00,CMT8,40.720625241597496,10.78533,106.67029
2025-02-25 20:00:00+07:00,CMT8,36.057833671569824,10.78533,106.67029
2025-02-25 21:00:00+07:00,CMT8,31.022624969482422,10.78533,106.67029
2025-02-25 22:00:00+07:00,CMT8,30.54562505086263,10.78533,106.67029
2025-02-25 23:00:00+07:00,CMT8,29.224083423614502,10.78533,106.67029
2025-02-26 00:00:00+07:00,CMT8,26.88104184468587,10.78533,106.67029
2025-02-26 01:00:00+07:00,CMT8,30.289666811625164,10.78533,106.67029
2025-02-26 02:00:00+07:00,CMT8,27.948833465576172,10.78533,106.67029
2025-02-26 03:00:00+07:00,CMT8,32.81450080871582,10.78533,106.67029
2025-02-26 04:00:00+07:00,CMT8,36.6995415687561,10.78533,106.67029
2025-02-26 05:00:00+07:00,CMT8,37.08541615804037,10.78533,106.67029
2025-02-26 06:00:00+07:00,CMT8,26.71133295694987,10.78533,106.67029
2025-02-26 07:00:00+07:00,CMT8,28.635499954223633,10.78533,106.67029
2025-02-26 08:00:00+07:00,CMT8,29.51437520980835,10.78533,106.67029
2025-02-26 09:00:00+07:00,CMT8,25.66562509536743,10.78533,106.67029
2025-02-26 10:00:00+07:00,CMT8,24.1138334274292,10.78533,106.67029
2025-02-26 11:00:00+07:00,CMT8,21.672208309173584,10.78533,106.67029
2025-02-26 12:00:00+07:00,CMT8,28.524958451588947,10.78533,106.67029
2025-02-26 13:00:00+07:00,CMT8,25.767125129699707,10.78533,106.67029
2025-02-26 14:00:00+07:00,CMT8,21.016791582107544,10.78533,106.67029
2025-02-26 15:00:00+07:00,CMT8,21.833500067392986,10.78533,106.67029
2025-02-26 16:00:00+07:00,CMT8,18.168458382288616,10.78533,106.67029
2025-02-26 17:00:00+07:00,CMT8,30.587792078653973,10.78533,106.67029
2025-02-26 18:00:00+07:00,CMT8,24.197208404541016,10.78533,106.67029
2025-02-26 19:00:00+07:00,CMT8,24.654874960581463,10.78533,106.67029
2025-02-26 20:00:00+07:00,CMT8,28.009124914805096,10.78533,106.67029
2025-02-26 21:00:00+07:00,CMT8,32.16220839818319,10.78533,106.67029
2025-02-26 22:00:00+07:00,CMT8,30.421916166941326,10.78533,106.67029
2025-02-26 23:00:00+07:00,CMT8,31.266374905904133,10.78533,106.67029
2025-02-27 00:00:00+07:00,CMT8,29.007458527882893,10.78533,106.67029
2025-02-27 01:00:00+07:00,CMT8,20.19041657447815,10.78533,106.67029
2025-02-27 02:00:00+07:00,CMT8,18.542374928792317,10.78533,106.67029
2025-02-27 03:00:00+07:00,CMT8,22.275958220163982,10.78533,106.67029
2025-02-27 04:00:00+07:00,CMT8,24.628541628519695,10.78533,106.67029
2025-02-27 05:00:00+07:00,CMT8,30.592833042144775,10.78533,106.67029
2025-02-27 06:00:00+07:00,CMT8,33.86654186248779,10.78533,106.67029
2025-02-27 07:00:00+07:00,CMT8,38.74329153696696,10.78533,106.67029
2025-02-27 08:00:00+07:00,CMT8,37.99216651916504,10.78533,106.67029
2025-02-27 09:00:00+07:00,CMT8,32.38820823033651,10.78533,106.67029
2025-02-27 10:00:00+07:00,CMT8,31.489041964213055,10.78533,106.67029
2025-02-27 11:00:00+07:00,CMT8,33.97258345286051,10.78533,106.67029
2025-02-27 12:00:00+07:00,CMT8,28.631624857584637,10.78533,106.67029
2025-02-27 13:00:00+07:00,CMT8,26.359583218892414,10.78533,106.67029
2025-02-27 14:00:00+07:00,CMT8,37.84004131952921,10.78533,106.67029
2025-02-27 15:00:00+07:00,CMT8,29.40316645304362,10.78533,106.67029
2025-02-27 16:00:00+07:00,CMT8,20.824583133061726,10.78533,106.67029
2025-02-27 17:00:00+07:00,CMT8,15.178458452224731,10.78533,106.67029
2025-02-27 18:00:00+07:00,CMT8,22.33425013224284,10.78533,106.67029
2025-02-27 19:00:00+07:00,CMT8,31.37700017293294,10.78533,106.67029
2025-02-27 20:00:00+07:00,CMT8,19.747583707173664,10.78533,106.67029
2025-02-27 21:00:00+07:00,CMT8,15.891666650772095,10.78533,106.67029
2025-02-27 22:00:00+07:00,CMT8,16.297499974568684,10.78533,106.67029
2025-02-27 23:00:00+07:00,CMT8,14.996583461761475,10.78533,106.67029
2025-02-28 00:00:00+07:00,CMT8,14.952583392461142,10.78533,106.67029
2025-02-28 01:00:00+07:00,CMT8,10.521874904632568,10.78533,106.67029
2025-02-28 02:00:00+07:00,CMT8,12.995916604995728,10.78533,106.67029
2025-02-28 03:00:00+07:00,CMT8,17.667333523432415,10.78533,106.67029
2025-02-28 04:00:00+07:00,CMT8,20.34499994913737,10.78533,106.67029
2025-02-28 05:00:00+07:00,CMT8,22.79770803451538,10.78533,106.67029
2025-02-28 06:00:00+07:00,CMT8,28.783875465393066,10.78533,106.67029
2025-02-28 07:00:00+07:00,CMT8,33.931084314982094,10.78533,106.67029
2025-02-28 08:00:00+07:00,CMT8,38.554083506266274,10.78533,106.67029
2025-02-28 09:00:00+07:00,CMT8,39.729458808898926,10.78533,106.67029
2025-02-28 10:00:00+07:00,CMT8,39.98045857747396,10.78533,106.67029
2025-02-28 11:00:00+07:00,CMT8,37.54295857747396,10.78533,106.67029
2025-02-28 12:00:00+07:00,CMT8,41.539791425069176,10.78533,106.67029
2025-02-28 13:00:00+07:00,CMT8,52.28524971008301,10.78533,106.67029
2025-02-28 14:00:00+07:00,CMT8,54.72362518310547,10.78533,106.67029
2025-02-28 15:00:00+07:00,CMT8,49.12125047047933,10.78533,106.67029
2025-02-28 16:00:00+07:00,CMT8,33.895541508992515,10.78533,106.67029
2025-02-28 17:00:00+07:00,CMT8,20.088249842325848,10.78533,106.67029
2025-02-28 18:00:00+07:00,CMT8,18.258458137512207,10.78533,106.67029
2025-02-28 19:00:00+07:00,CMT8,24.0056250890096,10.78533,106.67029
2025-02-28 20:00:00+07:00,CMT8,28.79183340072632,10.78533,106.67029
2025-02-28 21:00:00+07:00,CMT8,19.881749947865803,10.78533,106.67029
2025-02-28 22:00:00+07:00,CMT8,13.68583345413208,10.78533,106.67029
2025-02-28 23:00:00+07:00,CMT8,13.268374919891357,10.78533,106.67029
2025-03-01 00:00:00+07:00,CMT8,11.350291649500528,10.78533,106.67029
2025-03-01 01:00:00+07:00,CMT8,10.407125155131022,10.78533,106.67029
2025-03-01 02:00:00+07:00,CMT8,10.20729168256124,10.78533,106.67029
2025-03-01 03:00:00+07:00,CMT8,9.356333255767822,10.78533,106.67029
2025-03-01 04:00:00+07:00,CMT8,10.555958350499472,10.78533,106.67029
2025-03-01 05:00:00+07:00,CMT8,12.52816653251648,10.78533,106.67029
2025-03-01 06:00:00+07:00,CMT8,22.99025011062622,10.78533,106.67029
2025-03-01 07:00:00+07:00,CMT8,31.32516686121623,10.78533,106.67029
2025-03-01 08:00:00+07:00,CMT8,31.83204158147176,10.78533,106.67029
2025-03-01 09:00:00+07:00,CMT8,31.422250111897785,10.78533,106.67029
2025-03-01 10:00:00+07:00,CMT8,30.83975013097127,10.78533,106.67029
2025-03-01 11:00:00+07:00,CMT8,31.41087516148885,10.78533,106.67029
2025-03-01 12:00:00+07:00,CMT8,32.55154164632162,10.78533,106.67029
2025-03-01 13:00:00+07:00,CMT8,41.721791903177895,10.78533,106.67029
2025-03-01 14:00:00+07:00,CMT8,42.82312488555908,10.78533,106.67029
2025-03-01 15:00:00+07:00,CMT8,40.91950003306071,10.78533,106.67029
2025-03-01 16:00:00+07:00,CMT8,21.120999813079834,10.78533,106.67029
2025-03-01 17:00:00+07:00,CMT8,19.612500031789143,10.78533,106.67029
2025-03-01 18:00:00+07:00,CMT8,25.022166570027668,10.78533,106.67029
2025-03-01 19:00:00+07:00,CMT8,27.863166491190594,10.78533,106.67029
2025-03-01 20:00:00+07:00,CMT8,28.005124886830647,10.78533,106.67029
2025-03-01 21:00:00+07:00,CMT8,20.66337490081787,10.78533,106.67029
2025-03-01 22:00:00+07:00,CMT8,22.69533348083496,10.78533,106.67029
2025-03-01 23:00:00+07:00,CMT8,18.386208216349285,10.78533,106.67029
2025-03-02 00:00:00+07:00,CMT8,16.99108346303304,10.78533,106.67029
2025-03-02 01:00:00+07:00,CMT8,13.091166814168295,10.78533,106.67029
2025-03-02 02:00:00+07:00,CMT8,14.364499966303507,10.78533,106.67029
2025-03-02 03:00:00+07:00,CMT8,13.544041633605957,10.78533,106.67029
2025-03-02 04:00:00+07:00,CMT8,13.226750055948893,10.78533,106.67029
2025-03-02 05:00:00+07:00,CMT8,14.10016671816508,10.78533,106.67029
2025-03-02 06:00:00+07:00,CMT8,15.277375062306723,10.78533,106.67029
2025-03-02 07:00:00+07:00,CMT8,18.976333300272625,10.78533,106.67029
2025-03-02 08:00:00+07:00,CMT8,27.62150001525879,10.78533,106.67029
2025-03-02 09:00:00+07:00,CMT8,29.89270846048991,10.78533,106.67029
2025-03-02 10:00:00+07:00,CMT8,32.46379152933756,10.78533,106.67029
2025-03-02 11:00:00+07:00,CMT8,29.4375,10.78533,106.67029
2025-03-02 12:00:00+07:00,CMT8,32.78566678365072,10.78533,106.67029
2025-03-02 13:00:00+07:00,CMT8,34.87941710154215,10.78533,106.67029
2025-03-02 14:00:00+07:00,CMT8,36.56533336639404,10.78533,106.67029
2025-03-02 15:00:00+07:00,CMT8,34.623667081197105,10.78533,106.67029
2025-03-02 16:00:00+07:00,CMT8,25.617749849955242,10.78533,106.67029
2025-03-02 17:00:00+07:00,CMT8,29.068666458129883,10.78533,106.67029
2025-03-02 18:00:00+07:00,CMT8,23.91533327102661,10.78533,106.67029
2025-03-02 19:00:00+07:00,CMT8,27.137916882832844,10.78533,106.67029
2025-03-02 20:00:00+07:00,CMT8,25.058291753133137,10.78533,106.67029
2025-03-02 21:00:00+07:00,CMT8,23.63670841852824,10.78533,106.67029
2025-03-02 22:00:00+07:00,CMT8,22.190958499908447,10.78533,106.67029
2025-03-02 23:00:00+07:00,CMT8,24.454375108083088,10.78533,106.67029
2025-03-03 00:00:00+07:00,CMT8,25.93220806121826,10.78533,106.67029
2025-03-03 01:00:00+07:00,CMT8,19.972625096638996,10.78533,106.67029
2025-03-03 02:00:00+07:00,CMT8,19.892291863759358,10.78533,106.67029
2025-03-03 03:00:00+07:00,CMT8,22.134416580200195,10.78533,106.67029
2025-03-03 04:00:00+07:00,CMT8,26.63383372624715,10.78533,106.67029
2025-03-03 05:00:00+07:00,CMT8,22.67020845413208,10.78533,106.67029
2025-03-03 06:00:00+07:00,CMT8,30.784541765848797,10.78533,106.67029
2025-03-03 07:00:00+07:00,CMT8,31.66591676076253,10.78533,106.67029
2025-03-03 08:00:00+07:00,CMT8,31.303374926249187,10.78533,106.67029
2025-03-03 09:00:00+07:00,CMT8,33.023375034332275,10.78533,106.67029
2025-03-03 10:00:00+07:00,CMT8,25.90266688664754,10.78533,106.67029
2025-03-03 11:00:00+07:00,CMT8,23.2809583346049,10.78533,106.67029
2025-03-03 12:00:00+07:00,CMT8,22.0742081006368,10.78533,106.67029
2025-03-03 13:00:00+07:00,CMT8,19.530916690826416,10.78533,106.67029
2025-03-03 14:00:00+07:00,CMT8,17.574958483378094,10.78533,106.67029
2025-03-03 15:00:00+07:00,CMT8,17.883208513259888,10.78533,106.67029
2025-03-03 16:00:00+07:00,CMT8,12.426583290100098,10.78533,106.67029
2025-03-03 17:00:00+07:00,CMT8,18.148541927337646,10.78533,106.67029
2025-03-03 18:00:00+07:00,CMT8,24.055708249409992,10.78533,106.67029
2025-03-03 19:00:00+07:00,CMT8,24.276000181833904,10.78533,106.67029
2025-03-03 20:00:00+07:00,CMT8,25.5878750483195,10.78533,106.67029
2025-03-03 21:00:00+07:00,CMT8,23.604833285013836,10.78533,106.67029
2025-03-03 22:00:00+07:00,CMT8,20.86316665013631,10.78533,106.67029
2025-03-03 23:00:00+07:00,CMT8,18.7614582379659,10.78533,106.67029
2025-03-04 00:00:00+07:00,CMT8,23.27650022506714,10.78533,106.67029
2025-03-04 01:00:00+07:00,CMT8,24.224166711171467,10.78533,106.67029
2025-03-04 02:00:00+07:00,CMT8,22.834749857584637,10.78533,106.67029
2025-03-04 03:00:00+07:00,CMT8,20.499416669209797,10.78533,106.67029
2025-03-04 04:00:00+07:00,CMT8,20.74650001525879,10.78533,106.67029
2025-03-04 05:00:00+07:00,CMT8,22.545833428700764,10.78533,106.67029
2025-03-04 06:00:00+07:00,CMT8,28.423499902089436,10.78533,106.67029
2025-03-04 07:00:00+07:00,CMT8,34.48983335494995,10.78533,106.67029
2025-03-04 08:00:00+07:00,CMT8,34.410750230153404,10.78533,106.67029
2025-03-04 09:00:00+07:00,CMT8,32.27275005976359,10.78533,106.67029
2025-03-04 10:00:00+07:00,CMT8,30.206833203633625,10.78533,106.67029
2025-03-04 11:00:00+07:00,CMT8,32.70191685358683,10.78533,106.67029
2025-03-04 12:00:00+07:00,CMT8,25.82770840326945,10.78533,106.67029
2025-03-04 13:00:00+07:00,CMT8,23.521708011627197,10.78533,106.67029
2025-03-04 14:00:00+07:00,CMT8,21.476000150044758,10.78533,106.67029
2025-03-04 15:00:00+07:00,CMT8,24.33645836512248,10.78533,106.67029
2025-03-04 16:00:00+07:00,CMT8,34.30195840199789,10.78533,106.67029
2025-03-04 17:00:00+07:00,CMT8,30.684958299001057,10.78533,106.67029
2025-03-04 18:00:00+07:00,CMT8,25.957916418711346,10.78533,106.67029
2025-03-04 19:00:00+07:00,CMT8,23.550291538238525,10.78533,106.67029
2025-03-04 20:00:00+07:00,CMT8,24.961124897003174,10.78533,106.67029
2025-03-04 21:00:00+07:00,CMT8,31.378458340962727,10.78533,106.67029
2025-03-04 22:00:00+07:00,CMT8,21.187291622161865,10.78533,106.67029
2025-03-04 23:00:00+07:00,CMT8,24.17491642634074,10.78533,106.67029
2025-03-05 00:00:00+07:00,CMT8,18.574374834696453,10.78533,106.67029
2025-03-05 01:00:00+07:00,CMT8,17.074722448984783,10.78533,106.67029
2025-03-05 02:00:00+07:00,CMT8,15.491180499394735,10.78533,106.67029
2025-03-05 03:00:00+07:00,CMT8,14.024916569391886,10.78533,106.67029
2025-03-05 04:00:00+07:00,CMT8,14.589499950408936,10.78533,106.67029
2025-03-05 05:00:00+07:00,CMT8,17.61875009536743,10.78533,106.67029
2025-03-05 06:00:00+07:00,CMT8,26.26081927617391,10.78533,106.67029
2025-03-05 07:00:00+07:00,CMT8,28.874416828155518,10.78533,106.67029
2025-03-05 08:00:00+07:00,CMT8,31.285110632578533,10.78533,106.67029
2025-03-05 09:00:00+07:00,CMT8,34.00029150644938,10.78533,106.67029
2025-03-05 10:00:00+07:00,CMT8,40.417013804117836,10.78533,106.67029
2025-03-05 11:00:00+07:00,CMT8,34.40662511189779,10.78533,106.67029
2025-03-05 12:00:00+07:00,CMT8,38.29609775543213,10.78533,106.67029
2025-03-05 13:00:00+07:00,CMT8,36.381499926249184,10.78533,106.67029
2025-03-05 14:00:00+07:00,CMT8,35.97779178619385,10.78533,106.67029
2025-03-05 15:00:00+07:00,CMT8,43.162513732910156,10.78533,106.67029
2025-03-05 16:00:00+07:00,CMT8,36.525458653767906,10.78533,106.67029
2025-03-05 17:00:00+07:00,CMT8,25.35511080423991,10.78533,106.67029
2025-03-05 18:00:00+07:00,CMT8,20.468236366907757,10.78533,106.67029
2025-03-05 19:00:00+07:00,CMT8,21.11040250460307,10.78533,106.67029
2025-03-05 20:00:00+07:00,CMT8,18.849305470784504,10.78533,106.67029
2025-03-05 21:00:00+07:00,CMT8,16.744555632273357,10.78533,106.67029
2025-03-05 22:00:00+07:00,CMT8,15.948152701059977,10.78533,106.67029
2025-03-05 23:00:00+07:00,CMT8,17.90987881747159,10.78533,106.67029
2025-03-06 00:00:00+07:00,CMT8,17.378939628601074,10.78533,106.67029
2025-03-06 01:00:00+07:00,CMT8,14.438888867696127,10.78533,106.67029
2025-03-06 02:00:00+07:00,CMT8,13.176791826883951,10.78533,106.67029
2025-03-06 03:00:00+07:00,CMT8,13.036083300908407,10.78533,106.67029
2025-03-06 04:00:00+07:00,CMT8,16.51670829455058,10.78533,106.67029
2025-03-06 05:00:00+07:00,CMT8,16.948375066121418,10.78533,106.67029
2025-03-06 06:00:00+07:00,CMT8,22.942458629608154,10.78533,106.67029
2025-03-06 07:00:00+07:00,CMT8,28.862666447957356,10.78533,106.67029
2025-03-06 08:00:00+07:00,CMT8,32.18679141998291,10.78533,106.67029
2025-03-06 09:00:00+07:00,CMT8,33.57349983851115,10.78533,106.67029
2025-03-06 10:00:00+07:00,CMT8,28.95504156748454,10.78533,106.67029
2025-03-06 11:00:00+07:00,CMT8,22.753708521525066,10.78533,106.67029
2025-03-06 12:00:00+07:00,CMT8,24.7697917620341,10.78533,106.67029
2025-03-06 13:00:00+07:00,CMT8,25.088500022888184,10.78533,106.67029
2025-03-06 14:00:00+07:00,CMT8,22.56683349609375,10.78533,106.67029
2025-03-06 15:00:00+07:00,CMT8,15.039124965667725,10.78533,106.67029
2025-03-06 16:00:00+07:00,CMT8,12.001499970753988,10.78533,106.67029
2025-03-06 17:00:00+07:00,CMT8,10.957916577657064,10.78533,106.67029
2025-03-06 18:00:00+07:00,CMT8,11.90458345413208,10.78533,106.67029
2025-03-06 19:00:00+07:00,CMT8,16.263110955556233,10.78533,106.67029
2025-03-06 20:00:00+07:00,CMT8,17.655916690826416,10.78533,106.67029
2025-03-06 21:00:00+07:00,CMT8,18.096625089645386,10.78533,106.67029
2025-03-06 22:00:00+07:00,CMT8,15.381750027338663,10.78533,106.67029
2025-03-06 23:00:00+07:00,CMT8,13.314888874689737,10.78533,106.67029
2025-03-07 00:00:00+07:00,CMT8,15.44272232055664,10.78533,106.67029
2025-03-07 01:00:00+07:00,CMT8,14.754194418589273,10.78533,106.67029
2025-03-07 02:00:00+07:00,CMT8,15.523402770360311,10.78533,106.67029
2025-03-07 03:00:00+07:00,CMT8,17.76325003306071,10.78533,106.67029
2025-03-07 04:00:00+07:00,CMT8,22.09862486521403,10.78533,106.67029
2025-03-07 05:00:00+07:00,CMT8,23.071375211079914,10.78533,106.67029
2025-03-07 06:00:00+07:00,CMT8,27.830749988555908,10.78533,106.67029
2025-03-07 07:00:00+07:00,CMT8,34.3795420328776,10.78533,106.67029
2025-03-07 08:00:00+07:00,CMT8,38.65325005849203,10.78533,106.67029
2025-03-07 09:00:00+07:00,CMT8,43.373541514078774,10.78533,106.67029
2025-03-07 10:00:00+07:00,CMT8,47.189916928609215,10.78533,106.67029
2025-03-07 11:00:00+07:00,CMT8,33.48633337020874,10.78533,106.67029
2025-03-07 12:00:00+07:00,CMT8,35.681334018707275,10.78533,106.67029
2025-03-07 13:00:00+07:00,CMT8,29.801708857218426,10.78533,106.67029
2025-03-07 14:00:00+07:00,CMT8,29.304861227671307,10.78533,106.67029
2025-03-07 15:00:00+07:00,CMT8,16.07966661453247,10.78533,106.67029
2025-03-07 16:00:00+07:00,CMT8,11.466749986012777,10.78533,106.67029
2025-03-07 17:00:00+07:00,CMT8,21.752458333969116,10.78533,106.67029
2025-03-07 18:00:00+07:00,CMT8,28.009083429972332,10.78533,106.67029
2025-03-07 19:00:00+07:00,CMT8,34.211458683013916,10.78533,106.67029
2025-03-07 20:00:00+07:00,CMT8,22.64074993133545,10.78533,106.67029
2025-03-07 21:00:00+07:00,CMT8,17.593166828155518,10.78533,106.67029
2025-03-07 22:00:00+07:00,CMT8,18.341333389282227,10.78533,106.67029
2025-03-07 23:00:00+07:00,CMT8,19.751583258310955,10.78533,106.67029
2025-03-08 00:00:00+07:00,CMT8,19.050458431243896,10.78533,106.67029
2025-03-08 01:00:00+07:00,CMT8,18.322749932607014,10.78533,106.67029
2025-03-08 02:00:00+07:00,CMT8,15.389666636784872,10.78533,106.67029
2025-03-08 03:00:00+07:00,CMT8,15.775749921798706,10.78533,106.67029
2025-03-08 04:00:00+07:00,CMT8,18.340624809265137,10.78533,106.67029
2025-03-08 05:00:00+07:00,CMT8,29.78570858637492,10.78533,106.67029
2025-03-08 06:00:00+07:00,CMT8,43.23370869954427,10.78533,106.67029
2025-03-08 07:00:00+07:00,CMT8,46.03541692097982,10.78533,106.67029
2025-03-08 08:00:00+07:00,CMT8,41.40358320871989,10.78533,106.67029
2025-03-08 09:00:00+07:00,CMT8,42.31749979654948,10.78533,106.67029
2025-03-08 10:00:00+07:00,CMT8,44.31429131825765,10.78533,106.67029
2025-03-08 11:00:00+07:00,CMT8,52.85337479909261,10.78533,106.67029
2025-03-08 12:00:00+07:00,CMT8,53.435666720072426,10.78533,106.67029
2025-03-08 13:00:00+07:00,CMT8,50.88008371988932,10.78533,106.67029
2025-03-08 14:00:00+07:00,CMT8,52.26900005340576,10.78533,106.67029
2025-03-08 15:00:00+07:00,CMT8,52.07000001271566,10.78533,106.67029
2025-03-08 16:00:00+07:00,CMT8,57.04241689046224,10.78533,106.67029
2025-03-08 17:00:00+07:00,CMT8,66.49950059254964,10.78533,106.67029
2025-03-08 18:00:00+07:00,CMT8,38.1997729214755,10.78533,106.67029
2025-03-08 19:00:00+07:00,CMT8,35.90281833301891,10.78533,106.67029
2025-03-08 20:00:00+07:00,CMT8,36.61166715621948,10.78533,106.67029
2025-03-08 21:00:00+07:00,CMT8,33.43870814641317,10.78533,106.67029
2025-03-08 22:00:00+07:00,CMT8,33.13150008519491,10.78533,106.67029
2025-03-08 23:00:00+07:00,CMT8,39.580416679382324,10.78533,106.67029
2025-03-09 00:00:00+07:00,CMT8,36.9731248219808,10.78533,106.67029
2025-03-09 01:00:00+07:00,CMT8,35.28904183705648,10.78533,106.67029
2025-03-09 02:00:00+07:00,CMT8,35.96216662724813,10.78533,106.67029
2025-03-09 03:00:00+07:00,CMT8,20.545958201090496,10.78533,106.67029
2025-03-09 04:00:00+07:00,CMT8,21.87762514750163,10.78533,106.67029
2025-03-09 05:00:00+07:00,CMT8,23.81545813878377,10.78533,106.67029
2025-03-09 06:00:00+07:00,CMT8,31.945541699727375,10.78533,106.67029
2025-03-09 07:00:00+07:00,CMT8,38.837916692097984,10.78533,106.67029
2025-03-09 08:00:00+07:00,CMT8,41.213208516438804,10.78533,106.67029
2025-03-09 09:00:00+07:00,CMT8,35.73195823033651,10.78533,106.67029
2025-03-09 10:00:00+07:00,CMT8,29.908583482106526,10.78533,106.67029
2025-03-09 11:00:00+07:00,CMT8,38.08333269755045,10.78533,106.67029
2025-03-09 12:00:00+07:00,CMT8,34.63366651535034,10.78533,106.67029
2025-03-09 13:00:00+07:00,CMT8,29.10616683959961,10.78533,106.67029
2025-03-09 14:00:00+07:00,CMT8,25.331250031789143,10.78533,106.67029
2025-03-09 15:00:00+07:00,CMT8,22.453916549682617,10.78533,106.67029
2025-03-09 16:00:00+07:00,CMT8,22.216083367665608,10.78533,106.67029
2025-03-09 17:00:00+07:00,CMT8,24.319291750590008,10.78533,106.67029
2025-03-09 18:00:00+07:00,CMT8,29.773500124613445,10.78533,106.67029
2025-03-09 19:00:00+07:00,CMT8,31.981250127156574,10.78533,106.67029
2025-03-09 20:00:00+07:00,CMT8,36.02537520726522,10.78533,106.67029
2025-03-09 21:00:00+07:00,CMT8,34.036208152770996,10.78533,106.67029
2025-03-09 22:00:00+07:00,CMT8,45.48570887247721,10.78533,106.67029
2025-03-09 23:00:00+07:00,CMT8,37.37279144922892,10.78533,106.67029
2025-03-10 00:00:00+07:00,CMT8,24.31374994913737,10.78533,106.67029
2025-03-10 01:00:00+07:00,CMT8,24.251041730244953,10.78533,106.67029
2025-03-10 02:00:00+07:00,CMT8,25.085750102996826,10.78533,106.67029
2025-03-10 03:00:00+07:00,CMT8,26.52062479654948,10.78533,106.67029
2025-03-10 04:00:00+07:00,CMT8,31.38124990463257,10.78533,106.67029
2025-03-10 05:00:00+07:00,CMT8,30.211791515350342,10.78533,106.67029
2025-03-10 06:00:00+07:00,CMT8,33.24891710281372,10.78533,106.67029
2025-03-10 07:00:00+07:00,CMT8,36.38025029500326,10.78533,106.67029
2025-03-10 08:00:00+07:00,CMT8,32.086541334788,10.78533,106.67029
2025-03-10 09:00:00+07:00,CMT8,34.10337543487549,10.78533,106.67029
2025-03-10 10:00:00+07:00,CMT8,31.764249483744305,10.78533,106.67029
2025-03-10 11:00:00+07:00,CMT8,28.11062494913737,10.78533,106.67029
2025-03-10 12:00:00+07:00,CMT8,27.045249938964844,10.78533,106.67029
2025-03-10 13:00:00+07:00,CMT8,27.15945831934611,10.78533,106.67029
2025-03-10 14:00:00+07:00,CMT8,20.276291529337566,10.78533,106.67029
2025-03-10 15:00:00+07:00,CMT8,25.022083282470703,10.78533,106.67029
2025-03-10 16:00:00+07:00,CMT8,20.589375019073486,10.78533,106.67029
2025-03-10 17:00:00+07:00,CMT8,23.532249927520752,10.78533,106.67029
2025-03-10 18:00:00+07:00,CMT8,26.786166508992512,10.78533,106.67029
2025-03-10 19:00:00+07:00,CMT8,29.42479149500529,10.78533,106.67029
2025-03-10 20:00:00+07:00,CMT8,30.60541645685832,10.78533,106.67029
2025-03-10 21:00:00+07:00,CMT8,24.795250415802002,10.78533,106.67029
2025-03-10 22:00:00+07:00,CMT8,17.577208677927654,10.78533,106.67029
2025-03-10 23:00:00+07:00,CMT8,17.461666742960613,10.78533,106.67029
2025-03-11 00:00:00+07:00,CMT8,19.259416898091633,10.78533,106.67029
2025-03-11 01:00:00+07:00,CMT8,24.812166690826416,10.78533,106.67029
2025-03-11 02:00:00+07:00,CMT8,43.896416982014976,10.78533,106.67029
2025-03-11 03:00:00+07:00,CMT8,51.42562452952067,10.78533,106.67029
2025-03-11 04:00:00+07:00,CMT8,63.29879188537598,10.78533,106.67029
2025-03-11 05:00:00+07:00,CMT8,55.14229170481364,10.78533,106.67029
2025-03-11 06:00:00+07:00,CMT8,63.35083262125651,10.78533,106.67029
2025-03-11 07:00:00+07:00,CMT8,67.12862428029378,10.78533,106.67029
2025-03-11 08:00:00+07:00,CMT8,95.99183336893718,10.78533,106.67029
2025-03-11 09:00:00+07:00,CMT8,144.69254302978516,10.78533,106.67029
2025-03-11 10:00:00+07:00,CMT8,74.66608333587646,10.78533,106.67029
2025-03-11 11:00:00+07:00,CMT8,34.7137082417806,10.78533,106.67029
2025-03-11 12:00:00+07:00,CMT8,33.01554171244303,10.78533,106.67029
2025-03-11 13:00:00+07:00,CMT8,34.618958155314125,10.78533,106.67029
2025-03-11 14:00:00+07:00,CMT8,33.69866689046224,10.78533,106.67029
2025-03-11 15:00:00+07:00,CMT8,25.28962500890096,10.78533,106.67029
2025-03-11 16:00:00+07:00,CMT8,21.502583344777424,10.78533,106.67029
2025-03-11 17:00:00+07:00,CMT8,32.99237473805746,10.78533,106.67029
2025-03-11 18:00:00+07:00,CMT8,30.330583095550537,10.78533,106.67029
2025-03-11 19:00:00+07:00,CMT8,28.69291655222575,10.78533,106.67029
2025-03-11 20:00:00+07:00,CMT8,28.636124928792317,10.78533,106.67029
2025-03-11 21:00:00+07:00,CMT8,15.834500074386597,10.78533,106.67029
2025-03-11 22:00:00+07:00,CMT8,18.09279187520345,10.78533,106.67029
2025-03-11 23:00:00+07:00,CMT8,17.29633331298828,10.78533,106.67029
2025-03-12 00:00:00+07:00,CMT8,16.948624928792317,10.78533,106.67029
2025-03-12 01:00:00+07:00,CMT8,18.193458398183186,10.78533,106.67029
2025-03-12 02:00:00+07:00,CMT8,17.494083404541016,10.78533,106.67029
2025-03-12 03:00:00+07:00,CMT8,17.43583345413208,10.78533,106.67029
2025-03-12 04:00:00+07:00,CMT8,18.026374975840252,10.78533,106.67029
2025-03-12 05:00:00+07:00,CMT8,20.090708255767822,10.78533,106.67029
2025-03-12 06:00:00+07:00,CMT8,32.96587514877319,10.78533,106.67029
2025-03-12 07:00:00+07:00,CMT8,37.69458341598511,10.78533,106.67029
2025-03-12 08:00:00+07:00,CMT8,39.514625231424965,10.78533,106.67029
2025-03-12 09:00:00+07:00,CMT8,36.74341662724813,10.78533,106.67029
2025-03-12 10:00:00+07:00,CMT8,25.849083105723064,10.78533,106.67029
2025-03-12 11:00:00+07:00,CMT8,29.75612497329712,10.78533,106.67029
2025-03-12 12:00:00+07:00,CMT8,30.9173747698466,10.78533,106.67029
2025-03-12 13:00:00+07:00,CMT8,31.107749780019123,10.78533,106.67029
2025-03-12 14:00:00+07:00,CMT8,25.03741693496704,10.78533,106.67029
2025-03-12 15:00:00+07:00,CMT8,14.809500217437744,10.78533,106.67029
2025-03-12 16:00:00+07:00,CMT8,10.772888898849487,10.78533,106.67029
2025-03-12 17:00:00+07:00,CMT8,14.793041785558065,10.78533,106.67029
2025-03-12 18:00:00+07:00,CMT8,16.911958297093708,10.78533,106.67029
2025-03-12 19:00:00+07:00,CMT8,21.458250204722088,10.78533,106.67029
2025-03-12 20:00:00+07:00,CMT8,21.899041811625164,10.78533,106.67029
2025-03-12 21:00:00+07:00,CMT8,20.212124983469646,10.78533,106.67029
2025-03-12 22:00:00+07:00,CMT8,18.454333225886028,10.78533,106.67029
2025-03-12 23:00:00+07:00,CMT8,17.830125013987224,10.78533,106.67029
2025-03-13 00:00:00+07:00,CMT8,12.350208441416422,10.78533,106.67029
2025-03-13 01:00:00+07:00,CMT8,11.162874937057495,10.78533,106.67029
2025-03-13 02:00:00+07:00,CMT8,7.976708332697551,10.78533,106.67029
2025-03-13 03:00:00+07:00,CMT8,9.6322500705719,10.78533,106.67029
2025-03-13 04:00:00+07:00,CMT8,9.890833377838135,10.78533,106.67029
2025-03-13 05:00:00+07:00,CMT8,10.305916627248129,10.78533,106.67029
2025-03-13 06:00:00+07:00,CMT8,16.91758330663045,10.78533,106.67029
2025-03-13 07:00:00+07:00,CMT8,21.29141680399577,10.78533,106.67029
2025-03-13 08:00:00+07:00,CMT8,21.384791533152264,10.78533,106.67029
2025-03-13 09:00:00+07:00,CMT8,27.549832979838055,10.78533,106.67029
2025-03-13 10:00:00+07:00,CMT8,29.989250024159748,10.78533,106.67029
2025-03-13 11:00:00+07:00,CMT8,21.18862501780192,10.78533,106.67029
2025-03-13 12:00:00+07:00,CMT8,20.357374986012776,10.78533,106.67029
2025-03-13 13:00:00+07:00,CMT8,20.466833114624023,10.78533,106.67029
2025-03-13 14:00:00+07:00,CMT8,22.303208192189533,10.78533,106.67029
2025-03-13 15:00:00+07:00,CMT8,16.340874989827473,10.78533,106.67029
2025-03-13 16:00:00+07:00,CMT8,11.624125003814697,10.78533,106.67029
2025-03-13 17:00:00+07:00,CMT8,20.109124819437664,10.78533,106.67029
2025-03-13 18:00:00+07:00,CMT8,27.05566660563151,10.78533,106.67029
2025-03-13 19:00:00+07:00,CMT8,24.422083377838135,10.78533,106.67029
2025-03-13 20:00:00+07:00,CMT8,28.87583335240682,10.78533,106.67029
2025-03-13 21:00:00+07:00,CMT8,24.60954173405965,10.78533,106.67029
2025-03-13 22:00:00+07:00,CMT8,21.214333375295002,10.78533,106.67029
2025-03-13 23:00:00+07:00,CMT8,21.677375157674152,10.78533,106.67029
2025-03-14 00:00:00+07:00,CMT8,23.622458457946777,10.78533,106.67029
2025-03-14 01:00:00+07:00,CMT8,22.607375144958496,10.78533,106.67029
2025-03-14 02:00:00+07:00,CMT8,19.61508321762085,10.78533,106.67029
2025-03-14 03:00:00+07:00,CMT8,13.791541655858358,10.78533,106.67029
2025-03-14 04:00:00+07:00,CMT8,21.844208478927612,10.78533,106.67029
2025-03-14 05:00:00+07:00,CMT8,16.32520842552185,10.78533,106.67029
2025-03-14 06:00:00+07:00,CMT8,27.38058312733968,10.78533,106.67029
2025-03-14 07:00:00+07:00,CMT8,43.00333309173584,10.78533,106.67029
2025-03-14 08:00:00+07:00,CMT8,43.55929088592529,10.78533,106.67029
2025-03-14 09:00:00+07:00,CMT8,36.174249490102135,10.78533,106.67029
2025-03-14 10:00:00+07:00,CMT8,28.82224988937378,10.78533,106.67029
2025-03-14 11:00:00+07:00,CMT8,29.391416867574055,10.78533,106.67029
2025-03-14 12:00:00+07:00,CMT8,33.363999366760254,10.78533,106.67029
2025-03-14 13:00:00+07:00,CMT8,34.14925034840902,10.78533,106.67029
2025-03-14 14:00:00+07:00,CMT8,34.325374921162926,10.78533,106.67029
2025-03-14 15:00:00+07:00,CMT8,31.23674996693929,10.78533,106.67029
2025-03-14 16:00:00+07:00,CMT8,16.261541922887165,10.78533,106.67029
2025-03-14 17:00:00+07:00,CMT8,22.68831464979384,10.78533,106.67029
2025-03-14 18:00:00+07:00,CMT8,19.64424991607666,10.78533,106.67029
2025-03-14 19:00:00+07:00,CMT8,25.384416580200195,10.78533,106.67029
2025-03-14 20:00:00+07:00,CMT8,23.158958276112873,10.78533,106.67029
2025-03-14 21:00:00+07:00,CMT8,17.525916973749798,10.78533,106.67029
2025-03-14 22:00:00+07:00,CMT8,18.876458326975506,10.78533,106.67029
2025-03-14 23:00:00+07:00,CMT8,17.11604158083598,10.78533,106.67029
2025-03-15 00:00:00+07:00,CMT8,19.41129144032796,10.78533,106.67029
2025-03-15 01:00:00+07:00,CMT8,19.892499923706055,10.78533,106.67029
2025-03-15 02:00:00+07:00,CMT8,18.23004166285197,10.78533,106.67029
2025-03-15 03:00:00+07:00,CMT8,17.62041648228963,10.78533,106.67029
2025-03-15 04:00:00+07:00,CMT8,18.190958340962727,10.78533,106.67029
2025-03-15 05:00:00+07:00,CMT8,19.05204153060913,10.78533,106.67029
2025-03-15 06:00:00+07:00,CMT8,23.9533748626709,10.78533,106.67029
2025-03-15 07:00:00+07:00,CMT8,30.14158344268799,10.78533,106.67029
2025-03-15 08:00:00+07:00,CMT8,27.349833329518635,10.78533,106.67029
2025-03-15 09:00:00+07:00,CMT8,28.18666648864746,10.78533,106.67029
2025-03-15 10:00:00+07:00,CMT8,23.474750359853108,10.78533,106.67029
2025-03-15 11:00:00+07:00,CMT8,28.254916826883953,10.78533,106.67029
2025-03-15 12:00:00+07:00,CMT8,32.68054183324178,10.78533,106.67029
2025-03-15 13:00:00+07:00,CMT8,33.82816696166992,10.78533,106.67029
2025-03-15 14:00:00+07:00,CMT8,35.21191676457723,10.78533,106.67029
2025-03-15 15:00:00+07:00,CMT8,29.865833282470703,10.78533,106.67029
2025-03-15 16:00:00+07:00,CMT8,26.863800048828125,10.78533,106.67029
2025-03-15 17:00:00+07:00,CMT8,31.389583428700764,10.78533,106.67029
2025-03-15 18:00:00+07:00,CMT8,28.762874444325764,10.78533,106.67029
2025-03-15 19:00:00+07:00,CMT8,39.905999978383385,10.78533,106.67029
2025-03-15 20:00:00+07:00,CMT8,30.680999914805096,10.78533,106.67029
2025-03-15 21:00:00+07:00,CMT8,26.574708461761475,10.78533,106.67029
2025-03-15 22:00:00+07:00,CMT8,24.88520844777425,10.78533,106.67029
2025-03-15 23:00:00+07:00,CMT8,26.58691676457723,10.78533,106.67029
2025-03-16 00:00:00+07:00,CMT8,25.446249802907307,10.78533,106.67029
2025-03-16 01:00:00+07:00,CMT8,24.795083204905193,10.78533,106.67029
2025-03-16 02:00:00+07:00,CMT8,27.454833189646404,10.78533,106.67029
2025-03-16 03:00:00+07:00,CMT8,28.79829168319702,10.78533,106.67029
2025-03-16 04:00:00+07:00,CMT8,28.152125040690105,10.78533,106.67029
2025-03-16 05:00:00+07:00,CMT8,30.16474978129069,10.78533,106.67029
2025-03-16 06:00:00+07:00,CMT8,31.905916531880695,10.78533,106.67029
2025-03-16 07:00:00+07:00,CMT8,35.62087440490723,10.78533,106.67029
2025-03-16 08:00:00+07:00,CMT8,35.671000162760414,10.78533,106.67029
2025-03-16 09:00:00+07:00,CMT8,33.91920789082845,10.78533,106.67029
2025-03-16 10:00:00+07:00,CMT8,39.505249977111816,10.78533,106.67029
2025-03-16 11:00:00+07:00,CMT8,46.568874994913735,10.78533,106.67029
2025-03-16 12:00:00+07:00,CMT8,51.07558409372965,10.78533,106.67029
2025-03-16 13:00:00+07:00,CMT8,47.11216608683268,10.78533,106.67029
2025-03-16 14:00:00+07:00,CMT8,42.317541440327965,10.78533,106.67029
2025-03-16 15:00:00+07:00,CMT8,32.03049993515015,10.78533,106.67029
2025-03-16 16:00:00+07:00,CMT8,25.067625045776367,10.78533,106.67029
2025-03-16 17:00:00+07:00,CMT8,27.03504180908203,10.78533,106.67029
2025-03-16 18:00:00+07:00,CMT8,31.48674964904785,10.78533,106.67029
2025-03-16 19:00:00+07:00,CMT8,30.680041313171387,10.78533,106.67029
2025-03-16 20:00:00+07:00,CMT8,33.53416649500529,10.78533,106.67029
2025-03-16 21:00:00+07:00,CMT8,30.723125616709392,10.78533,106.67029
2025-03-16 22:00:00+07:00,CMT8,29.153666655222576,10.78533,106.67029
2025-03-16 23:00:00+07:00,CMT8,25.887958526611328,10.78533,106.67029
2025-03-17 00:00:00+07:00,CMT8,24.358041604359943,10.78533,106.67029
2025-03-17 01:00:00+07:00,CMT8,22.735833009084065,10.78533,106.67029
2025-03-17 02:00:00+07:00,CMT8,24.813666979471844,10.78533,106.67029
2025-03-17 03:00:00+07:00,CMT8,26.32587496439616,10.78533,106.67029
2025-03-17 04:00:00+07:00,CMT8,29.21704165140788,10.78533,106.67029
2025-03-17 05:00:00+07:00,CMT8,34.51520840326945,10.78533,106.67029
2025-03-17 06:00:00+07:00,CMT8,50.12258370717367,10.78533,106.67029
2025-03-17 07:00:00+07:00,CMT8,49.68754196166992,10.78533,106.67029
2025-03-17 08:00:00+07:00,CMT8,58.36929130554199,10.78533,106.67029
2025-03-17 09:00:00+07:00,CMT8,60.572792053222656,10.78533,106.67029
2025-03-17 10:00:00+07:00,CMT8,49.90979194641113,10.78533,106.67029
2025-03-17 11:00:00+07:00,CMT8,57.361208279927574,10.78533,106.67029
2025-03-17 12:00:00+07:00,CMT8,63.45162455240885,10.78533,106.67029
2025-03-17 13:00:00+07:00,CMT8,64.67404047648112,10.78533,106.67029
2025-03-17 14:00:00+07:00,CMT8,63.465874671936035,10.78533,106.67029
2025-03-17 15:00:00+07:00,CMT8,57.44749959309896,10.78533,106.67029
2025-03-17 16:00:00+07:00,CMT8,57.006500244140625,10.78533,106.67029
2025-03-17 17:00:00+07:00,CMT8,44.04645792643229,10.78533,106.67029
2025-03-17 18:00:00+07:00,CMT8,32.314791997273765,10.78533,106.67029
2025-03-17 19:00:00+07:00,CMT8,24.79045836130778,10.78533,106.67029
2025-03-17 20:00:00+07:00,CMT8,25.470791657765705,10.78533,106.67029
2025-03-17 21:00:00+07:00,CMT8,26.343374888102215,10.78533,106.67029
2025-03-17 22:00:00+07:00,CMT8,27.454041639963787,10.78533,106.67029
2025-03-17 23:00:00+07:00,CMT8,31.88841740290324,10.78533,106.67029
2025-03-18 00:00:00+07:00,CMT8,27.835875034332275,10.78533,106.67029
2025-03-18 01:00:00+07:00,CMT8,32.97475020090739,10.78533,106.67029
2025-03-18 02:00:00+07:00,CMT8,31.601417064666748,10.78533,106.67029
2025-03-18 03:00:00+07:00,CMT8,39.632749716440834,10.78533,106.67029
2025-03-18 04:00:00+07:00,CMT8,58.78879165649414,10.78533,106.67029
2025-03-18 05:00:00+07:00,CMT8,40.59354146321615,10.78533,106.67029
2025-03-18 06:00:00+07:00,CMT8,38.07095877329508,10.78533,106.67029
2025-03-18 07:00:00+07:00,CMT8,44.495667139689125,10.78533,106.67029
2025-03-18 08:00:00+07:00,CMT8,51.26954142252604,10.78533,106.67029
2025-03-18 09:00:00+07:00,CMT8,62.67691707611084,10.78533,106.67029
2025-03-18 10:00:00+07:00,CMT8,73.0437494913737,10.78533,106.67029
2025-03-18 11:00:00+07:00,CMT8,61.22670809427897,10.78533,106.67029
2025-03-18 12:00:00+07:00,CMT8,50.79116662343343,10.78533,106.67029
2025-03-18 13:00:00+07:00,CMT8,44.82845815022787,10.78533,106.67029
2025-03-18 14:00:00+07:00,CMT8,44.432375272115074,10.78533,106.67029
2025-03-18 15:00:00+07:00,CMT8,46.917375246683754,10.78533,106.67029
2025-03-18 16:00:00+07:00,CMT8,44.99891726175944,10.78533,106.67029
2025-03-18 17:00:00+07:00,CMT8,35.51395813624064,10.78533,106.67029
2025-03-18 18:00:00+07:00,CMT8,29.65304120381673,10.78533,106.67029
2025-03-18 19:00:00+07:00,CMT8,31.211124897003174,10.78533,106.67029
2025-03-18 20:00:00+07:00,CMT8,33.11483351389567,10.78533,106.67029
2025-03-18 21:00:00+07:00,CMT8,31.609416961669922,10.78533,106.67029
2025-03-18 22:00:00+07:00,CMT8,32.864916483561196,10.78533,106.67029
2025-03-18 23:00:00+07:00,CMT8,37.10466639200846,10.78533,106.67029
2025-03-19 00:00:00+07:00,CMT8,38.06591606140137,10.78533,106.67029
2025-03-19 01:00:00+07:00,CMT8,39.34495830535889,10.78533,106.67029
2025-03-19 02:00:00+07:00,CMT8,35.645583152770996,10.78533,106.67029
2025-03-19 03:00:00+07:00,CMT8,31.710458119710285,10.78533,106.67029
2025-03-19 04:00:00+07:00,CMT8,30.613208452860516,10.78533,106.67029
2025-03-19 05:00:00+07:00,CMT8,47.970499992370605,10.78533,106.67029
2025-03-19 06:00:00+07:00,CMT8,41.43937460581461,10.78533,106.67029
2025-03-19 07:00:00+07:00,CMT8,44.15499973297119,10.78533,106.67029
2025-03-19 08:00:00+07:00,CMT8,36.648542404174805,10.78533,106.67029
2025-03-19 09:00:00+07:00,CMT8,36.16808350880941,10.78533,106.67029
2025-03-19 10:00:00+07:00,CMT8,33.39366642634074,10.78533,106.67029
2025-03-19 11:00:00+07:00,CMT8,34.74791653951009,10.78533,106.67029
2025-03-19 12:00:00+07:00,CMT8,32.91004196802775,10.78533,106.67029
2025-03-19 13:00:00+07:00,CMT8,32.077625115712486,10.78533,106.67029
2025-03-19 14:00:00+07:00,CMT8,27.313166459401447,10.78533,106.67029
2025-03-19 15:00:00+07:00,CMT8,31.833138942718506,10.78533,106.67029
2025-03-19 16:00:00+07:00,CMT8,35.67245864868164,10.78533,106.67029
2025-03-19 17:00:00+07:00,CMT8,35.95420869191488,10.78533,106.67029
2025-03-19 18:00:00+07:00,CMT8,31.7726248105367,10.78533,106.67029
2025-03-19 19:00:00+07:00,CMT8,31.355082988739014,10.78533,106.67029
2025-03-19 20:00:00+07:00,CMT8,39.105417251586914,10.78533,106.67029
2025-03-19 21:00:00+07:00,CMT8,42.97362486521403,10.78533,106.67029
2025-03-19 22:00:00+07:00,CMT8,44.19145838419596,10.78533,106.67029
2025-03-19 23:00:00+07:00,CMT8,38.8102502822876,10.78533,106.67029
2025-03-20 00:00:00+07:00,CMT8,37.10454146067301,10.78533,106.67029
2025-03-20 01:00:00+07:00,CMT8,35.94425010681152,10.78533,106.67029
2025-03-20 02:00:00+07:00,CMT8,33.94258371988932,10.78533,106.67029
2025-03-20 03:00:00+07:00,CMT8,34.65945847829183,10.78533,106.67029
2025-03-20 04:00:00+07:00,CMT8,35.29291661580404,10.78533,106.67029
2025-03-20 05:00:00+07:00,CMT8,39.91558329264323,10.78533,106.67029
2025-03-20 06:00:00+07:00,CMT8,40.427124977111816,10.78533,106.67029
2025-03-20 07:00:00+07:00,CMT8,38.22762552897135,10.78533,106.67029
2025-03-20 08:00:00+07:00,CMT8,36.145833333333336,10.78533,106.67029
2025-03-20 09:00:00+07:00,CMT8,62.27345848083496,10.78533,106.67029
2025-03-20 10:00:00+07:00,CMT8,53.361416816711426,10.78533,106.67029
2025-03-20 11:00:00+07:00,CMT8,47.913333892822266,10.78533,106.67029
2025-03-20 12:00:00+07:00,CMT8,46.78087488810221,10.78533,106.67029
2025-03-20 13:00:00+07:00,CMT8,40.63745911916097,10.78533,106.67029
2025-03-20 14:00:00+07:00,CMT8,42.8800417582194,10.78533,106.67029
2025-03-20 15:00:00+07:00,CMT8,44.92081960042318,10.78533,106.67029
2025-03-20 16:00:00+07:00,CMT8,48.88829199473063,10.78533,106.67029
2025-03-20 17:00:00+07:00,CMT8,51.4536247253418,10.78533,106.67029
2025-03-20 18:00:00+07:00,CMT8,45.08904139200846,10.78533,106.67029
2025-03-20 19:00:00+07:00,CMT8,42.68745803833008,10.78533,106.67029
2025-03-20 20:00:00+07:00,CMT8,40.04741668701172,10.78533,106.67029
2025-03-20 21:00:00+07:00,CMT8,36.84445842107137,10.78533,106.67029
2025-03-20 22:00:00+07:00,CMT8,33.324333826700844,10.78533,106.67029
2025-03-20 23:00:00+07:00,CMT8,33.15095774332682,10.78533,106.67029
2025-03-21 00:00:00+07:00,CMT8,43.76495838165283,10.78533,106.67029
2025-03-21 01:00:00+07:00,CMT8,50.93008295694987,10.78533,106.67029
2025-03-21 02:00:00+07:00,CMT8,56.399708112080894,10.78533,106.67029
2025-03-21 03:00:00+07:00,CMT8,47.84279219309489,10.78533,106.67029
2025-03-21 04:00:00+07:00,CMT8,43.102708180745445,10.78533,106.67029
2025-03-21 05:00:00+07:00,CMT8,36.89733346303304,10.78533,106.67029
2025-03-21 06:00:00+07:00,CMT8,56.94741662343343,10.78533,106.67029
2025-03-21 07:00:00+07:00,CMT8,48.655500411987305,10.78533,106.67029
2025-03-21 08:00:00+07:00,CMT8,52.811750411987305,10.78533,106.67029
2025-03-21 09:00:00+07:00,CMT8,62.59649976094564,10.78533,106.67029
2025-03-21 10:00:00+07:00,CMT8,78.71299934387207,10.78533,106.67029
2025-03-21 11:00:00+07:00,CMT8,63.80958366394043,10.78533,106.67029
2025-03-21 12:00:00+07:00,CMT8,48.76137447357178,10.78533,106.67029
2025-03-21 13:00:00+07:00,CMT8,48.610874811808266,10.78533,106.67029
2025-03-21 14:00:00+07:00,CMT8,47.30470848083496,10.78533,106.67029
2025-03-21 15:00:00+07:00,CMT8,46.15458329518636,10.78533,106.67029
2025-03-21 16:00:00+07:00,CMT8,41.327667236328125,10.78533,106.67029
2025-03-21 17:00:00+07:00,CMT8,47.60049978892008,10.78533,106.67029
2025-03-21 18:00:00+07:00,CMT8,50.29436079661051,10.78533,106.67029
2025-03-21 19:00:00+07:00,CMT8,47.63566748301188,10.78533,106.67029
2025-03-21 20:00:00+07:00,CMT8,46.35066636403402,10.78533,106.67029
2025-03-21 21:00:00+07:00,CMT8,43.63879203796387,10.78533,106.67029
2025-03-21 22:00:00+07:00,CMT8,44.96687539418539,10.78533,106.67029
2025-03-21 23:00:00+07:00,CMT8,47.42962487538656,10.78533,106.67029
2025-03-22 00:00:00+07:00,CMT8,43.556833267211914,10.78533,106.67029
2025-03-22 01:00:00+07:00,CMT8,43.56770865122477,10.78533,106.67029
2025-03-22 02:00:00+07:00,CMT8,46.735832850138344,10.78533,106.67029
2025-03-22 03:00:00+07:00,CMT8,47.95224984486898,10.78533,106.67029
2025-03-22 04:00:00+07:00,CMT8,49.76395893096924,10.78533,106.67029
2025-03-22 05:00:00+07:00,CMT8,55.17720858256022,10.78533,106.67029
2025-03-22 06:00:00+07:00,CMT8,73.12124951680501,10.78533,106.67029
2025-03-22 07:00:00+07:00,CMT8,101.50216674804688,10.78533,106.67029
2025-03-22 08:00:00+07:00,CMT8,101.70820808410645,10.78533,106.67029
2025-03-22 09:00:00+07:00,CMT8,76.81904125213623,10.78533,106.67029
2025-03-22 10:00:00+07:00,CMT8,59.979041735331215,10.78533,106.67029
2025-03-22 11:00:00+07:00,CMT8,59.25658321380615,10.78533,106.67029
2025-03-22 12:00:00+07:00,CMT8,57.52083365122477,10.78533,106.67029
2025-03-22 13:00:00+07:00,CMT8,53.94212532043457,10.78533,106.67029
2025-03-22 14:00:00+07:00,CMT8,53.45037523905436,10.78533,106.67029
2025-03-22 15:00:00+07:00,CMT8,55.20574951171875,10.78533,106.67029
2025-03-22 16:00:00+07:00,CMT8,69.22304217020671,10.78533,106.67029
2025-03-22 17:00:00+07:00,CMT8,59.146416664123535,10.78533,106.67029
2025-03-22 18:00:00+07:00,CMT8,49.05766646067301,10.78533,106.67029
2025-03-22 19:00:00+07:00,CMT8,45.07950083414713,10.78533,106.67029
2025-03-22 20:00:00+07:00,CMT8,40.473249753316246,10.78533,106.67029
2025-03-22 21:00:00+07:00,CMT8,40.3356663386027,10.78533,106.67029
2025-03-22 22:00:00+07:00,CMT8,40.07979234059652,10.78533,106.67029
2025-03-22 23:00:00+07:00,CMT8,39.15150006612142,10.78533,106.67029
2025-03-23 00:00:00+07:00,CMT8,46.12566661834717,10.78533,106.67029
2025-03-23 01:00:00+07:00,CMT8,44.53458340962728,10.78533,106.67029
2025-03-23 02:00:00+07:00,CMT8,44.7112086613973,10.78533,106.67029
2025-03-23 03:00:00+07:00,CMT8,44.329416275024414,10.78533,106.67029
2025-03-23 04:00:00+07:00,CMT8,43.28779125213623,10.78533,106.67029
2025-03-23 05:00:00+07:00,CMT8,45.8619171778361,10.78533,106.67029
2025-03-23 06:00:00+07:00,CMT8,49.2179168065389,10.78533,106.67029
2025-03-23 07:00:00+07:00,CMT8,61.101624488830566,10.78533,106.67029
2025-03-23 08:00:00+07:00,CMT8,72.20425033569336,10.78533,106.67029
2025-03-23 09:00:00+07:00,CMT8,83.48416646321614,10.78533,106.67029
2025-03-23 10:00:00+07:00,CMT8,103.32458241780598,10.78533,106.67029
2025-03-23 11:00:00+07:00,CMT8,100.39695739746094,10.78533,106.67029
2025-03-23 12:00:00+07:00,CMT8,92.40058263142903,10.78533,106.67029
2025-03-23 13:00:00+07:00,CMT8,84.4270413716634,10.78533,106.67029
2025-03-23 14:00:00+07:00,CMT8,70.18170738220215,10.78533,106.67029
2025-03-23 15:00:00+07:00,CMT8,67.41683197021484,10.78533,106.67029
2025-03-23 16:00:00+07:00,CMT8,63.98366737365723,10.78533,106.67029
2025-03-23 17:00:00+07:00,CMT8,54.765042304992676,10.78533,106.67029
2025-03-23 18:00:00+07:00,CMT8,47.47954177856445,10.78533,106.67029
2025-03-23 19:00:00+07:00,CMT8,49.43929195404053,10.78533,106.67029
2025-03-23 20:00:00+07:00,CMT8,49.74962488810221,10.78533,106.67029
2025-03-23 21:00:00+07:00,CMT8,42.51824982961019,10.78533,106.67029
2025-03-23 22:00:00+07:00,CMT8,40.78019428253174,10.78533,106.67029
2025-03-23 23:00:00+07:00,CMT8,35.483083724975586,10.78533,106.67029
2025-03-24 00:00:00+07:00,CMT8,33.24329137802124,10.78533,106.67029
2025-03-24 01:00:00+07:00,CMT8,32.36016686757406,10.78533,106.67029
2025-03-24 02:00:00+07:00,CMT8,33.37174987792969,10.78533,106.67029
2025-03-24 03:00:00+07:00,CMT8,32.77983331680298,10.78533,106.67029
2025-03-24 04:00:00+07:00,CMT8,33.786499977111816,10.78533,106.67029
2025-03-24 05:00:00+07:00,CMT8,34.904791831970215,10.78533,106.67029
2025-03-24 06:00:00+07:00,CMT8,38.440917015075684,10.78533,106.67029
2025-03-24 07:00:00+07:00,CMT8,43.52520879109701,10.78533,106.67029
2025-03-24 08:00:00+07:00,CMT8,42.26058292388916,10.78533,106.67029
2025-03-24 09:00:00+07:00,CMT8,44.37270863850912,10.78533,106.67029
2025-03-24 10:00:00+07:00,CMT8,46.38275019327799,10.78533,106.67029
2025-03-24 11:00:00+07:00,CMT8,49.355834007263184,10.78533,106.67029
2025-03-24 12:00:00+07:00,CMT8,58.1939582824707,10.78533,106.67029
2025-03-24 13:00:00+07:00,CMT8,78.45016670227051,10.78533,106.67029
2025-03-24 14:00:00+07:00,CMT8,82.15091641743977,10.78533,106.67029
2025-03-24 15:00:00+07:00,CMT8,81.8873742421468,10.78533,106.67029
2025-03-24 16:00:00+07:00,CMT8,66.76175053914388,10.78533,106.67029
2025-03-24 17:00:00+07:00,CMT8,45.60866673787435,10.78533,106.67029
2025-03-24 18:00:00+07:00,CMT8,44.43958346048991,10.78533,106.67029
2025-03-24 19:00:00+07:00,CMT8,44.64029089609782,10.78533,106.67029
2025-03-24 20:00:00+07:00,CMT8,42.78845818837484,10.78533,106.67029
2025-03-24 21:00:00+07:00,CMT8,37.31400012969971,10.78533,106.67029
2025-03-24 22:00:00+07:00,CMT8,34.421125411987305,10.78533,106.67029
2025-03-24 23:00:00+07:00,CMT8,32.639333724975586,10.78533,106.67029
2025-03-25 00:00:00+07:00,CMT8,30.79074986775716,10.78533,106.67029
2025-03-25 01:00:00+07:00,CMT8,27.239166418711346,10.78533,106.67029
2025-03-25 02:00:00+07:00,CMT8,24.271616554260255,10.78533,106.67029
2025-03-25 03:00:00+07:00,CMT8,24.06891663869222,10.78533,106.67029
2025-03-25 04:00:00+07:00,CMT8,24.183249950408936,10.78533,106.67029
2025-03-25 05:00:00+07:00,CMT8,25.326500097910564,10.78533,106.67029
2025-03-25 06:00:00+07:00,CMT8,31.402305444081623,10.78533,106.67029
2025-03-25 07:00:00+07:00,CMT8,42.05916630138051,10.78533,106.67029
2025-03-25 08:00:00+07:00,CMT8,42.12162526448568,10.78533,106.67029
2025-03-25 09:00:00+07:00,CMT8,37.28612518310547,10.78533,106.67029
2025-03-25 10:00:00+07:00,CMT8,39.83433310190836,10.78533,106.67029
2025-03-25 11:00:00+07:00,CMT8,39.553917249043785,10.78533,106.67029
2025-03-25 12:00:00+07:00,CMT8,39.04337533315023,10.78533,106.67029
2025-03-25 13:00:00+07:00,CMT8,35.56725025177002,10.78533,106.67029
2025-03-25 14:00:00+07:00,CMT8,35.111541430155434,10.78533,106.67029
2025-03-25 15:00:00+07:00,CMT8,35.353291511535645,10.78533,106.67029
2025-03-25 16:00:00+07:00,CMT8,33.24262507756551,10.78533,106.67029
2025-03-25 17:00:00+07:00,CMT8,33.6135835647583,10.78533,106.67029
2025-03-25 18:00:00+07:00,CMT8,34.45716635386149,10.78533,106.67029
2025-03-25 19:00:00+07:00,CMT8,34.98216692606608,10.78533,106.67029
2025-03-25 20:00:00+07:00,CMT8,33.25016641616821,10.78533,106.67029
2025-03-25 21:00:00+07:00,CMT8,31.411791642506916,10.78533,106.67029
2025-03-25 22:00:00+07:00,CMT8,30.275583426157635,10.78533,106.67029
2025-03-25 23:00:00+07:00,CMT8,29.613791624704998,10.78533,106.67029
2025-03-26 00:00:00+07:00,CMT8,31.60600010553996,10.78533,106.67029
2025-03-26 01:00:00+07:00,CMT8,38.867958545684814,10.78533,106.67029
2025-03-26 02:00:00+07:00,CMT8,44.201541582743324,10.78533,106.67029
2025-03-26 03:00:00+07:00,CMT8,40.786041259765625,10.78533,106.67029
2025-03-26 04:00:00+07:00,CMT8,42.399458249409996,10.78533,106.67029
2025-03-26 05:00:00+07:00,CMT8,41.94925053914388,10.78533,106.67029
2025-03-26 06:00:00+07:00,CMT8,43.353333473205566,10.78533,106.67029
2025-03-26 07:00:00+07:00,CMT8,58.40720844268799,10.78533,106.67029
2025-03-26 08:00:00+07:00,CMT8,45.63508288065592,10.78533,106.67029
2025-03-26 09:00:00+07:00,CMT8,40.98658307393392,10.78533,106.67029
2025-03-26 10:00:00+07:00,CMT8,37.44545793533325,10.78533,106.67029
2025-03-26 11:00:00+07:00,CMT8,35.490291913350426,10.78533,106.67029
2025-03-26 12:00:00+07:00,CMT8,40.31579144795736,10.78533,106.67029
2025-03-26 13:00:00+07:00,CMT8,38.48170820871989,10.78533,106.67029
2025-03-26 14:00:00+07:00,CMT8,38.6598752339681,10.78533,106.67029
2025-03-26 15:00:00+07:00,CMT8,41.33429209391276,10.78533,106.67029
2025-03-26 16:00:00+07:00,CMT8,41.137393257834695,10.78533,106.67029
2025-03-26 17:00:00+07:00,CMT8,42.967986742655434,10.78533,106.67029
2025-03-26 18:00:00+07:00,CMT8,40.38950061798096,10.78533,106.67029
2025-03-26 19:00:00+07:00,CMT8,40.01804161071777,10.78533,106.67029
2025-03-26 20:00:00+07:00,CMT8,35.91366640726725,10.78533,106.67029
2025-03-26 21:00:00+07:00,CMT8,34.39750019709269,10.78533,106.67029
2025-03-26 22:00:00+07:00,CMT8,33.24566650390625,10.78533,106.67029
2025-03-26 23:00:00+07:00,CMT8,32.836125214894615,10.78533,106.67029
2025-03-27 00:00:00+07:00,CMT8,36.15270868937174,10.78533,106.67029
2025-03-27 01:00:00+07:00,CMT8,34.3524169921875,10.78533,106.67029
2025-03-27 02:00:00+07:00,CMT8,31.63000027338664,10.78533,106.67029
2025-03-27 03:00:00+07:00,CMT8,32.39145851135254,10.78533,106.67029
2025-03-27 04:00:00+07:00,CMT8,38.92362531026205,10.78533,106.67029
2025-03-27 05:00:00+07:00,CMT8,33.77383295694987,10.78533,106.67029
2025-03-27 06:00:00+07:00,CMT8,43.04937489827474,10.78533,106.67029
2025-03-27 07:00:00+07:00,CMT8,43.619750340779625,10.78533,106.67029
2025-03-27 08:00:00+07:00,CMT8,42.93091615041097,10.78533,106.67029
2025-03-27 09:00:00+07:00,CMT8,37.42508316040039,10.78533,106.67029
2025-03-27 10:00:00+07:00,CMT8,38.532875061035156,10.78533,106.67029
2025-03-27 11:00:00+07:00,CMT8,41.55566692352295,10.78533,106.67029
2025-03-27 12:00:00+07:00,CMT8,39.39787483215332,10.78533,106.67029
2025-03-27 13:00:00+07:00,CMT8,33.80695883433024,10.78533,106.67029
2025-03-27 14:00:00+07:00,CMT8,32.14054218928019,10.78533,106.67029
2025-03-27 15:00:00+07:00,CMT8,32.71616633733114,10.78533,106.67029
2025-03-27 16:00:00+07:00,CMT8,33.229082902272545,10.78533,106.67029
2025-03-27 17:00:00+07:00,CMT8,36.65924994150797,10.78533,106.67029
2025-03-27 18:00:00+07:00,CMT8,35.94704167048136,10.78533,106.67029
2025-03-27 19:00:00+07:00,CMT8,36.38412491480509,10.78533,106.67029
2025-03-27 20:00:00+07:00,CMT8,34.29599952697754,10.78533,106.67029
2025-03-27 21:00:00+07:00,CMT8,29.59499979019165,10.78533,106.67029
2025-03-27 22:00:00+07:00,CMT8,29.372583548227947,10.78533,106.67029
2025-03-27 23:00:00+07:00,CMT8,27.592583497365315,10.78533,106.67029
2025-03-28 00:00:00+07:00,CMT8,26.206666787465412,10.78533,106.67029
2025-03-28 01:00:00+07:00,CMT8,25.685083389282227,10.78533,106.67029
2025-03-28 02:00:00+07:00,CMT8,22.501041730244953,10.78533,106.67029
2025-03-28 03:00:00+07:00,CMT8,23.050333340962727,10.78533,106.67029
2025-03-28 04:00:00+07:00,CMT8,24.911041736602783,10.78533,106.67029
2025-03-28 05:00:00+07:00,CMT8,25.991333325703938,10.78533,106.67029
2025-03-28 06:00:00+07:00,CMT8,31.22183354695638,10.78533,106.67029
2025-03-28 07:00:00+07:00,CMT8,36.043707529703774,10.78533,106.67029
2025-03-28 08:00:00+07:00,CMT8,36.02266629536947,10.78533,106.67029
2025-03-28 09:00:00+07:00,CMT8,37.89829158782959,10.78533,106.67029
2025-03-28 10:00:00+07:00,CMT8,35.19033336639404,10.78533,106.67029
2025-03-28 11:00:00+07:00,CMT8,34.16487487157186,10.78533,106.67029
2025-03-28 12:00:00+07:00,CMT8,34.19375022252401,10.78533,106.67029
2025-03-28 13:00:00+07:00,CMT8,26.699333508809406,10.78533,106.67029
2025-03-28 14:00:00+07:00,CMT8,25.665541648864746,10.78533,106.67029
2025-03-28 15:00:00+07:00,CMT8,26.7075834274292,10.78533,106.67029
2025-03-28 16:00:00+07:00,CMT8,25.425166765848797,10.78533,106.67029
2025-03-28 17:00:00+07:00,CMT8,30.872708161671955,10.78533,106.67029
2025-03-28 18:00:00+07:00,CMT8,30.38266674677531,10.78533,106.67029
2025-03-28 19:00:00+07:00,CMT8,38.70887517929077,10.78533,106.67029
2025-03-28 20:00:00+07:00,CMT8,34.5197499593099,10.78533,106.67029
2025-03-28 21:00:00+07:00,CMT8,27.58158302307129,10.78533,106.67029
2025-03-28 22:00:00+07:00,CMT8,26.95829184850057,10.78533,106.67029
2025-03-28 23:00:00+07:00,CMT8,28.391250133514404,10.78533,106.67029
2025-03-29 00:00:00+07:00,CMT8,27.46737543741862,10.78533,106.67029
2025-03-29 01:00:00+07:00,CMT8,25.372041702270508,10.78533,106.67029
2025-03-29 02:00:00+07:00,CMT8,25.525500297546387,10.78533,106.67029
2025-03-29 03:00:00+07:00,CMT8,24.258541584014893,10.78533,106.67029
2025-03-29 04:00:00+07:00,CMT8,19.615416685740154,10.78533,106.67029
2025-03-29 05:00:00+07:00,CMT8,20.132041613260906,10.78533,106.67029
2025-03-29 06:00:00+07:00,CMT8,24.822458426157635,10.78533,106.67029
2025-03-29 07:00:00+07:00,CMT8,31.446250120798748,10.78533,106.67029
2025-03-29 08:00:00+07:00,CMT8,27.057374795277912,10.78533,106.67029
2025-03-29 09:00:00+07:00,CMT8,28.323958079020183,10.78533,106.67029
2025-03-29 10:00:00+07:00,CMT8,28.198624928792317,10.78533,106.67029
2025-03-29 11:00:00+07:00,CMT8,36.979333559672035,10.78533,106.67029
2025-03-29 12:00:00+07:00,CMT8,38.896541913350426,10.78533,106.67029
2025-03-29 13:00:00+07:00,CMT8,34.795667012532554,10.78533,106.67029
2025-03-29 14:00:00+07:00,CMT8,29.292041619618733,10.78533,106.67029
2025-03-29 15:00:00+07:00,CMT8,17.4742914835612,10.78533,106.67029
2025-03-29 16:00:00+07:00,CMT8,16.239750067392986,10.78533,106.67029
2025-03-29 17:00:00+07:00,CMT8,23.315374692281086,10.78533,106.67029
2025-03-29 18:00:00+07:00,CMT8,23.605166753133137,10.78533,106.67029
2025-03-29 19:00:00+07:00,CMT8,27.7232502301534,10.78533,106.67029
2025-03-29 20:00:00+07:00,CMT8,31.56512514750163,10.78533,106.67029
2025-03-29 21:00:00+07:00,CMT8,20.522541522979736,10.78533,106.67029
2025-03-29 22:00:00+07:00,CMT8,20.59683322906494,10.78533,106.67029
2025-03-29 23:00:00+07:00,CMT8,15.724666674931845,10.78533,106.67029
2025-03-30 00:00:00+07:00,CMT8,17.472166776657104,10.78533,106.67029
2025-03-30 01:00:00+07:00,CMT8,17.64679153760274,10.78533,106.67029
2025-03-30 02:00:00+07:00,CMT8,26.235125223795574,10.78533,106.67029
2025-03-30 03:00:00+07:00,CMT8,30.252999941507976,10.78533,106.67029
2025-03-30 04:00:00+07:00,CMT8,28.13962523142497,10.78533,106.67029
2025-03-30 05:00:00+07:00,CMT8,24.13629150390625,10.78533,106.67029
2025-03-30 06:00:00+07:00,CMT8,26.525833129882812,10.78533,106.67029
2025-03-30 07:00:00+07:00,CMT8,35.132874965667725,10.78533,106.67029
2025-03-30 08:00:00+07:00,CMT8,35.45033359527588,10.78533,106.67029
2025-03-30 09:00:00+07:00,CMT8,35.969791412353516,10.78533,106.67029
2025-03-30 10:00:00+07:00,CMT8,37.14905548095703,10.78533,106.67029
2025-03-30 11:00:00+07:00,CMT8,34.246041456858315,10.78533,106.67029
2025-03-30 12:00:00+07:00,CMT8,36.76604175567627,10.78533,106.67029
2025-03-30 13:00:00+07:00,CMT8,34.62399991353353,10.78533,106.67029
2025-03-30 14:00:00+07:00,CMT8,35.100625356038414,10.78533,106.67029
2025-03-30 15:00:00+07:00,CMT8,31.109458446502686,10.78533,106.67029
2025-03-30 16:00:00+07:00,CMT8,31.838916937510174,10.78533,106.67029
2025-03-30 17:00:00+07:00,CMT8,56.00345802307129,10.78533,106.67029
2025-03-30 18:00:00+07:00,CMT8,39.86358324686686,10.78533,106.67029
2025-03-30 19:00:00+07:00,CMT8,43.61199951171875,10.78533,106.67029
2025-03-30 20:00:00+07:00,CMT8,46.256083488464355,10.78533,106.67029
2025-03-30 21:00:00+07:00,CMT8,35.57691669464111,10.78533,106.67029
2025-03-30 22:00:00+07:00,CMT8,34.52733357747396,10.78533,106.67029
2025-03-30 23:00:00+07:00,CMT8,32.47124973932902,10.78533,106.67029
2025-03-31 00:00:00+07:00,CMT8,29.849666595458984,10.78533,106.67029
2025-03-31 01:00:00+07:00,CMT8,25.409611225128174,10.78533,106.67029
2025-03-31 02:00:00+07:00,CMT8,23.8177916208903,10.78533,106.67029
2025-03-31 03:00:00+07:00,CMT8,34.5105832417806,10.78533,106.67029
2025-03-31 04:00:00+07:00,CMT8,46.687500635782875,10.78533,106.67029
2025-03-31 05:00:00+07:00,CMT8,46.019792238871254,10.78533,106.67029
2025-03-31 06:00:00+07:00,CMT8,44.01087506612142,10.78533,106.67029
2025-03-31 07:00:00+07:00,CMT8,45.2920831044515,10.78533,106.67029
2025-03-31 08:00:00+07:00,CMT8,44.32641633351644,10.78533,106.67029
2025-03-31 09:00:00+07:00,CMT8,40.43266677856445,10.78533,106.67029
2025-03-31 10:00:00+07:00,CMT8,48.3810001373291,10.78533,106.67029
2025-03-31 11:00:00+07:00,CMT8,52.15518808364868,10.78533,106.67029
2025-03-31 12:00:00+07:00,CMT8,48.96550051371256,10.78533,106.67029
2025-03-31 13:00:00+07:00,CMT8,41.70354207356771,10.78533,106.67029
2025-03-31 14:00:00+07:00,CMT8,35.11037540435791,10.78533,106.67029
2025-03-31 15:00:00+07:00,CMT8,28.93712504704793,10.78533,106.67029
2025-03-31 16:00:00+07:00,CMT8,22.122166633605957,10.78533,106.67029
2025-03-31 17:00:00+07:00,CMT8,34.93179162343343,10.78533,106.67029
2025-03-31 18:00:00+07:00,CMT8,33.450374921162926,10.78533,106.67029
2025-03-31 19:00:00+07:00,CMT8,37.864791552225746,10.78533,106.67029
2025-03-31 20:00:00+07:00,CMT8,46.296957651774086,10.78533,106.67029
2025-03-31 21:00:00+07:00,CMT8,50.93529192606608,10.78533,106.67029
2025-03-31 22:00:00+07:00,CMT8,50.0563751856486,10.78533,106.67029
2025-03-31 23:00:00+07:00,CMT8,50.52566687266032,10.78533,106.67029
2025-04-01 00:00:00+07:00,CMT8,50.65149974822998,10.78533,106.67029
2025-04-01 01:00:00+07:00,CMT8,50.37812519073486,10.78533,106.67029
2025-04-01 02:00:00+07:00,CMT8,60.946291287740074,10.78533,106.67029
2025-04-01 03:00:00+07:00,CMT8,48.918542544047035,10.78533,106.67029
2025-04-01 04:00:00+07:00,CMT8,47.3130833307902,10.78533,106.67029
2025-04-01 05:00:00+07:00,CMT8,41.94462490081787,10.78533,106.67029
2025-04-01 06:00:00+07:00,CMT8,47.67758353551229,10.78533,106.67029
2025-04-01 07:00:00+07:00,CMT8,98.28487396240234,10.78533,106.67029
2025-04-01 08:00:00+07:00,CMT8,81.58529218037923,10.78533,106.67029
2025-04-01 09:00:00+07:00,CMT8,75.07945823669434,10.78533,106.67029
2025-04-01 10:00:00+07:00,CMT8,87.48929150899251,10.78533,106.67029
2025-04-01 11:00:00+07:00,CMT8,94.87650044759114,10.78533,106.67029
2025-04-01 12:00:00+07:00,CMT8,67.72991689046223,10.78533,106.67029
2025-04-01 13:00:00+07:00,CMT8,39.88854122161865,10.78533,106.67029
2025-04-01 14:00:00+07:00,CMT8,38.426041762034096,10.78533,106.67029
2025-04-01 15:00:00+07:00,CMT8,68.83824984232585,10.78533,106.67029
2025-04-01 16:00:00+07:00,CMT8,115.12233289082845,10.78533,106.67029
2025-04-01 17:00:00+07:00,CMT8,77.48474979400635,10.78533,106.67029
2025-04-01 18:00:00+07:00,CMT8,43.03575038909912,10.78533,106.67029
2025-04-01 19:00:00+07:00,CMT8,76.41833241780598,10.78533,106.67029
2025-04-01 20:00:00+07:00,CMT8,72.56887499491374,10.78533,106.67029
2025-04-01 21:00:00+07:00,CMT8,77.36204210917155,10.78533,106.67029
2025-04-01 22:00:00+07:00,CMT8,74.08383369445801,10.78533,106.67029
2025-04-01 23:00:00+07:00,CMT8,56.30929152170817,10.78533,106.67029
2025-04-02 00:00:00+07:00,CMT8,75.40629164377849,10.78533,106.67029
2025-04-02 01:00:00+07:00,CMT8,97.63412412007649,10.78533,106.67029
2025-04-02 02:00:00+07:00,CMT8,80.43345705668132,10.78533,106.67029
2025-04-02 03:00:00+07:00,CMT8,77.03125,10.78533,106.67029
2025-04-02 04:00:00+07:00,CMT8,84.2973747253418,10.78533,106.67029
2025-04-02 05:00:00+07:00,CMT8,79.63349946339925,10.78533,106.67029
2025-04-02 06:00:00+07:00,CMT8,44.743208249409996,10.78533,106.67029
2025-04-02 07:00:00+07:00,CMT8,50.52204163869222,10.78533,106.67029
2025-04-02 08:00:00+07:00,CMT8,59.60137494405111,10.78533,106.67029
2025-04-02 09:00:00+07:00,CMT8,41.3630002339681,10.78533,106.67029
2025-04-02 10:00:00+07:00,CMT8,45.506666819254555,10.78533,106.67029
2025-04-02 11:00:00+07:00,CMT8,41.376624743143715,10.78533,106.67029
2025-04-02 12:00:00+07:00,CMT8,18.346875031789143,10.78533,106.67029
2025-04-02 13:00:00+07:00,CMT8,11.211833318074545,10.78533,106.67029
2025-04-02 14:00:00+07:00,CMT8,10.825291633605957,10.78533,106.67029
2025-04-02 15:00:00+07:00,CMT8,9.554583430290222,10.78533,106.67029
2025-04-02 16:00:00+07:00,CMT8,11.850624879201254,10.78533,106.67029
2025-04-02 17:00:00+07:00,CMT8,11.994500080744425,10.78533,106.67029
2025-04-02 18:00:00+07:00,CMT8,15.695083220799765,10.78533,106.67029
2025-04-02 19:00:00+07:00,CMT8,19.85129149754842,10.78533,106.67029
2025-04-02 20:00:00+07:00,CMT8,23.12741708755493,10.78533,106.67029
2025-04-02 21:00:00+07:00,CMT8,18.880333423614502,10.78533,106.67029
2025-04-02 22:00:00+07:00,CMT8,17.637208461761475,10.78533,106.67029
2025-04-02 23:00:00+07:00,CMT8,17.82937494913737,10.78533,106.67029
2025-04-03 00:00:00+07:00,CMT8,17.41450031598409,10.78533,106.67029
2025-04-03 01:00:00+07:00,CMT8,12.463208357493082,10.78533,106.67029
2025-04-03 02:00:00+07:00,CMT8,11.357583363850912,10.78533,106.67029
2025-04-03 03:00:00+07:00,CMT8,14.050416628519693,10.78533,106.67029
2025-04-03 04:00:00+07:00,CMT8,13.19670828183492,10.78533,106.67029
2025-04-03 05:00:00+07:00,CMT8,17.418083429336548,10.78533,106.67029
2025-04-03 06:00:00+07:00,CMT8,21.143874963124592,10.78533,106.67029
2025-04-03 07:00:00+07:00,CMT8,30.034416516621906,10.78533,106.67029
2025-04-03 08:00:00+07:00,CMT8,40.25037542978922,10.78533,106.67029
2025-04-03 09:00:00+07:00,CMT8,59.89441680908203,10.78533,106.67029
2025-04-03 10:00:00+07:00,CMT8,52.26737531026205,10.78533,106.67029
2025-04-03 11:00:00+07:00,CMT8,41.712624867757164,10.78533,106.67029
2025-04-03 12:00:00+07:00,CMT8,23.029666900634766,10.78533,106.67029
2025-04-03 13:00:00+07:00,CMT8,12.998208204905191,10.78533,106.67029
2025-04-03 14:00:00+07:00,CMT8,10.24441663424174,10.78533,106.67029
2025-04-03 15:00:00+07:00,CMT8,12.625625054041544,10.78533,106.67029
2025-04-03 16:00:00+07:00,CMT8,13.5652916431427,10.78533,106.67029
2025-04-03 17:00:00+07:00,CMT8,22.422250032424927,10.78533,106.67029
2025-04-03 18:00:00+07:00,CMT8,20.144749959309895,10.78533,106.67029
2025-04-03 19:00:00+07:00,CMT8,31.090500036875408,10.78533,106.67029
2025-04-03 20:00:00+07:00,CMT8,27.97100035349528,10.78533,106.67029
2025-04-03 21:00:00+07:00,CMT8,18.96350034077962,10.78533,106.67029
2025-04-03 22:00:00+07:00,CMT8,18.53420813878377,10.78533,106.67029
2025-04-03 23:00:00+07:00,CMT8,19.929041703542072,10.78533,106.67029
2025-04-04 00:00:00+07:00,CMT8,18.670374790827434,10.78533,106.67029
2025-04-04 01:00:00+07:00,CMT8,22.495083332061768,10.78533,106.67029
2025-04-04 02:00:00+07:00,CMT8,23.013458410898846,10.78533,106.67029
2025-04-04 03:00:00+07:00,CMT8,23.726541837056477,10.78533,106.67029
2025-04-04 04:00:00+07:00,CMT8,28.40483331680298,10.78533,106.67029
2025-04-04 05:00:00+07:00,CMT8,31.25070858001709,10.78533,106.67029
2025-04-04 06:00:00+07:00,CMT8,37.12658373514811,10.78533,106.67029
2025-04-04 07:00:00+07:00,CMT8,48.32099978129069,10.78533,106.67029
2025-04-04 08:00:00+07:00,CMT8,46.73795795440674,10.78533,106.67029
2025-04-04 09:00:00+07:00,CMT8,41.9583748181661,10.78533,106.67029
2025-04-04 10:00:00+07:00,CMT8,36.9977912902832,10.78533,106.67029
2025-04-04 11:00:00+07:00,CMT8,36.87812519073486,10.78533,106.67029
2025-04-04 12:00:00+07:00,CMT8,36.15083360671997,10.78533,106.67029
2025-04-04 13:00:00+07:00,CMT8,32.254666010538735,10.78533,106.67029
2025-04-04 14:00:00+07:00,CMT8,30.461875279744465,10.78533,106.67029
2025-04-04 15:00:00+07:00,CMT8,27.426125367482502,10.78533,106.67029
2025-04-04 16:00:00+07:00,CMT8,19.67016665140788,10.78533,106.67029
2025-04-04 17:00:00+07:00,CMT8,26.877666632334392,10.78533,106.67029
2025-04-04 18:00:00+07:00,CMT8,30.229750474294026,10.78533,106.67029
2025-04-04 19:00:00+07:00,CMT8,31.77720896402995,10.78533,106.67029
2025-04-04 20:00:00+07:00,CMT8,31.632458209991455,10.78533,106.67029
2025-04-04 21:00:00+07:00,CMT8,29.458208401997883,10.78533,106.67029
2025-04-04 22:00:00+07:00,CMT8,29.772583484649658,10.78533,106.67029
2025-04-04 23:00:00+07:00,CMT8,30.360249996185303,10.78533,106.67029
2025-04-05 00:00:00+07:00,CMT8,28.425291379292805,10.78533,106.67029
2025-04-05 01:00:00+07:00,CMT8,29.246583461761475,10.78533,106.67029
2025-04-05 02:00:00+07:00,CMT8,25.7285000483195,10.78533,106.67029
2025-04-05 03:00:00+07:00,CMT8,26.47254165013631,10.78533,106.67029
2025-04-05 04:00:00+07:00,CMT8,27.090041796366375,10.78533,106.67029
2025-04-05 05:00:00+07:00,CMT8,29.666499932607014,10.78533,106.67029
2025-04-05 06:00:00+07:00,CMT8,36.166791121164955,10.78533,106.67029
2025-04-05 07:00:00+07:00,CMT8,42.673416455586754,10.78533,106.67029
2025-04-05 08:00:00+07:00,CMT8,38.20804214477539,10.78533,106.67029
2025-04-05 09:00:00+07:00,CMT8,33.84149964650472,10.78533,106.67029
2025-04-05 10:00:00+07:00,CMT8,36.45258251825968,10.78533,106.67029
2025-04-05 11:00:00+07:00,CMT8,41.61770820617676,10.78533,106.67029
2025-04-05 12:00:00+07:00,CMT8,41.33412551879883,10.78533,106.67029
2025-04-05 13:00:00+07:00,CMT8,36.155208110809326,10.78533,106.67029
2025-04-05 14:00:00+07:00,CMT8,33.430541356404625,10.78533,106.67029
2025-04-05 15:00:00+07:00,CMT8,27.169333457946777,10.78533,106.67029
2025-04-05 16:00:00+07:00,CMT8,22.63224999109904,10.78533,106.67029
2025-04-05 17:00:00+07:00,CMT8,26.007708231608074,10.78533,106.67029
2025-04-05 18:00:00+07:00,CMT8,31.590165932973225,10.78533,106.67029
2025-04-05 19:00:00+07:00,CMT8,36.11275005340576,10.78533,106.67029
2025-04-05 20:00:00+07:00,CMT8,39.95391686757406,10.78533,106.67029
2025-04-05 21:00:00+07:00,CMT8,32.972875436147056,10.78533,106.67029
2025-04-05 22:00:00+07:00,CMT8,32.917750199635826,10.78533,106.67029
2025-04-05 23:00:00+07:00,CMT8,35.39837519327799,10.78533,106.67029
2025-04-06 00:00:00+07:00,CMT8,35.1732923189799,10.78533,106.67029
2025-04-06 01:00:00+07:00,CMT8,28.95941670735677,10.78533,106.67029
2025-04-06 02:00:00+07:00,CMT8,26.032041867574055,10.78533,106.67029
2025-04-06 03:00:00+07:00,CMT8,23.186291853586834,10.78533,106.67029
2025-04-06 04:00:00+07:00,CMT8,24.818541526794434,10.78533,106.67029
2025-04-06 05:00:00+07:00,CMT8,24.667374928792317,10.78533,106.67029
2025-04-06 06:00:00+07:00,CMT8,25.377041498819988,10.78533,106.67029
2025-04-06 07:00:00+07:00,CMT8,31.115749994913738,10.78533,106.67029
2025-04-06 08:00:00+07:00,CMT8,31.76990907842463,10.78533,106.67029
2025-04-06 09:00:00+07:00,CMT8,34.90808343887329,10.78533,106.67029
2025-04-06 10:00:00+07:00,CMT8,38.355624198913574,10.78533,106.67029
2025-04-06 11:00:00+07:00,CMT8,36.38608360290527,10.78533,106.67029
2025-04-06 12:00:00+07:00,CMT8,37.92508316040039,10.78533,106.67029
2025-04-06 13:00:00+07:00,CMT8,36.782875061035156,10.78533,106.67029
2025-04-06 14:00:00+07:00,CMT8,35.932583491007485,10.78533,106.67029
2025-04-06 15:00:00+07:00,CMT8,31.182249546051025,10.78533,106.67029
2025-04-06 16:00:00+07:00,CMT8,30.776569684346516,10.78533,106.67029
2025-04-06 17:00:00+07:00,CMT8,36.08923610051473,10.78533,106.67029
2025-04-06 18:00:00+07:00,CMT8,33.259083112080894,10.78533,106.67029
2025-04-06 19:00:00+07:00,CMT8,37.5608746210734,10.78533,106.67029
2025-04-06 20:00:00+07:00,CMT8,36.090736071268715,10.78533,106.67029
2025-04-06 21:00:00+07:00,CMT8,27.305999914805096,10.78533,106.67029
2025-04-06 22:00:00+07:00,CMT8,26.313000202178955,10.78533,106.67029
2025-04-06 23:00:00+07:00,CMT8,27.697152932484943,10.78533,106.67029
2025-04-07 00:00:00+07:00,CMT8,28.077208360036213,10.78533,106.67029
2025-04-07 01:00:00+07:00,CMT8,27.195000012715656,10.78533,106.67029
2025-04-07 02:00:00+07:00,CMT8,29.148416996002197,10.78533,106.67029
2025-04-07 03:00:00+07:00,CMT8,30.324875513712566,10.78533,106.67029
2025-04-07 04:00:00+07:00,CMT8,31.857333501180012,10.78533,106.67029
2025-04-07 05:00:00+07:00,CMT8,31.29433314005534,10.78533,106.67029
2025-04-07 06:00:00+07:00,CMT8,32.37266620000204,10.78533,106.67029
2025-04-07 07:00:00+07:00,CMT8,35.179875214894615,10.78533,106.67029
2025-04-07 08:00:00+07:00,CMT8,39.70637512207031,10.78533,106.67029
2025-04-07 09:00:00+07:00,CMT8,46.565208752950035,10.78533,106.67029
2025-04-07 10:00:00+07:00,CMT8,49.97850036621094,10.78533,106.67029
2025-04-07 11:00:00+07:00,CMT8,52.24774996439616,10.78533,106.67029
2025-04-07 12:00:00+07:00,CMT8,44.181374867757164,10.78533,106.67029
2025-04-07 13:00:00+07:00,CMT8,43.1172087987264,10.78533,106.67029
2025-04-07 14:00:00+07:00,CMT8,41.53120835622152,10.78533,106.67029
2025-04-07 15:00:00+07:00,CMT8,40.42149957021078,10.78533,106.67029
2025-04-07 16:00:00+07:00,CMT8,42.79545815785726,10.78533,106.67029
2025-04-07 17:00:00+07:00,CMT8,43.7343053817749,10.78533,106.67029
2025-04-07 18:00:00+07:00,CMT8,39.174208323160805,10.78533,106.67029
2025-04-07 19:00:00+07:00,CMT8,44.2072499593099,10.78533,106.67029
2025-04-07 20:00:00+07:00,CMT8,47.55308278401693,10.78533,106.67029
2025-04-07 21:00:00+07:00,CMT8,44.24604193369547,10.78533,106.67029
2025-04-07 22:00:00+07:00,CMT8,46.14429187774658,10.78533,106.67029
2025-04-07 23:00:00+07:00,CMT8,45.956583658854164,10.78533,106.67029
2025-04-08 00:00:00+07:00,CMT8,44.13937536875407,10.78533,106.67029
2025-04-08 01:00:00+07:00,CMT8,41.779916763305664,10.78533,106.67029
2025-04-08 02:00:00+07:00,CMT8,41.07195790608724,10.78533,106.67029
2025-04-08 03:00:00+07:00,CMT8,41.56066640218099,10.78533,106.67029
2025-04-08 04:00:00+07:00,CMT8,43.32037512461344,10.78533,106.67029
2025-04-08 05:00:00+07:00,CMT8,42.65483315785726,10.78533,106.67029
2025-04-08 06:00:00+07:00,CMT8,45.50829156239828,10.78533,106.67029
2025-04-08 07:00:00+07:00,CMT8,52.76212501525879,10.78533,106.67029
2025-04-08 08:00:00+07:00,CMT8,61.114694913228355,10.78533,106.67029
2025-04-08 09:00:00+07:00,CMT8,67.5448751449585,10.78533,106.67029
2025-04-08 10:00:00+07:00,CMT8,64.9007495244344,10.78533,106.67029
2025-04-08 11:00:00+07:00,CMT8,57.418541272481285,10.78533,106.67029
2025-04-08 12:00:00+07:00,CMT8,52.4728749593099,10.78533,106.67029
2025-04-08 13:00:00+07:00,CMT8,50.27566655476888,10.78533,106.67029
2025-04-08 14:00:00+07:00,CMT8,52.66945838928223,10.78533,106.67029
2025-04-08 15:00:00+07:00,CMT8,46.59437497456869,10.78533,106.67029
2025-04-08 16:00:00+07:00,CMT8,35.71262550354004,10.78533,106.67029
2025-04-08 17:00:00+07:00,CMT8,35.99758291244507,10.78533,106.67029
2025-04-08 18:00:00+07:00,CMT8,34.10033337275187,10.78533,106.67029
2025-04-08 19:00:00+07:00,CMT8,37.19058354695638,10.78533,106.67029
2025-04-08 20:00:00+07:00,CMT8,39.72575028737386,10.78533,106.67029
2025-04-08 21:00:00+07:00,CMT8,39.92554124196371,10.78533,106.67029
2025-04-08 22:00:00+07:00,CMT8,37.29958279927572,10.78533,106.67029
2025-04-08 23:00:00+07:00,CMT8,36.5242083867391,10.78533,106.67029
2025-04-09 00:00:00+07:00,CMT8,34.08283360799154,10.78533,106.67029
2025-04-09 01:00:00+07:00,CMT8,30.82549985249837,10.78533,106.67029
2025-04-09 02:00:00+07:00,CMT8,30.165166695912678,10.78533,106.67029
2025-04-09 03:00:00+07:00,CMT8,30.150749683380127,10.78533,106.67029
2025-04-09 04:00:00+07:00,CMT8,32.011666774749756,10.78533,106.67029
2025-04-09 05:00:00+07:00,CMT8,33.657833099365234,10.78533,106.67029
2025-04-09 06:00:00+07:00,CMT8,36.862125078837074,10.78533,106.67029
2025-04-09 07:00:00+07:00,CMT8,46.0826670328776,10.78533,106.67029
2025-04-09 08:00:00+07:00,CMT8,49.221083323160805,10.78533,106.67029
2025-04-09 09:00:00+07:00,CMT8,53.90059757232666,10.78533,106.67029
2025-04-09 10:00:00+07:00,CMT8,67.86229197184245,10.78533,106.67029
2025-04-09 11:00:00+07:00,CMT8,42.71091683705648,10.78533,106.67029
2025-04-09 12:00:00+07:00,CMT8,40.10812473297119,10.78533,106.67029
2025-04-09 13:00:00+07:00,CMT8,34.71433321634928,10.78533,106.67029
2025-04-09 14:00:00+07:00,CMT8,36.094624837239586,10.78533,106.67029
2025-04-09 15:00:00+07:00,CMT8,31.60254208246867,10.78533,106.67029
2025-04-09 16:00:00+07:00,CMT8,25.02008326848348,10.78533,106.67029
2025-04-09 17:00:00+07:00,CMT8,24.823749860127766,10.78533,106.67029
2025-04-09 18:00:00+07:00,CMT8,26.396416823069256,10.78533,106.67029
2025-04-09 19:00:00+07:00,CMT8,29.098124821980793,10.78533,106.67029
2025-04-09 20:00:00+07:00,CMT8,31.87583335240682,10.78533,106.67029
2025-04-09 21:00:00+07:00,CMT8,29.954208215077717,10.78533,106.67029
2025-04-09 22:00:00+07:00,CMT8,32.801375230153404,10.78533,106.67029
2025-04-09 23:00:00+07:00,CMT8,37.224666913350426,10.78533,106.67029
2025-04-10 00:00:00+07:00,CMT8,37.09766674041748,10.78533,106.67029
2025-04-10 01:00:00+07:00,CMT8,30.62274996439616,10.78533,106.67029
2025-04-10 02:00:00+07:00,CMT8,28.96394427617391,10.78533,106.67029
2025-04-10 03:00:00+07:00,CMT8,28.99554189046224,10.78533,106.67029
2025-04-10 04:00:00+07:00,CMT8,28.9628750483195,10.78533,106.67029
2025-04-10 05:00:00+07:00,CMT8,28.3764165242513,10.78533,106.67029
2025-04-10 06:00:00+07:00,CMT8,33.01479164759318,10.78533,106.67029
2025-04-10 07:00:00+07:00,CMT8,39.15499973297119,10.78533,106.67029
2025-04-10 08:00:00+07:00,CMT8,47.370625495910645,10.78533,106.67029
2025-04-10 09:00:00+07:00,CMT8,50.65545813242594,10.78533,106.67029
2025-04-10 10:00:00+07:00,CMT8,37.49466641743978,10.78533,106.67029
2025-04-10 11:00:00+07:00,CMT8,29.34054152170817,10.78533,106.67029
2025-04-10 12:00:00+07:00,CMT8,30.34654188156128,10.78533,106.67029
2025-04-10 13:00:00+07:00,CMT8,29.28125,10.78533,106.67029
2025-04-10 14:00:00+07:00,CMT8,25.16029167175293,10.78533,106.67029
2025-04-10 15:00:00+07:00,CMT8,26.647500197092693,10.78533,106.67029
2025-04-10 16:00:00+07:00,CMT8,23.908583482106526,10.78533,106.67029
2025-04-10 17:00:00+07:00,CMT8,34.47174962361654,10.78533,106.67029
2025-04-10 18:00:00+07:00,CMT8,49.28554121653239,10.78533,106.67029
2025-04-10 19:00:00+07:00,CMT8,51.99670886993408,10.78533,106.67029
2025-04-10 20:00:00+07:00,CMT8,58.10633341471354,10.78533,106.67029
2025-04-10 21:00:00+07:00,CMT8,47.33908303578695,10.78533,106.67029
2025-04-10 22:00:00+07:00,CMT8,39.15999968846639,10.78533,106.67029
2025-04-10 23:00:00+07:00,CMT8,29.165916283925373,10.78533,106.67029
2025-04-11 00:00:00+07:00,CMT8,25.82599973678589,10.78533,106.67029
2025-04-11 01:00:00+07:00,CMT8,20.406958262125652,10.78533,106.67029
2025-04-11 02:00:00+07:00,CMT8,42.272750536600746,10.78533,106.67029
2025-04-11 03:00:00+07:00,CMT8,88.35724925994873,10.78533,106.67029
2025-04-11 04:00:00+07:00,CMT8,50.12999947865804,10.78533,106.67029
2025-04-11 05:00:00+07:00,CMT8,42.81837558746338,10.78533,106.67029
2025-04-11 06:00:00+07:00,CMT8,45.21804141998291,10.78533,106.67029
2025-04-11 07:00:00+07:00,CMT8,44.362875620524086,10.78533,106.67029
2025-04-11 08:00:00+07:00,CMT8,33.56537516911825,10.78533,106.67029
2025-04-11 09:00:00+07:00,CMT8,29.837583541870117,10.78533,106.67029
2025-04-11 10:00:00+07:00,CMT8,27.806583404541016,10.78533,106.67029
2025-04-11 11:00:00+07:00,CMT8,27.380708535512287,10.78533,106.67029
2025-04-11 12:00:00+07:00,CMT8,30.812208652496338,10.78533,106.67029
2025-04-11 13:00:00+07:00,CMT8,30.729583581288654,10.78533,106.67029
2025-04-11 14:00:00+07:00,CMT8,25.659208297729492,10.78533,106.67029
2025-04-11 15:00:00+07:00,CMT8,20.044458230336506,10.78533,106.67029
2025-04-11 16:00:00+07:00,CMT8,18.60366678237915,10.78533,106.67029
2025-04-11 17:00:00+07:00,CMT8,22.89074977238973,10.78533,106.67029
2025-04-11 18:00:00+07:00,CMT8,26.060791810353596,10.78533,106.67029
2025-04-11 19:00:00+07:00,CMT8,21.2056667804718,10.78533,106.67029
2025-04-11 20:00:00+07:00,CMT8,20.7600835164388,10.78533,106.67029
2025-04-11 21:00:00+07:00,CMT8,19.589208126068115,10.78533,106.67029
2025-04-11 22:00:00+07:00,CMT8,15.900000095367432,10.78533,106.67029
2025-04-11 23:00:00+07:00,CMT8,13.350666761398315,10.78533,106.67029
2025-04-12 00:00:00+07:00,CMT8,15.041916608810425,10.78533,106.67029
2025-04-12 01:00:00+07:00,CMT8,13.33204174041748,10.78533,106.67029
2025-04-12 02:00:00+07:00,CMT8,10.150458335876465,10.78533,106.67029
2025-04-12 03:00:00+07:00,CMT8,13.051916519800821,10.78533,106.67029
2025-04-12 04:00:00+07:00,CMT8,11.059208313624064,10.78533,106.67029
2025-04-12 05:00:00+07:00,CMT8,12.095874945322672,10.78533,106.67029
2025-04-12 06:00:00+07:00,CMT8,19.01133330663045,10.78533,106.67029
2025-04-12 07:00:00+07:00,CMT8,27.15579144159953,10.78533,106.67029
2025-04-12 08:00:00+07:00,CMT8,31.042749563852947,10.78533,106.67029
2025-04-12 09:00:00+07:00,CMT8,35.81475035349528,10.78533,106.67029
2025-04-12 10:00:00+07:00,CMT8,30.84024985631307,10.78533,106.67029
2025-04-12 11:00:00+07:00,CMT8,32.812958558400474,10.78533,106.67029
2025-04-12 12:00:00+07:00,CMT8,24.6832914352417,10.78533,106.67029
2025-04-12 13:00:00+07:00,CMT8,17.74633304278056,10.78533,106.67029
2025-04-12 14:00:00+07:00,CMT8,14.363166650136312,10.78533,106.67029
2025-04-12 15:00:00+07:00,CMT8,13.965166727701822,10.78533,106.67029
2025-04-12 16:00:00+07:00,CMT8,12.12125007311503,10.78533,106.67029
2025-04-12 17:00:00+07:00,CMT8,22.919041872024536,10.78533,106.67029
2025-04-12 18:00:00+07:00,CMT8,25.85141674677531,10.78533,106.67029
2025-04-12 19:00:00+07:00,CMT8,23.313541730244953,10.78533,106.67029
2025-04-12 20:00:00+07:00,CMT8,22.167500019073486,10.78533,106.67029
2025-04-12 21:00:00+07:00,CMT8,15.548749923706055,10.78533,106.67029
2025-04-12 22:00:00+07:00,CMT8,10.856750130653381,10.78533,106.67029
2025-04-12 23:00:00+07:00,CMT8,13.255041599273682,10.78533,106.67029
2025-04-13 00:00:00+07:00,CMT8,15.46608336766561,10.78533,106.67029
2025-04-13 01:00:00+07:00,CMT8,8.64270838101705,10.78533,106.67029
2025-04-13 02:00:00+07:00,CMT8,7.976166605949402,10.78533,106.67029
2025-04-13 03:00:00+07:00,CMT8,7.8515000740687055,10.78533,106.67029
2025-04-13 04:00:00+07:00,CMT8,9.469916621843973,10.78533,106.67029
2025-04-13 05:00:00+07:00,CMT8,9.182958443959555,10.78533,106.67029
2025-04-13 06:00:00+07:00,CMT8,12.18108344078064,10.78533,106.67029
2025-04-13 07:00:00+07:00,CMT8,17.702374935150146,10.78533,106.67029
2025-04-13 08:00:00+07:00,CMT8,20.290833632151287,10.78533,106.67029
2025-04-13 09:00:00+07:00,CMT8,36.936167081197105,10.78533,106.67029
2025-04-13 10:00:00+07:00,CMT8,25.731625080108643,10.78533,106.67029
2025-04-13 11:00:00+07:00,CMT8,17.860458374023438,10.78533,106.67029
2025-04-13 12:00:00+07:00,CMT8,21.730125109354656,10.78533,106.67029
2025-04-13 13:00:00+07:00,CMT8,24.964124997456867,10.78533,106.67029
2025-04-13 14:00:00+07:00,CMT8,30.58258326848348,10.78533,106.67029
2025-04-13 15:00:00+07:00,CMT8,31.00837469100952,10.78533,106.67029
2025-04-13 16:00:00+07:00,CMT8,17.790374835332234,10.78533,106.67029
2025-04-13 17:00:00+07:00,CMT8,12.51074997584025,10.78533,106.67029
2025-04-13 18:00:00+07:00,CMT8,24.380541960398357,10.78533,106.67029
2025-04-13 19:00:00+07:00,CMT8,23.734958092371624,10.78533,106.67029
2025-04-13 20:00:00+07:00,CMT8,32.544957637786865,10.78533,106.67029
2025-04-13 21:00:00+07:00,CMT8,14.39662512143453,10.78533,106.67029
2025-04-13 22:00:00+07:00,CMT8,15.043625036875406,10.78533,106.67029
2025-04-13 23:00:00+07:00,CMT8,21.13462479909261,10.78533,106.67029
2025-04-14 00:00:00+07:00,CMT8,15.5577499071757,10.78533,106.67029
2025-04-14 01:00:00+07:00,CMT8,13.684875011444092,10.78533,106.67029
2025-04-14 02:00:00+07:00,CMT8,14.190125068028768,10.78533,106.67029
2025-04-14 03:00:00+07:00,CMT8,12.384833256403605,10.78533,106.67029
2025-04-14 04:00:00+07:00,CMT8,14.448999961217245,10.78533,106.67029
2025-04-14 05:00:00+07:00,CMT8,18.778625011444092,10.78533,106.67029
2025-04-14 06:00:00+07:00,CMT8,28.80049975713094,10.78533,106.67029
2025-04-14 07:00:00+07:00,CMT8,34.67554235458374,10.78533,106.67029
2025-04-14 08:00:00+07:00,CMT8,41.61704190572103,10.78533,106.67029
2025-04-14 09:00:00+07:00,CMT8,34.825083096822105,10.78533,106.67029
2025-04-14 10:00:00+07:00,CMT8,39.23400020599365,10.78533,106.67029
2025-04-14 11:00:00+07:00,CMT8,34.71512540181478,10.78533,106.67029
2025-04-14 12:00:00+07:00,CMT8,31.08858362833659,10.78533,106.67029
2025-04-14 13:00:00+07:00,CMT8,35.9357918103536,10.78533,106.67029
2025-04-14 14:00:00+07:00,CMT8,37.05458354949951,10.78533,106.67029
2025-04-14 15:00:00+07:00,CMT8,35.35195859273275,10.78533,106.67029
2025-04-14 16:00:00+07:00,CMT8,29.565541744232178,10.78533,106.67029
2025-04-14 17:00:00+07:00,CMT8,30.801000277201336,10.78533,106.67029
2025-04-14 18:00:00+07:00,CMT8,31.324458758036297,10.78533,106.67029
2025-04-14 19:00:00+07:00,CMT8,35.254055182139076,10.78533,106.67029
2025-04-14 20:00:00+07:00,CMT8,29.409416834513348,10.78533,106.67029
2025-04-14 21:00:00+07:00,CMT8,21.436833381652832,10.78533,106.67029
2025-04-14 22:00:00+07:00,CMT8,22.129708290100098,10.78533,106.67029
2025-04-14 23:00:00+07:00,CMT8,20.46750005086263,10.78533,106.67029
2025-04-15 00:00:00+07:00,CMT8,19.837291717529297,10.78533,106.67029
2025-04-15 01:00:00+07:00,CMT8,18.55412483215332,10.78533,106.67029
2025-04-15 02:00:00+07:00,CMT8,19.217583338419598,10.78533,106.67029
2025-04-15 03:00:00+07:00,CMT8,28.88699992497762,10.78533,106.67029
2025-04-15 04:00:00+07:00,CMT8,41.192708333333336,10.78533,106.67029
2025-04-15 05:00:00+07:00,CMT8,40.20941638946533,10.78533,106.67029
2025-04-15 06:00:00+07:00,CMT8,44.82320753733317,10.78533,106.67029
2025-04-15 07:00:00+07:00,CMT8,52.0848331451416,10.78533,106.67029
2025-04-15 08:00:00+07:00,CMT8,48.822083473205566,10.78533,106.67029
2025-04-15 09:00:00+07:00,CMT8,53.80674902598063,10.78533,106.67029
2025-04-15 10:00:00+07:00,CMT8,57.84508355458578,10.78533,106.67029
2025-04-15 11:00:00+07:00,CMT8,50.93901411692301,10.78533,106.67029
2025-04-15 12:00:00+07:00,CMT8,49.00716590881348,10.78533,106.67029
2025-04-15 13:00:00+07:00,CMT8,53.07795842488607,10.78533,106.67029
2025-04-15 14:00:00+07:00,CMT8,46.42204189300537,10.78533,106.67029
2025-04-15 15:00:00+07:00,CMT8,41.8713755607605,10.78533,106.67029
2025-04-15 16:00:00+07:00,CMT8,26.268291473388672,10.78533,106.67029
2025-04-15 17:00:00+07:00,CMT8,35.14799976348877,10.78533,106.67029
2025-04-15 18:00:00+07:00,CMT8,31.940916379292805,10.78533,106.67029
2025-04-15 19:00:00+07:00,CMT8,32.67604207992554,10.78533,106.67029
2025-04-15 20:00:00+07:00,CMT8,31.055833021799724,10.78533,106.67029
2025-04-15 21:00:00+07:00,CMT8,24.436708132425945,10.78533,106.67029
2025-04-15 22:00:00+07:00,CMT8,17.494625171025593,10.78533,106.67029
2025-04-15 23:00:00+07:00,CMT8,15.77709730466207,10.78533,106.67029
2025-04-16 00:00:00+07:00,CMT8,14.087291638056437,10.78533,106.67029
2025-04-16 01:00:00+07:00,CMT8,13.014305671056112,10.78533,106.67029
2025-04-16 02:00:00+07:00,CMT8,11.563124895095825,10.78533,106.67029
2025-04-16 03:00:00+07:00,CMT8,12.605236053466797,10.78533,106.67029
2025-04-16 04:00:00+07:00,CMT8,13.665208419164022,10.78533,106.67029
2025-04-16 05:00:00+07:00,CMT8,13.446166833241781,10.78533,106.67029
2025-04-16 06:00:00+07:00,CMT8,25.42752806345622,10.78533,106.67029
2025-04-16 07:00:00+07:00,CMT8,36.804611365000405,10.78533,106.67029
2025-04-16 08:00:00+07:00,CMT8,31.910749594370525,10.78533,106.67029
2025-04-16 09:00:00+07:00,CMT8,32.78854195276896,10.78533,106.67029
2025-04-16 10:00:00+07:00,CMT8,30.578041553497314,10.78533,106.67029
2025-04-16 11:00:00+07:00,CMT8,35.53925069173177,10.78533,106.67029
2025-04-16 12:00:00+07:00,CMT8,38.08488941192627,10.78533,106.67029
2025-04-16 13:00:00+07:00,CMT8,35.389333724975586,10.78533,106.67029
2025-04-16 14:00:00+07:00,CMT8,37.16104221343994,10.78533,106.67029
2025-04-16 15:00:00+07:00,CMT8,24.744750022888184,10.78533,106.67029
2025-04-16 16:00:00+07:00,CMT8,18.261124928792317,10.78533,106.67029
2025-04-16 17:00:00+07:00,CMT8,16.97262493769328,10.78533,106.67029
2025-04-16 18:00:00+07:00,CMT8,17.911041736602783,10.78533,106.67029
2025-04-16 19:00:00+07:00,CMT8,20.015208562215168,10.78533,106.67029
2025-04-16 20:00:00+07:00,CMT8,23.051750024159748,10.78533,106.67029
2025-04-16 21:00:00+07:00,CMT8,19.313000043233234,10.78533,106.67029
2025-04-16 22:00:00+07:00,CMT8,19.9831805229187,10.78533,106.67029
2025-04-16 23:00:00+07:00,CMT8,23.182583491007488,10.78533,106.67029
2025-04-17 00:00:00+07:00,CMT8,17.59862470626831,10.78533,106.67029
2025-04-17 01:00:00+07:00,CMT8,21.040166695912678,10.78533,106.67029
2025-04-17 02:00:00+07:00,CMT8,31.727014382680256,10.78533,106.67029
2025-04-17 03:00:00+07:00,CMT8,29.895750363667805,10.78533,106.67029
2025-04-17 04:00:00+07:00,CMT8,30.339583079020183,10.78533,106.67029
2025-04-17 05:00:00+07:00,CMT8,33.60941664377848,10.78533,106.67029
2025-04-17 06:00:00+07:00,CMT8,32.68824990590414,10.78533,106.67029
2025-04-17 07:00:00+07:00,CMT8,32.35895776748657,10.78533,106.67029
2025-04-17 08:00:00+07:00,CMT8,37.43304173151652,10.78533,106.67029
2025-04-17 09:00:00+07:00,CMT8,42.66699981689453,10.78533,106.67029
2025-04-17 10:00:00+07:00,CMT8,34.430000146230064,10.78533,106.67029
2025-04-17 11:00:00+07:00,CMT8,31.868083318074543,10.78533,106.67029
2025-04-17 12:00:00+07:00,CMT8,33.798458417256676,10.78533,106.67029
2025-04-17 13:00:00+07:00,CMT8,32.46566661198934,10.78533,106.67029
2025-04-17 14:00:00+07:00,CMT8,31.952749729156494,10.78533,106.67029
2025-04-17 15:00:00+07:00,CMT8,34.32658259073893,10.78533,106.67029
2025-04-17 16:00:00+07:00,CMT8,34.70408328374227,10.78533,106.67029
2025-04-17 17:00:00+07:00,CMT8,32.75341669718424,10.78533,106.67029
2025-04-17 18:00:00+07:00,CMT8,36.290749867757164,10.78533,106.67029
2025-04-17 19:00:00+07:00,CMT8,35.53666639328003,10.78533,106.67029
2025-04-17 20:00:00+07:00,CMT8,30.608291308085125,10.78533,106.67029
2025-04-17 21:00:00+07:00,CMT8,25.631458123524983,10.78533,106.67029
2025-04-17 22:00:00+07:00,CMT8,24.543583234151203,10.78533,106.67029
2025-04-17 23:00:00+07:00,CMT8,24.177791754404705,10.78533,106.67029
2025-04-18 00:00:00+07:00,CMT8,22.147624969482422,10.78533,106.67029
2025-04-18 01:00:00+07:00,CMT8,21.975597222646076,10.78533,106.67029
2025-04-18 02:00:00+07:00,CMT8,22.25504159927368,10.78533,106.67029
2025-04-18 03:00:00+07:00,CMT8,23.931125005086262,10.78533,106.67029
2025-04-18 04:00:00+07:00,CMT8,27.968374888102215,10.78533,106.67029
2025-04-18 05:00:00+07:00,CMT8,27.1721248626709,10.78533,106.67029
2025-04-18 06:00:00+07:00,CMT8,33.162291526794434,10.78533,106.67029
2025-04-18 07:00:00+07:00,CMT8,36.27545817693075,10.78533,106.67029
2025-04-18 08:00:00+07:00,CMT8,37.10437552134196,10.78533,106.67029
2025-04-18 09:00:00+07:00,CMT8,39.82454140981039,10.78533,106.67029
2025-04-18 10:00:00+07:00,CMT8,39.95520814259847,10.78533,106.67029
2025-04-18 11:00:00+07:00,CMT8,40.97395769755045,10.78533,106.67029
2025-04-18 12:00:00+07:00,CMT8,43.97662512461344,10.78533,106.67029
2025-04-18 13:00:00+07:00,CMT8,47.87929153442383,10.78533,106.67029
2025-04-18 14:00:00+07:00,CMT8,43.236083348592125,10.78533,106.67029
2025-04-18 15:00:00+07:00,CMT8,39.49448585510254,10.78533,106.67029
2025-04-18 16:00:00+07:00,CMT8,39.7768751780192,10.78533,106.67029
2025-04-18 17:00:00+07:00,CMT8,40.741957664489746,10.78533,106.67029
2025-04-18 18:00:00+07:00,CMT8,36.143500010172524,10.78533,106.67029
2025-04-18 19:00:00+07:00,CMT8,33.781208992004395,10.78533,106.67029
2025-04-18 20:00:00+07:00,CMT8,29.243624687194824,10.78533,106.67029
2025-04-18 21:00:00+07:00,CMT8,26.914250055948894,10.78533,106.67029
2025-04-18 22:00:00+07:00,CMT8,24.695097128550213,10.78533,106.67029
2025-04-18 23:00:00+07:00,CMT8,24.842666784922283,10.78533,106.67029
2025-04-19 00:00:00+07:00,CMT8,25.778083324432373,10.78533,106.67029
2025-04-19 01:00:00+07:00,CMT8,23.074152787526447,10.78533,106.67029
2025-04-19 02:00:00+07:00,CMT8,21.860750039418537,10.78533,106.67029
2025-04-19 03:00:00+07:00,CMT8,21.74020830790202,10.78533,106.67029
2025-04-19 04:00:00+07:00,CMT8,24.744624932607014,10.78533,106.67029
2025-04-19 05:00:00+07:00,CMT8,24.72041670481364,10.78533,106.67029
2025-04-19 06:00:00+07:00,CMT8,26.912930647532146,10.78533,106.67029
2025-04-19 07:00:00+07:00,CMT8,30.70312484105428,10.78533,106.67029
2025-04-19 08:00:00+07:00,CMT8,35.43850072224935,10.78533,106.67029
2025-04-19 09:00:00+07:00,CMT8,34.712250550587974,10.78533,106.67029
2025-04-19 10:00:00+07:00,CMT8,30.21749957402547,10.78533,106.67029
2025-04-19 11:00:00+07:00,CMT8,28.851666768391926,10.78533,106.67029
2025-04-19 12:00:00+07:00,CMT8,25.618666489919026,10.78533,106.67029
2025-04-19 13:00:00+07:00,CMT8,28.349708398183186,10.78533,106.67029
2025-04-19 14:00:00+07:00,CMT8,28.362708409627277,10.78533,106.67029
2025-04-19 15:00:00+07:00,CMT8,24.40808359781901,10.78533,106.67029
2025-04-19 16:00:00+07:00,CMT8,22.775291601816814,10.78533,106.67029
2025-04-19 17:00:00+07:00,CMT8,30.618000348409016,10.78533,106.67029
2025-04-19 18:00:00+07:00,CMT8,27.145930290222168,10.78533,106.67029
2025-04-19 19:00:00+07:00,CMT8,28.342333157857258,10.78533,106.67029
2025-04-19 20:00:00+07:00,CMT8,29.741583347320557,10.78533,106.67029
2025-04-19 21:00:00+07:00,CMT8,23.319249947865803,10.78533,106.67029
2025-04-19 22:00:00+07:00,CMT8,23.743750254313152,10.78533,106.67029
2025-04-19 23:00:00+07:00,CMT8,23.093250115712483,10.78533,106.67029
2025-04-20 00:00:00+07:00,CMT8,24.922291437784832,10.78533,106.67029
2025-04-20 01:00:00+07:00,CMT8,22.740708033243816,10.78533,106.67029
2025-04-20 02:00:00+07:00,CMT8,20.70924997329712,10.78533,106.67029
2025-04-20 03:00:00+07:00,CMT8,21.160791556040447,10.78533,106.67029
2025-04-20 04:00:00+07:00,CMT8,21.150583426157635,10.78533,106.67029
2025-04-20 05:00:00+07:00,CMT8,22.40416653951009,10.78533,106.67029
2025-04-20 06:00:00+07:00,CMT8,24.914833227793377,10.78533,106.67029
2025-04-20 07:00:00+07:00,CMT8,29.8496249516805,10.78533,106.67029
2025-04-20 08:00:00+07:00,CMT8,40.160666942596436,10.78533,106.67029
2025-04-20 09:00:00+07:00,CMT8,31.307083288828533,10.78533,106.67029
2025-04-20 10:00:00+07:00,CMT8,39.85370794932047,10.78533,106.67029
2025-04-20 11:00:00+07:00,CMT8,31.80680561065674,10.78533,106.67029
2025-04-20 12:00:00+07:00,CMT8,30.577624638875324,10.78533,106.67029
2025-04-20 13:00:00+07:00,CMT8,29.075083255767822,10.78533,106.67029
2025-04-20 14:00:00+07:00,CMT8,25.435624917348225,10.78533,106.67029
2025-04-20 15:00:00+07:00,CMT8,23.076791604359943,10.78533,106.67029
2025-04-20 16:00:00+07:00,CMT8,28.813000202178955,10.78533,106.67029
2025-04-20 17:00:00+07:00,CMT8,34.26708380381266,10.78533,106.67029
2025-04-20 18:00:00+07:00,CMT8,35.01266638437907,10.78533,106.67029
2025-04-20 19:00:00+07:00,CMT8,32.053041776021324,10.78533,106.67029
2025-04-20 20:00:00+07:00,CMT8,27.318291823069256,10.78533,106.67029
2025-04-20 21:00:00+07:00,CMT8,28.283708254496258,10.78533,106.67029
2025-04-20 22:00:00+07:00,CMT8,28.220624764760334,10.78533,106.67029
2025-04-20 23:00:00+07:00,CMT8,24.840458393096924,10.78533,106.67029
2025-04-21 00:00:00+07:00,CMT8,26.441333293914795,10.78533,106.67029
2025-04-21 01:00:00+07:00,CMT8,26.673624992370605,10.78533,106.67029
2025-04-21 02:00:00+07:00,CMT8,23.476624965667725,10.78533,106.67029
2025-04-21 03:00:00+07:00,CMT8,24.60337495803833,10.78533,106.67029
2025-04-21 04:00:00+07:00,CMT8,26.63516680399577,10.78533,106.67029
2025-04-21 05:00:00+07:00,CMT8,26.35224978129069,10.78533,106.67029
2025-04-21 06:00:00+07:00,CMT8,34.14545774459839,10.78533,106.67029
2025-04-21 07:00:00+07:00,CMT8,35.41700013478597,10.78533,106.67029
2025-04-21 08:00:00+07:00,CMT8,36.80945920944214,10.78533,106.67029
2025-04-21 09:00:00+07:00,CMT8,35.39101378122965,10.78533,106.67029
2025-04-21 10:00:00+07:00,CMT8,34.49561055501302,10.78533,106.67029
2025-04-21 11:00:00+07:00,CMT8,36.670708338419594,10.78533,106.67029
2025-04-21 12:00:00+07:00,CMT8,37.423207918802895,10.78533,106.67029
2025-04-21 13:00:00+07:00,CMT8,36.30550034840902,10.78533,106.67029
2025-04-21 14:00:00+07:00,CMT8,33.01379140218099,10.78533,106.67029
2025-04-21 15:00:00+07:00,CMT8,26.33199993769328,10.78533,106.67029
2025-04-21 16:00:00+07:00,CMT8,18.97099995613098,10.78533,106.67029
2025-04-21 17:00:00+07:00,CMT8,26.485458215077717,10.78533,106.67029
2025-04-21 18:00:00+07:00,CMT8,25.59124994277954,10.78533,106.67029
2025-04-21 19:00:00+07:00,CMT8,28.20533339182536,10.78533,106.67029
2025-04-21 20:00:00+07:00,CMT8,27.938944498697918,10.78533,106.67029
2025-04-21 21:00:00+07:00,CMT8,26.070374806722004,10.78533,106.67029
2025-04-21 22:00:00+07:00,CMT8,22.304250081380207,10.78533,106.67029
2025-04-21 23:00:00+07:00,CMT8,21.196250120798748,10.78533,106.67029
2025-04-22 00:00:00+07:00,CMT8,23.828208605448406,10.78533,106.67029
2025-04-22 01:00:00+07:00,CMT8,27.09679142634074,10.78533,106.67029
2025-04-22 02:00:00+07:00,CMT8,23.362416744232178,10.78533,106.67029
2025-04-22 03:00:00+07:00,CMT8,19.195666472117107,10.78533,106.67029
2025-04-22 04:00:00+07:00,CMT8,17.649750153223675,10.78533,106.67029
2025-04-22 05:00:00+07:00,CMT8,16.79984720547994,10.78533,106.67029
2025-04-22 06:00:00+07:00,CMT8,24.265208562215168,10.78533,106.67029
2025-04-22 07:00:00+07:00,CMT8,32.30629205703735,10.78533,106.67029
2025-04-22 08:00:00+07:00,CMT8,32.349708557128906,10.78533,106.67029
2025-04-22 09:00:00+07:00,CMT8,28.12737512588501,10.78533,106.67029
2025-04-22 10:00:00+07:00,CMT8,32.532249450683594,10.78533,106.67029
2025-04-22 11:00:00+07:00,CMT8,30.36550013224284,10.78533,106.67029
2025-04-22 12:00:00+07:00,CMT8,23.176666736602783,10.78533,106.67029
2025-04-22 13:00:00+07:00,CMT8,20.205708344777424,10.78533,106.67029
2025-04-22 14:00:00+07:00,CMT8,16.37691640853882,10.78533,106.67029
2025-04-22 15:00:00+07:00,CMT8,12.398500045140585,10.78533,106.67029
2025-04-22 16:00:00+07:00,CMT8,13.458749850591024,10.78533,106.67029
2025-04-22 17:00:00+07:00,CMT8,19.050000190734863,10.78533,106.67029
2025-04-22 18:00:00+07:00,CMT8,19.709041992823284,10.78533,106.67029
2025-04-22 19:00:00+07:00,CMT8,26.28237501780192,10.78533,106.67029
2025-04-22 20:00:00+07:00,CMT8,24.27858320871989,10.78533,106.67029
2025-04-22 21:00:00+07:00,CMT8,16.470444599787395,10.78533,106.67029
2025-04-22 22:00:00+07:00,CMT8,15.937249739964804,10.78533,106.67029
2025-04-22 23:00:00+07:00,CMT8,11.087166627248129,10.78533,106.67029
2025-04-23 00:00:00+07:00,CMT8,10.199416716893515,10.78533,106.67029
2025-04-23 01:00:00+07:00,CMT8,11.525749921798706,10.78533,106.67029
2025-04-23 02:00:00+07:00,CMT8,11.882694443066915,10.78533,106.67029
2025-04-23 03:00:00+07:00,CMT8,8.87541667620341,10.78533,106.67029
2025-04-23 04:00:00+07:00,CMT8,8.803416728973389,10.78533,106.67029
2025-04-23 05:00:00+07:00,CMT8,10.048499981562296,10.78533,106.67029
2025-04-23 06:00:00+07:00,CMT8,29.013583024342854,10.78533,106.67029
2025-04-23 07:00:00+07:00,CMT8,39.02941608428955,10.78533,106.67029
2025-04-23 08:00:00+07:00,CMT8,35.60337464014689,10.78533,106.67029
2025-04-23 09:00:00+07:00,CMT8,27.91587479909261,10.78533,106.67029
2025-04-23 10:00:00+07:00,CMT8,39.679388999938965,10.78533,106.67029
2025-04-23 11:00:00+07:00,CMT8,27.49809726079305,10.78533,106.67029
2025-04-23 12:00:00+07:00,CMT8,15.548181707208807,10.78533,106.67029
2025-04-23 13:00:00+07:00,CMT8,8.941458304723104,10.78533,106.67029
2025-04-23 14:00:00+07:00,CMT8,9.795083403587341,10.78533,106.67029
2025-04-23 15:00:00+07:00,CMT8,7.582500100135803,10.78533,106.67029
2025-04-23 16:00:00+07:00,CMT8,20.96229139963786,10.78533,106.67029
2025-04-23 17:00:00+07:00,CMT8,33.21374988555908,10.78533,106.67029
2025-04-23 18:00:00+07:00,CMT8,26.521708488464355,10.78533,106.67029
2025-04-23 19:00:00+07:00,CMT8,30.798458258310955,10.78533,106.67029
2025-04-23 20:00:00+07:00,CMT8,35.60954189300537,10.78533,106.67029
2025-04-23 21:00:00+07:00,CMT8,33.92520793279012,10.78533,106.67029
2025-04-23 22:00:00+07:00,CMT8,27.739583333333332,10.78533,106.67029
2025-04-23 23:00:00+07:00,CMT8,49.939249992370605,10.78533,106.67029
2025-04-24 00:00:00+07:00,CMT8,57.48443031311035,10.78533,106.67029
2025-04-24 01:00:00+07:00,CMT8,54.71316623687744,10.78533,106.67029
2025-04-24 02:00:00+07:00,CMT8,69.22233295440674,10.78533,106.67029
2025-04-24 03:00:00+07:00,CMT8,74.82425053914388,10.78533,106.67029
2025-04-24 04:00:00+07:00,CMT8,54.208333333333336,10.78533,106.67029
2025-04-24 05:00:00+07:00,CMT8,50.42874972025553,10.78533,106.67029
2025-04-24 06:00:00+07:00,CMT8,40.41516669591268,10.78533,106.67029
2025-04-24 07:00:00+07:00,CMT8,32.09266678492228,10.78533,106.67029
2025-04-24 08:00:00+07:00,CMT8,24.81291691462199,10.78533,106.67029
2025-04-24 09:00:00+07:00,CMT8,24.515916506449383,10.78533,106.67029
2025-04-24 10:00:00+07:00,CMT8,28.88695828119914,10.78533,106.67029
2025-04-24 11:00:00+07:00,CMT8,34.4465004603068,10.78533,106.67029
2025-04-24 12:00:00+07:00,CMT8,32.30849997202555,10.78533,106.67029
2025-04-24 13:00:00+07:00,CMT8,26.59416675567627,10.78533,106.67029
2025-04-24 14:00:00+07:00,CMT8,28.565166473388672,10.78533,106.67029
2025-04-24 15:00:00+07:00,CMT8,26.6273193359375,10.78533,106.67029
2025-04-24 16:00:00+07:00,CMT8,23.164125124613445,10.78533,106.67029
2025-04-24 17:00:00+07:00,CMT8,20.325458526611328,10.78533,106.67029
2025-04-24 18:00:00+07:00,CMT8,21.1961251894633,10.78533,106.67029
2025-04-24 19:00:00+07:00,CMT8,30.424874941507976,10.78533,106.67029
2025-04-24 20:00:00+07:00,CMT8,35.60145854949951,10.78533,106.67029
2025-04-24 21:00:00+07:00,CMT8,32.12354135513306,10.78533,106.67029
2025-04-24 22:00:00+07:00,CMT8,36.91190274556478,10.78533,106.67029
2025-04-24 23:00:00+07:00,CMT8,50.99811045328776,10.78533,106.67029
2025-04-25 00:00:00+07:00,CMT8,38.280527114868164,10.78533,106.67029
2025-04-25 01:00:00+07:00,CMT8,28.421333471934002,10.78533,106.67029
2025-04-25 02:00:00+07:00,CMT8,21.743791580200195,10.78533,106.67029
2025-04-25 03:00:00+07:00,CMT8,16.085958401362102,10.78533,106.67029
2025-04-25 04:00:00+07:00,CMT8,17.820708592732746,10.78533,106.67029
2025-04-25 05:00:00+07:00,CMT8,23.070666472117107,10.78533,106.67029
2025-04-25 06:00:00+07:00,CMT8,28.650208314259846,10.78533,106.67029
2025-04-25 07:00:00+07:00,CMT8,31.16858371098836,10.78533,106.67029
2025-04-25 08:00:00+07:00,CMT8,27.055346965789795,10.78533,106.67029
2025-04-25 09:00:00+07:00,CMT8,21.00079123179118,10.78533,106.67029
2025-04-25 10:00:00+07:00,CMT8,16.087486267089844,10.78533,106.67029
2025-04-25 11:00:00+07:00,CMT8,20.217694520950317,10.78533,106.67029
2025-04-25 12:00:00+07:00,CMT8,21.051819324493408,10.78533,106.67029
2025-04-25 13:00:00+07:00,CMT8,22.898249944051106,10.78533,106.67029
2025-04-25 14:00:00+07:00,CMT8,27.99963887532552,10.78533,106.67029
2025-04-25 15:00:00+07:00,CMT8,26.908874988555908,10.78533,106.67029
2025-04-25 16:00:00+07:00,CMT8,27.779625097910564,10.78533,106.67029
2025-04-25 17:00:00+07:00,CMT8,32.45541652043661,10.78533,106.67029
2025-04-25 18:00:00+07:00,CMT8,31.58004140853882,10.78533,106.67029
2025-04-25 19:00:00+07:00,CMT8,24.209708134333294,10.78533,106.67029
2025-04-25 20:00:00+07:00,CMT8,38.23495817184448,10.78533,106.67029
2025-04-25 21:00:00+07:00,CMT8,33.28533363342285,10.78533,106.67029
2025-04-25 22:00:00+07:00,CMT8,19.565763632456463,10.78533,106.67029
2025-04-25 23:00:00+07:00,CMT8,14.464458227157593,10.78533,106.67029
2025-04-26 00:00:00+07:00,CMT8,14.333541631698608,10.78533,106.67029
2025-04-26 01:00:00+07:00,CMT8,11.73145842552185,10.78533,106.67029
2025-04-26 02:00:00+07:00,CMT8,11.720375061035156,10.78533,106.67029
2025-04-26 03:00:00+07:00,CMT8,18.213666439056396,10.78533,106.67029
2025-04-26 04:00:00+07:00,CMT8,18.85741662979126,10.78533,106.67029
2025-04-26 05:00:00+07:00,CMT8,20.853375275929768,10.78533,106.67029
2025-04-26 06:00:00+07:00,CMT8,28.20058314005534,10.78533,106.67029
2025-04-26 07:00:00+07:00,CMT8,33.9637082417806,10.78533,106.67029
2025-04-26 08:00:00+07:00,CMT8,26.94012514750163,10.78533,106.67029
2025-04-26 09:00:00+07:00,CMT8,31.202708562215168,10.78533,106.67029
2025-04-26 10:00:00+07:00,CMT8,24.237124919891357,10.78533,106.67029
2025-04-26 11:00:00+07:00,CMT8,43.590984864668414,10.78533,106.67029
2025-04-26 12:00:00+07:00,CMT8,48.202500343322754,10.78533,106.67029
2025-04-26 13:00:00+07:00,CMT8,42.17591667175293,10.78533,106.67029
2025-04-26 14:00:00+07:00,CMT8,35.29033358891805,10.78533,106.67029
2025-04-26 15:00:00+07:00,CMT8,41.454208056131996,10.78533,106.67029
2025-04-26 16:00:00+07:00,CMT8,37.25979200998942,10.78533,106.67029
2025-04-26 17:00:00+07:00,CMT8,37.362000147501625,10.78533,106.67029
2025-04-26 18:00:00+07:00,CMT8,29.451416333516438,10.78533,106.67029
2025-04-26 19:00:00+07:00,CMT8,34.143416245778404,10.78533,106.67029
2025-04-26 20:00:00+07:00,CMT8,20.593125025431316,10.78533,106.67029
2025-04-26 21:00:00+07:00,CMT8,19.145958582560223,10.78533,106.67029
2025-04-26 22:00:00+07:00,CMT8,21.81012487411499,10.78533,106.67029
2025-04-26 23:00:00+07:00,CMT8,24.93720817565918,10.78533,106.67029
2025-04-27 00:00:00+07:00,CMT8,27.265416622161865,10.78533,106.67029
2025-04-27 01:00:00+07:00,CMT8,20.78445831934611,10.78533,106.67029
2025-04-27 02:00:00+07:00,CMT8,24.710166454315186,10.78533,106.67029
2025-04-27 03:00:00+07:00,CMT8,27.495875040690105,10.78533,106.67029
2025-04-27 04:00:00+07:00,CMT8,28.225666840871174,10.78533,106.67029
2025-04-27 05:00:00+07:00,CMT8,38.762332916259766,10.78533,106.67029
2025-04-27 06:00:00+07:00,CMT8,41.23354148864746,10.78533,106.67029
2025-04-27 07:00:00+07:00,CMT8,40.87891674041748,10.78533,106.67029
2025-04-27 08:00:00+07:00,CMT8,32.60845820109049,10.78533,106.67029
2025-04-27 09:00:00+07:00,CMT8,31.101500193277996,10.78533,106.67029
2025-04-27 10:00:00+07:00,CMT8,34.42283344268799,10.78533,106.67029
2025-04-27 11:00:00+07:00,CMT8,37.19299999872843,10.78533,106.67029
2025-04-27 12:00:00+07:00,CMT8,35.84075037638346,10.78533,106.67029
2025-04-27 13:00:00+07:00,CMT8,30.54245901107788,10.78533,106.67029
2025-04-27 14:00:00+07:00,CMT8,26.981958548227947,10.78533,106.67029
2025-04-27 15:00:00+07:00,CMT8,28.653500239054363,10.78533,106.67029
2025-04-27 16:00:00+07:00,CMT8,18.874332984288532,10.78533,106.67029
2025-04-27 17:00:00+07:00,CMT8,19.67758337656657,10.78533,106.67029
2025-04-27 18:00:00+07:00,CMT8,19.40679160753886,10.78533,106.67029
2025-04-27 19:00:00+07:00,CMT8,21.864916721979778,10.78533,106.67029
2025-04-27 20:00:00+07:00,CMT8,20.863583485285442,10.78533,106.67029
2025-04-27 21:00:00+07:00,CMT8,17.49345827102661,10.78533,106.67029
2025-04-27 22:00:00+07:00,CMT8,20.494666894276936,10.78533,106.67029
2025-04-27 23:00:00+07:00,CMT8,19.591833114624023,10.78533,106.67029
2025-04-28 00:00:00+07:00,CMT8,17.418591152537953,10.78533,106.67029
2025-04-28 01:00:00+07:00,CMT8,17.94516682624817,10.78533,106.67029
2025-04-28 02:00:00+07:00,CMT8,17.973291556040447,10.78533,106.67029
2025-04-28 03:00:00+07:00,CMT8,19.570374965667725,10.78533,106.67029
2025-04-28 04:00:00+07:00,CMT8,23.40570831298828,10.78533,106.67029
2025-04-28 05:00:00+07:00,CMT8,28.44658311208089,10.78533,106.67029
2025-04-28 06:00:00+07:00,CMT8,38.07166608174642,10.78533,106.67029
2025-04-28 07:00:00+07:00,CMT8,39.87449995676676,10.78533,106.67029
2025-04-28 08:00:00+07:00,CMT8,35.69366645812988,10.78533,106.67029
2025-04-28 09:00:00+07:00,CMT8,38.16749986012777,10.78533,106.67029
2025-04-28 10:00:00+07:00,CMT8,36.128333727518715,10.78533,106.67029
2025-04-28 11:00:00+07:00,CMT8,37.63812510172526,10.78533,106.67029
2025-04-28 12:00:00+07:00,CMT8,38.198041915893555,10.78533,106.67029
2025-04-28 13:00:00+07:00,CMT8,38.889708518981934,10.78533,106.67029
2025-04-28 14:00:00+07:00,CMT8,38.39662488301595,10.78533,106.67029
2025-04-28 15:00:00+07:00,CMT8,36.638499895731606,10.78533,106.67029
2025-04-28 16:00:00+07:00,CMT8,36.28812472025553,10.78533,106.67029
2025-04-28 17:00:00+07:00,CMT8,40.271291414896645,10.78533,106.67029
2025-04-28 18:00:00+07:00,CMT8,37.90579128265381,10.78533,106.67029
2025-04-28 19:00:00+07:00,CMT8,35.57158342997233,10.78533,106.67029
2025-04-28 20:00:00+07:00,CMT8,37.00366624196371,10.78533,106.67029
2025-04-28 21:00:00+07:00,CMT8,38.09766674041748,10.78533,106.67029
2025-04-28 22:00:00+07:00,CMT8,33.88349978129069,10.78533,106.67029
2025-04-28 23:00:00+07:00,CMT8,35.039374669392906,10.78533,106.67029
2025-04-29 00:00:00+07:00,CMT8,35.73587465286255,10.78533,106.67029
2025-04-29 01:00:00+07:00,CMT8,31.829875469207764,10.78533,106.67029
2025-04-29 02:00:00+07:00,CMT8,31.781166553497314,10.78533,106.67029
2025-04-29 03:00:00+07:00,CMT8,30.736708164215088,10.78533,106.67029
2025-04-29 04:00:00+07:00,CMT8,28.215083440144856,10.78533,106.67029
2025-04-29 05:00:00+07:00,CMT8,26.035875002543133,10.78533,106.67029
2025-04-29 06:00:00+07:00,CMT8,31.970666726430256,10.78533,106.67029
2025-04-29 07:00:00+07:00,CMT8,35.72779210408529,10.78533,106.67029
2025-04-29 08:00:00+07:00,CMT8,36.43387524286906,10.78533,106.67029
2025-04-29 09:00:00+07:00,CMT8,29.76158332824707,10.78533,106.67029
2025-04-29 10:00:00+07:00,CMT8,29.559041659037273,10.78533,106.67029
2025-04-29 11:00:00+07:00,CMT8,30.34333324432373,10.78533,106.67029
2025-04-29 12:00:00+07:00,CMT8,34.97729206085205,10.78533,106.67029
2025-04-29 13:00:00+07:00,CMT8,34.31829229990641,10.78533,106.67029
2025-04-29 14:00:00+07:00,CMT8,37.43487517038981,10.78533,106.67029
2025-04-29 15:00:00+07:00,CMT8,36.557375272115074,10.78533,106.67029
2025-04-29 16:00:00+07:00,CMT8,28.600374857584637,10.78533,106.67029
2025-04-29 17:00:00+07:00,CMT8,32.7444167137146,10.78533,106.67029
2025-04-29 18:00:00+07:00,CMT8,35.00279172261556,10.78533,106.67029
2025-04-29 19:00:00+07:00,CMT8,38.48320770263672,10.78533,106.67029
2025-04-29 20:00:00+07:00,CMT8,34.26995801925659,10.78533,106.67029
2025-04-29 21:00:00+07:00,CMT8,32.925166289011635,10.78533,106.67029
2025-04-29 22:00:00+07:00,CMT8,32.178000132242836,10.78533,106.67029
2025-04-29 23:00:00+07:00,CMT8,37.763624827067055,10.78533,106.67029
2025-04-30 00:00:00+07:00,CMT8,49.12387466430664,10.78533,106.67029
2025-04-30 01:00:00+07:00,CMT8,28.30066680908203,10.78533,106.67029
2025-04-30 02:00:00+07:00,CMT8,28.684458255767822,10.78533,106.67029
2025-04-30 03:00:00+07:00,CMT8,28.886208216349285,10.78533,106.67029
2025-04-30 04:00:00+07:00,CMT8,39.846749782562256,10.78533,106.67029
2025-04-30 05:00:00+07:00,CMT8,55.041041692097984,10.78533,106.67029
2025-04-30 06:00:00+07:00,CMT8,52.01316738128662,10.78533,106.67029
2025-04-30 07:00:00+07:00,CMT8,56.40208307902018,10.78533,106.67029
2025-04-30 08:00:00+07:00,CMT8,54.47412522633871,10.78533,106.67029
2025-04-30 09:00:00+07:00,CMT8,52.50833320617676,10.78533,106.67029
2025-04-30 10:00:00+07:00,CMT8,50.69829177856445,10.78533,106.67029
2025-04-30 11:00:00+07:00,CMT8,53.2699998219808,10.78533,106.67029
2025-04-30 12:00:00+07:00,CMT8,51.29258314768473,10.78533,106.67029
2025-04-30 13:00:00+07:00,CMT8,50.17533334096273,10.78533,106.67029
2025-04-30 14:00:00+07:00,CMT8,48.01812489827474,10.78533,106.67029
2025-04-30 15:00:00+07:00,CMT8,48.882041931152344,10.78533,106.67029
2025-04-30 16:00:00+07:00,CMT8,45.7676944732666,10.78533,106.67029
2025-04-30 17:00:00+07:00,CMT8,36.782874584198,10.78533,106.67029
2025-04-30 18:00:00+07:00,CMT8,26.774333000183105,10.78533,106.67029
2025-04-30 19:00:00+07:00,CMT8,26.015041669209797,10.78533,106.67029
2025-04-30 20:00:00+07:00,CMT8,27.35658311843872,10.78533,106.67029
2025-04-30 21:00:00+07:00,CMT8,22.825541655222576,10.78533,106.67029
2025-04-30 22:00:00+07:00,CMT8,32.484166622161865,10.78533,106.67029
2025-04-30 23:00:00+07:00,CMT8,18.44224977493286,10.78533,106.67029
2025-05-01 00:00:00+07:00,CMT8,20.760249932607014,10.78533,106.67029
2025-05-01 01:00:00+07:00,CMT8,17.526666800181072,10.78533,106.67029
2025-05-01 02:00:00+07:00,CMT8,17.038708368937176,10.78533,106.67029
2025-05-01 03:00:00+07:00,CMT8,15.151458183924357,10.78533,106.67029
2025-05-01 04:00:00+07:00,CMT8,15.891000032424927,10.78533,106.67029
2025-05-01 05:00:00+07:00,CMT8,19.16658329963684,10.78533,106.67029
2025-05-01 06:00:00+07:00,CMT8,23.50070842107137,10.78533,106.67029
2025-05-01 07:00:00+07:00,CMT8,23.535666306813557,10.78533,106.67029
2025-05-01 08:00:00+07:00,CMT8,28.60475031534831,10.78533,106.67029
2025-05-01 09:00:00+07:00,CMT8,29.345041751861572,10.78533,106.67029
2025-05-01 10:00:00+07:00,CMT8,30.95395867029826,10.78533,106.67029
2025-05-01 11:00:00+07:00,CMT8,35.49341646830241,10.78533,106.67029
2025-05-01 12:00:00+07:00,CMT8,37.15170828501383,10.78533,106.67029
2025-05-01 13:00:00+07:00,CMT8,38.42820771535238,10.78533,106.67029
2025-05-01 14:00:00+07:00,CMT8,40.27825005849203,10.78533,106.67029
2025-05-01 15:00:00+07:00,CMT8,39.27304172515869,10.78533,106.67029
2025-05-01 16:00:00+07:00,CMT8,38.55087471008301,10.78533,106.67029
2025-05-01 17:00:00+07:00,CMT8,30.254486083984375,10.78533,106.67029
2025-05-01 18:00:00+07:00,CMT8,31.93412494659424,10.78533,106.67029
2025-05-01 19:00:00+07:00,CMT8,33.84381797096946,10.78533,106.67029
2025-05-02 12:00:00+07:00,CMT8,31.219227183948863,10.78533,106.67029
2025-05-02 13:00:00+07:00,CMT8,30.09195852279663,10.78533,106.67029
2025-05-02 14:00:00+07:00,CMT8,20.446250120798748,10.78533,106.67029
2025-05-02 15:00:00+07:00,CMT8,18.579541842142742,10.78533,106.67029
2025-05-02 16:00:00+07:00,CMT8,19.47712516784668,10.78533,106.67029
2025-05-02 17:00:00+07:00,CMT8,25.89341672261556,10.78533,106.67029
2025-05-02 18:00:00+07:00,CMT8,32.1489585240682,10.78533,106.67029
2025-05-02 19:00:00+07:00,CMT8,32.88824939727783,10.78533,106.67029
2025-05-02 20:00:00+07:00,CMT8,31.718666871388752,10.78533,106.67029
2025-05-02 21:00:00+07:00,CMT8,26.961833318074543,10.78533,106.67029
2025-05-02 22:00:00+07:00,CMT8,30.436166763305664,10.78533,106.67029
2025-05-02 23:00:00+07:00,CMT8,23.47533353169759,10.78533,106.67029
2025-05-03 00:00:00+07:00,CMT8,20.428249835968018,10.78533,106.67029
2025-05-03 01:00:00+07:00,CMT8,23.277666727701824,10.78533,106.67029
2025-05-03 02:00:00+07:00,CMT8,18.85295820236206,10.78533,106.67029
2025-05-03 03:00:00+07:00,CMT8,20.069541613260906,10.78533,106.67029
2025-05-03 04:00:00+07:00,CMT8,23.17616669336955,10.78533,106.67029
2025-05-03 05:00:00+07:00,CMT8,24.503833293914795,10.78533,106.67029
2025-05-03 06:00:00+07:00,CMT8,27.041958173116047,10.78533,106.67029
2025-05-03 07:00:00+07:00,CMT8,31.33316659927368,10.78533,106.67029
2025-05-03 08:00:00+07:00,CMT8,26.147041479746502,10.78533,106.67029
2025-05-03 09:00:00+07:00,CMT8,26.085708300272625,10.78533,106.67029
2025-05-03 10:00:00+07:00,CMT8,29.607999801635742,10.78533,106.67029
2025-05-03 11:00:00+07:00,CMT8,25.258458216985066,10.78533,106.67029
2025-05-03 12:00:00+07:00,CMT8,25.558791637420654,10.78533,106.67029
2025-05-03 13:00:00+07:00,CMT8,28.20924997329712,10.78533,106.67029
2025-05-03 14:00:00+07:00,CMT8,24.514708518981934,10.78533,106.67029
2025-05-03 15:00:00+07:00,CMT8,22.77833350499471,10.78533,106.67029
2025-05-03 16:00:00+07:00,CMT8,22.165208498636883,10.78533,106.67029
2025-05-03 17:00:00+07:00,CMT8,18.42579174041748,10.78533,106.67029
2025-05-03 18:00:00+07:00,CMT8,23.626083215077717,10.78533,106.67029
2025-05-03 19:00:00+07:00,CMT8,23.020749886830647,10.78533,106.67029
2025-05-03 20:00:00+07:00,CMT8,22.1559583346049,10.78533,106.67029
2025-05-03 21:00:00+07:00,CMT8,30.597999731699627,10.78533,106.67029
2025-05-03 22:00:00+07:00,CMT8,35.37466605504354,10.78533,106.67029
2025-05-03 23:00:00+07:00,CMT8,30.4578750928243,10.78533,106.67029
2025-05-04 00:00:00+07:00,CMT8,21.965458393096924,10.78533,106.67029
2025-05-04 01:00:00+07:00,CMT8,12.437666654586792,10.78533,106.67029
2025-05-04 02:00:00+07:00,CMT8,14.937249819437662,10.78533,106.67029
2025-05-04 03:00:00+07:00,CMT8,23.64566659927368,10.78533,106.67029
2025-05-04 04:00:00+07:00,CMT8,27.569708347320557,10.78533,106.67029
2025-05-04 05:00:00+07:00,CMT8,30.03570826848348,10.78533,106.67029
2025-05-04 06:00:00+07:00,CMT8,35.60125001271566,10.78533,106.67029
2025-05-04 07:00:00+07:00,CMT8,31.07237497965495,10.78533,106.67029
2025-05-04 08:00:00+07:00,CMT8,37.13004207611084,10.78533,106.67029
2025-05-04 09:00:00+07:00,CMT8,28.70275004704793,10.78533,106.67029
2025-05-04 10:00:00+07:00,CMT8,30.000250339508057,10.78533,106.67029
2025-05-04 11:00:00+07:00,CMT8,22.56279198328654,10.78533,106.67029
2025-05-04 12:00:00+07:00,CMT8,21.66058333714803,10.78533,106.67029
2025-05-04 13:00:00+07:00,CMT8,14.948333263397217,10.78533,106.67029
2025-05-04 14:00:00+07:00,CMT8,68.2390410900116,10.78533,106.67029
2025-05-04 15:00:00+07:00,CMT8,7.081791718800862,10.78533,106.67029
2025-05-04 16:00:00+07:00,CMT8,5.771250009536743,10.78533,106.67029
2025-05-04 17:00:00+07:00,CMT8,16.208708206812542,10.78533,106.67029
2025-05-04 18:00:00+07:00,CMT8,16.48491660753886,10.78533,106.67029
2025-05-04 19:00:00+07:00,CMT8,23.095874945322674,10.78533,106.67029
2025-05-04 20:00:00+07:00,CMT8,19.967874765396118,10.78533,106.67029
2025-05-04 21:00:00+07:00,CMT8,16.386791944503784,10.78533,106.67029
2025-05-04 22:00:00+07:00,CMT8,14.507749716440836,10.78533,106.67029
2025-05-04 23:00:00+07:00,CMT8,13.29408327738444,10.78533,106.67029
2025-05-05 00:00:00+07:00,CMT8,14.79979157447815,10.78533,106.67029
2025-05-05 01:00:00+07:00,CMT8,11.480208277702332,10.78533,106.67029
2025-05-05 02:00:00+07:00,CMT8,7.7593750556310015,10.78533,106.67029
2025-05-05 03:00:00+07:00,CMT8,6.3496666351954145,10.78533,106.67029
2025-05-05 04:00:00+07:00,CMT8,11.581375042597452,10.78533,106.67029
2025-05-05 05:00:00+07:00,CMT8,16.30370823542277,10.78533,106.67029
2025-05-05 06:00:00+07:00,CMT8,24.161166667938232,10.78533,106.67029
2025-05-05 07:00:00+07:00,CMT8,32.20529158910116,10.78533,106.67029
2025-05-05 08:00:00+07:00,CMT8,31.818958441416424,10.78533,106.67029
2025-05-05 09:00:00+07:00,CMT8,30.29437526067098,10.78533,106.67029
2025-05-05 10:00:00+07:00,CMT8,32.70262495676676,10.78533,106.67029
2025-05-05 11:00:00+07:00,CMT8,29.873708248138428,10.78533,106.67029
2025-05-05 12:00:00+07:00,CMT8,27.347583293914795,10.78533,106.67029
2025-05-05 13:00:00+07:00,CMT8,20.559875011444092,10.78533,106.67029
2025-05-05 14:00:00+07:00,CMT8,17.5719997882843,10.78533,106.67029
2025-05-05 15:00:00+07:00,CMT8,16.27804160118103,10.78533,106.67029
2025-05-05 16:00:00+07:00,CMT8,16.393874963124592,10.78533,106.67029
2025-05-05 17:00:00+07:00,CMT8,22.772958596547443,10.78533,106.67029
2025-05-05 18:00:00+07:00,CMT8,29.885000069936115,10.78533,106.67029
2025-05-05 19:00:00+07:00,CMT8,33.891124884287514,10.78533,106.67029
2025-05-05 20:00:00+07:00,CMT8,36.50708325703939,10.78533,106.67029
2025-05-05 21:00:00+07:00,CMT8,26.37041664123535,10.78533,106.67029
2025-05-05 22:00:00+07:00,CMT8,24.377166748046875,10.78533,106.67029
2025-05-05 23:00:00+07:00,CMT8,20.196125030517578,10.78533,106.67029
2025-05-06 00:00:00+07:00,CMT8,18.502250115076702,10.78533,106.67029
2025-05-06 01:00:00+07:00,CMT8,18.958958466847736,10.78533,106.67029
2025-05-06 02:00:00+07:00,CMT8,23.428750038146973,10.78533,106.67029
2025-05-06 03:00:00+07:00,CMT8,22.201874891916912,10.78533,106.67029
2025-05-06 04:00:00+07:00,CMT8,20.141541481018066,10.78533,106.67029
2025-05-06 05:00:00+07:00,CMT8,16.69575007756551,10.78533,106.67029
2025-05-06 06:00:00+07:00,CMT8,20.946791648864746,10.78533,106.67029
2025-05-06 07:00:00+07:00,CMT8,29.19433307647705,10.78533,106.67029
2025-05-06 08:00:00+07:00,CMT8,38.62212530771891,10.78533,106.67029
2025-05-06 09:00:00+07:00,CMT8,28.435333569844563,10.78533,106.67029
2025-05-06 10:00:00+07:00,CMT8,24.538541555404663,10.78533,106.67029
2025-05-06 11:00:00+07:00,CMT8,23.037666479746502,10.78533,106.67029
2025-05-06 12:00:00+07:00,CMT8,20.812458515167236,10.78533,106.67029
2025-05-06 13:00:00+07:00,CMT8,20.50470844904582,10.78533,106.67029
2025-05-06 14:00:00+07:00,CMT8,19.987708409627277,10.78533,106.67029
2025-05-06 15:00:00+07:00,CMT8,26.380000114440918,10.78533,106.67029
2025-05-06 16:00:00+07:00,CMT8,26.672458012898762,10.78533,106.67029
2025-05-06 17:00:00+07:00,CMT8,28.157333374023438,10.78533,106.67029
2025-05-06 18:00:00+07:00,CMT8,27.25374984741211,10.78533,106.67029
2025-05-06 19:00:00+07:00,CMT8,34.166375160217285,10.78533,106.67029
2025-05-06 20:00:00+07:00,CMT8,26.19058322906494,10.78533,106.67029
2025-05-06 21:00:00+07:00,CMT8,20.756791750590008,10.78533,106.67029
2025-05-06 22:00:00+07:00,CMT8,24.812986373901367,10.78533,106.67029
2025-05-06 23:00:00+07:00,CMT8,30.97024965286255,10.78533,106.67029
2025-05-07 00:00:00+07:00,CMT8,23.99758307139079,10.78533,106.67029
2025-05-07 01:00:00+07:00,CMT8,17.665125052134197,10.78533,106.67029
2025-05-07 02:00:00+07:00,CMT8,24.615708430608112,10.78533,106.67029
2025-05-07 03:00:00+07:00,CMT8,24.753541469573975,10.78533,106.67029
2025-05-07 04:00:00+07:00,CMT8,13.16700013478597,10.78533,106.67029
2025-05-07 05:00:00+07:00,CMT8,14.97949997584025,10.78533,106.67029
2025-05-07 06:00:00+07:00,CMT8,17.83633343378703,10.78533,106.67029
2025-05-07 07:00:00+07:00,CMT8,17.821125030517578,10.78533,106.67029
2025-05-07 08:00:00+07:00,CMT8,16.558499813079834,10.78533,106.67029
2025-05-07 09:00:00+07:00,CMT8,21.508416493733723,10.78533,106.67029
2025-05-07 10:00:00+07:00,CMT8,23.571541786193848,10.78533,106.67029
2025-05-07 11:00:00+07:00,CMT8,26.099916299184162,10.78533,106.67029
2025-05-07 12:00:00+07:00,CMT8,34.18470827738444,10.78533,106.67029
2025-05-07 13:00:00+07:00,CMT8,31.86162567138672,10.78533,106.67029
2025-05-07 14:00:00+07:00,CMT8,24.09849977493286,10.78533,106.67029
2025-05-07 15:00:00+07:00,CMT8,28.365041097005207,10.78533,106.67029
2025-05-07 16:00:00+07:00,CMT8,38.70399967829386,10.78533,106.67029
2025-05-07 17:00:00+07:00,CMT8,39.530458768208824,10.78533,106.67029
2025-05-07 18:00:00+07:00,CMT8,36.654208183288574,10.78533,106.67029
2025-05-07 19:00:00+07:00,CMT8,27.024916648864746,10.78533,106.67029
2025-05-07 20:00:00+07:00,CMT8,38.714083671569824,10.78533,106.67029
2025-05-07 21:00:00+07:00,CMT8,45.1989164352417,10.78533,106.67029
2025-05-07 22:00:00+07:00,CMT8,46.27204132080078,10.78533,106.67029
2025-05-07 23:00:00+07:00,CMT8,47.20687516530355,10.78533,106.67029
2025-05-08 00:00:00+07:00,CMT8,46.06991672515869,10.78533,106.67029
2025-05-08 01:00:00+07:00,CMT8,41.51625029246012,10.78533,106.67029
2025-05-08 02:00:00+07:00,CMT8,40.26183287302653,10.78533,106.67029
2025-05-08 03:00:00+07:00,CMT8,41.155833880106606,10.78533,106.67029
2025-05-08 04:00:00+07:00,CMT8,36.853124936421715,10.78533,106.67029
2025-05-08 05:00:00+07:00,CMT8,31.773583730061848,10.78533,106.67029
2025-05-08 06:00:00+07:00,CMT8,36.513041496276855,10.78533,106.67029
2025-05-08 07:00:00+07:00,CMT8,40.17641639709473,10.78533,106.67029
2025-05-08 08:00:00+07:00,CMT8,40.110791524251304,10.78533,106.67029
2025-05-08 09:00:00+07:00,CMT8,39.014623959859215,10.78533,106.67029
2025-05-08 10:00:00+07:00,CMT8,31.02191670735677,10.78533,106.67029
2025-05-08 11:00:00+07:00,CMT8,34.04716650644938,10.78533,106.67029
2025-05-08 12:00:00+07:00,CMT8,29.15041669209798,10.78533,106.67029
2025-05-08 13:00:00+07:00,CMT8,26.820666631062824,10.78533,106.67029
2025-05-08 14:00:00+07:00,CMT8,27.014624913533527,10.78533,106.67029
2025-05-08 15:00:00+07:00,CMT8,22.285750071207683,10.78533,106.67029
2025-05-08 16:00:00+07:00,CMT8,22.18879159291585,10.78533,106.67029
2025-05-08 17:00:00+07:00,CMT8,38.09862518310547,10.78533,106.67029
2025-05-08 18:00:00+07:00,CMT8,40.62904167175293,10.78533,106.67029
2025-05-08 19:00:00+07:00,CMT8,28.018458207448322,10.78533,106.67029
2025-05-08 20:00:00+07:00,CMT8,33.513457934061684,10.78533,106.67029
2025-05-08 21:00:00+07:00,CMT8,38.89324982961019,10.78533,106.67029
2025-05-08 22:00:00+07:00,CMT8,40.43620808919271,10.78533,106.67029
2025-05-08 23:00:00+07:00,CMT8,25.646750450134277,10.78533,106.67029
2025-05-09 00:00:00+07:00,CMT8,17.536791563034058,10.78533,106.67029
2025-05-09 01:00:00+07:00,CMT8,19.32379158337911,10.78533,106.67029
2025-05-09 02:00:00+07:00,CMT8,16.14533321062724,10.78533,106.67029
2025-05-09 03:00:00+07:00,CMT8,18.93275022506714,10.78533,106.67029
2025-05-09 04:00:00+07:00,CMT8,24.411166826883953,10.78533,106.67029
2025-05-09 05:00:00+07:00,CMT8,22.223541736602783,10.78533,106.67029
2025-05-09 06:00:00+07:00,CMT8,31.72429132461548,10.78533,106.67029
2025-05-09 07:00:00+07:00,CMT8,32.22487465540568,10.78533,106.67029
2025-05-09 08:00:00+07:00,CMT8,32.540374755859375,10.78533,106.67029
2025-05-09 09:00:00+07:00,CMT8,24.002416610717773,10.78533,106.67029
2025-05-09 10:00:00+07:00,CMT8,29.641291618347168,10.78533,106.67029
2025-05-09 11:00:00+07:00,CMT8,30.862708409627277,10.78533,106.67029
2025-05-09 12:00:00+07:00,CMT8,34.728875160217285,10.78533,106.67029
2025-05-09 13:00:00+07:00,CMT8,24.71999994913737,10.78533,106.67029
2025-05-09 14:00:00+07:00,CMT8,19.750791947046917,10.78533,106.67029
2025-05-09 15:00:00+07:00,CMT8,21.644916534423828,10.78533,106.67029
2025-05-09 16:00:00+07:00,CMT8,26.55229155222575,10.78533,106.67029
2025-05-09 17:00:00+07:00,CMT8,28.25120798746745,10.78533,106.67029
2025-05-09 18:00:00+07:00,CMT8,28.92633310953776,10.78533,106.67029
2025-05-09 19:00:00+07:00,CMT8,28.66254170735677,10.78533,106.67029
2025-05-09 20:00:00+07:00,CMT8,24.214499950408936,10.78533,106.67029
2025-05-09 21:00:00+07:00,CMT8,28.477667331695557,10.78533,106.67029
2025-05-09 22:00:00+07:00,CMT8,24.31458330154419,10.78533,106.67029
2025-05-09 23:00:00+07:00,CMT8,23.843916575113933,10.78533,106.67029
2025-05-10 00:00:00+07:00,CMT8,24.770999908447266,10.78533,106.67029
2025-05-10 01:00:00+07:00,CMT8,23.175041675567627,10.78533,106.67029
2025-05-10 02:00:00+07:00,CMT8,22.66029151280721,10.78533,106.67029
2025-05-10 03:00:00+07:00,CMT8,22.02179193496704,10.78533,106.67029
2025-05-10 04:00:00+07:00,CMT8,19.206680297851562,10.78533,106.67029
2025-05-10 05:00:00+07:00,CMT8,20.104041576385498,10.78533,106.67029
2025-05-10 06:00:00+07:00,CMT8,29.012458483378094,10.78533,106.67029
2025-05-10 07:00:00+07:00,CMT8,18.818041642506916,10.78533,106.67029
2025-05-10 08:00:00+07:00,CMT8,7.472458163897197,10.78533,106.67029
2025-05-10 09:00:00+07:00,CMT8,18.46816651026408,10.78533,106.67029
2025-05-10 10:00:00+07:00,CMT8,24.36883306503296,10.78533,106.67029
2025-05-10 11:00:00+07:00,CMT8,38.03195842107137,10.78533,106.67029
2025-05-10 12:00:00+07:00,CMT8,46.52487564086914,10.78533,106.67029
2025-05-10 13:00:00+07:00,CMT8,51.93408362070719,10.78533,106.67029
2025-05-10 14:00:00+07:00,CMT8,73.84745852152507,10.78533,106.67029
2025-05-10 15:00:00+07:00,CMT8,75.85458310445149,10.78533,106.67029
2025-05-10 16:00:00+07:00,CMT8,80.32912508646648,10.78533,106.67029
2025-05-10 17:00:00+07:00,CMT8,88.30437405904134,10.78533,106.67029
2025-05-10 18:00:00+07:00,CMT8,61.07904179890951,10.78533,106.67029
2025-05-10 19:00:00+07:00,CMT8,44.439958254496254,10.78533,106.67029
2025-05-10 20:00:00+07:00,CMT8,36.929333209991455,10.78533,106.67029
2025-05-10 21:00:00+07:00,CMT8,46.503625551859535,10.78533,106.67029
2025-05-10 22:00:00+07:00,CMT8,37.36829217274984,10.78533,106.67029
2025-05-10 23:00:00+07:00,CMT8,35.374333222707115,10.78533,106.67029
2025-05-11 00:00:00+07:00,CMT8,44.44200007120768,10.78533,106.67029
2025-05-11 01:00:00+07:00,CMT8,52.1030003229777,10.78533,106.67029
2025-05-11 02:00:00+07:00,CMT8,52.34929180145264,10.78533,106.67029
2025-05-11 03:00:00+07:00,CMT8,54.8208335240682,10.78533,106.67029
2025-05-11 04:00:00+07:00,CMT8,55.55329163869222,10.78533,106.67029
2025-05-11 05:00:00+07:00,CMT8,52.67866643269857,10.78533,106.67029
2025-05-11 06:00:00+07:00,CMT8,57.09512519836426,10.78533,106.67029
2025-05-11 07:00:00+07:00,CMT8,55.06195799509684,10.78533,106.67029
2025-05-11 08:00:00+07:00,CMT8,46.943625132242836,10.78533,106.67029
2025-05-11 09:00:00+07:00,CMT8,44.21345901489258,10.78533,106.67029
2025-05-11 10:00:00+07:00,CMT8,42.03758271535238,10.78533,106.67029
2025-05-11 11:00:00+07:00,CMT8,51.94379234313965,10.78533,106.67029
2025-05-11 12:00:00+07:00,CMT8,47.21491718292236,10.78533,106.67029
2025-05-11 13:00:00+07:00,CMT8,42.6796662012736,10.78533,106.67029
2025-05-11 14:00:00+07:00,CMT8,36.998166720072426,10.78533,106.67029
2025-05-11 15:00:00+07:00,CMT8,34.92887496948242,10.78533,106.67029
2025-05-11 16:00:00+07:00,CMT8,26.282042026519775,10.78533,106.67029
2025-05-11 17:00:00+07:00,CMT8,31.954041481018066,10.78533,106.67029
2025-05-11 18:00:00+07:00,CMT8,34.93470843633016,10.78533,106.67029
2025-05-11 19:00:00+07:00,CMT8,31.24970817565918,10.78533,106.67029
2025-05-11 20:00:00+07:00,CMT8,29.701833089192707,10.78533,106.67029
2025-05-11 21:00:00+07:00,CMT8,28.31349976857503,10.78533,106.67029
2025-05-11 22:00:00+07:00,CMT8,28.833250045776367,10.78533,106.67029
2025-05-11 23:00:00+07:00,CMT8,21.35937484105428,10.78533,106.67029
2025-05-12 00:00:00+07:00,CMT8,25.09683322906494,10.78533,106.67029
2025-05-12 01:00:00+07:00,CMT8,28.267916838328045,10.78533,106.67029
2025-05-12 02:00:00+07:00,CMT8,27.657958189646404,10.78533,106.67029
2025-05-12 03:00:00+07:00,CMT8,26.608166535695393,10.78533,106.67029
2025-05-12 04:00:00+07:00,CMT8,30.146069208780926,10.78533,106.67029
2025-05-12 05:00:00+07:00,CMT8,31.992194493611652,10.78533,106.67029
2025-05-12 06:00:00+07:00,CMT8,48.305124600728355,10.78533,106.67029
2025-05-12 07:00:00+07:00,CMT8,43.25250085194906,10.78533,106.67029
2025-05-12 08:00:00+07:00,CMT8,39.816985766092934,10.78533,106.67029
2025-05-12 09:00:00+07:00,CMT8,25.301833311716717,10.78533,106.67029
2025-05-12 10:00:00+07:00,CMT8,18.574736038843792,10.78533,106.67029
2025-05-12 11:00:00+07:00,CMT8,24.450041611989338,10.78533,106.67029
2025-05-12 12:00:00+07:00,CMT8,27.850916703542072,10.78533,106.67029
2025-05-12 13:00:00+07:00,CMT8,14.291500012079874,10.78533,106.67029
2025-05-12 14:00:00+07:00,CMT8,18.210583209991455,10.78533,106.67029
2025-05-12 15:00:00+07:00,CMT8,19.744499842325848,10.78533,106.67029
2025-05-12 16:00:00+07:00,CMT8,16.66087516148885,10.78533,106.67029
2025-05-12 17:00:00+07:00,CMT8,24.174708366394043,10.78533,106.67029
2025-05-12 18:00:00+07:00,CMT8,30.362625122070312,10.78533,106.67029
2025-05-12 19:00:00+07:00,CMT8,37.988374869028725,10.78533,106.67029
2025-05-12 20:00:00+07:00,CMT8,31.25320863723755,10.78533,106.67029
2025-05-12 21:00:00+07:00,CMT8,30.51508363087972,10.78533,106.67029
2025-05-12 22:00:00+07:00,CMT8,22.369875113169353,10.78533,106.67029
2025-05-12 23:00:00+07:00,CMT8,24.275500138600666,10.78533,106.67029
2025-05-13 00:00:00+07:00,CMT8,22.79083315531413,10.78533,106.67029
2025-05-13 01:00:00+07:00,CMT8,23.083625157674152,10.78533,106.67029
2025-05-13 02:00:00+07:00,CMT8,25.31079165140788,10.78533,106.67029
2025-05-13 03:00:00+07:00,CMT8,26.348416805267334,10.78533,106.67029
2025-05-13 04:00:00+07:00,CMT8,29.173041820526123,10.78533,106.67029
2025-05-13 05:00:00+07:00,CMT8,28.911499977111816,10.78533,106.67029
2025-05-13 06:00:00+07:00,CMT8,39.274624824523926,10.78533,106.67029
2025-05-13 07:00:00+07:00,CMT8,39.67200024922689,10.78533,106.67029
2025-05-13 08:00:00+07:00,CMT8,40.28358300526937,10.78533,106.67029
2025-05-13 09:00:00+07:00,CMT8,32.71737496058146,10.78533,106.67029
2025-05-13 10:00:00+07:00,CMT8,37.14799976348877,10.78533,106.67029
2025-05-13 11:00:00+07:00,CMT8,38.44845835367838,10.78533,106.67029
2025-05-13 12:00:00+07:00,CMT8,33.51643053690592,10.78533,106.67029
2025-05-13 13:00:00+07:00,CMT8,21.658666610717773,10.78533,106.67029
2025-05-13 14:00:00+07:00,CMT8,20.743374824523926,10.78533,106.67029
2025-05-13 15:00:00+07:00,CMT8,17.820208231608074,10.78533,106.67029
2025-05-13 16:00:00+07:00,CMT8,15.690416733423868,10.78533,106.67029
2025-05-13 17:00:00+07:00,CMT8,24.824166854222614,10.78533,106.67029
2025-05-13 18:00:00+07:00,CMT8,24.77062479654948,10.78533,106.67029
2025-05-13 19:00:00+07:00,CMT8,23.924694538116455,10.78533,106.67029
2025-05-13 20:00:00+07:00,CMT8,22.351499716440838,10.78533,106.67029
2025-05-13 21:00:00+07:00,CMT8,24.529125054677326,10.78533,106.67029
2025-05-13 22:00:00+07:00,CMT8,34.760416984558105,10.78533,106.67029
2025-05-13 23:00:00+07:00,CMT8,34.887375036875405,10.78533,106.67029
2025-05-14 00:00:00+07:00,CMT8,41.724375089009605,10.78533,106.67029
2025-05-14 01:00:00+07:00,CMT8,31.42508331934611,10.78533,106.67029
2025-05-14 02:00:00+07:00,CMT8,27.85437520345052,10.78533,106.67029
2025-05-14 03:00:00+07:00,CMT8,22.96311092376709,10.78533,106.67029
2025-05-14 04:00:00+07:00,CMT8,14.913666566212973,10.78533,106.67029
2025-05-14 05:00:00+07:00,CMT8,14.57491660118103,10.78533,106.67029
2025-05-14 06:00:00+07:00,CMT8,26.024208545684814,10.78533,106.67029
2025-05-14 07:00:00+07:00,CMT8,39.70979150136312,10.78533,106.67029
2025-05-14 08:00:00+07:00,CMT8,42.27434730529785,10.78533,106.67029
2025-05-14 09:00:00+07:00,CMT8,47.44009780883789,10.78533,106.67029
2025-05-14 10:00:00+07:00,CMT8,38.67569382985433,10.78533,106.67029
2025-05-14 11:00:00+07:00,CMT8,37.619499842325844,10.78533,106.67029
2025-05-14 12:00:00+07:00,CMT8,38.384999910990395,10.78533,106.67029
2025-05-14 13:00:00+07:00,CMT8,33.529333432515465,10.78533,106.67029
2025-05-14 14:00:00+07:00,CMT8,25.723083178202312,10.78533,106.67029
2025-05-14 15:00:00+07:00,CMT8,12.562041759490967,10.78533,106.67029
2025-05-14 16:00:00+07:00,CMT8,9.247791568438211,10.78533,106.67029
2025-05-14 17:00:00+07:00,CMT8,11.856166760126749,10.78533,106.67029
2025-05-14 18:00:00+07:00,CMT8,15.468791723251343,10.78533,106.67029
2025-05-14 19:00:00+07:00,CMT8,20.52233346303304,10.78533,106.67029
2025-05-14 20:00:00+07:00,CMT8,20.788000106811523,10.78533,106.67029
2025-05-14 21:00:00+07:00,CMT8,17.89033357302348,10.78533,106.67029
2025-05-14 22:00:00+07:00,CMT8,18.127500136693318,10.78533,106.67029
2025-05-14 23:00:00+07:00,CMT8,21.1060418287913,10.78533,106.67029
2025-05-15 00:00:00+07:00,CMT8,39.042375246683754,10.78533,106.67029
2025-05-15 01:00:00+07:00,CMT8,43.33470853169759,10.78533,106.67029
2025-05-15 02:00:00+07:00,CMT8,42.27641646067301,10.78533,106.67029
2025-05-15 03:00:00+07:00,CMT8,36.59412511189779,10.78533,106.67029
2025-05-15 04:00:00+07:00,CMT8,34.48199971516927,10.78533,106.67029
2025-05-15 05:00:00+07:00,CMT8,34.154792149861656,10.78533,106.67029
2025-05-15 06:00:00+07:00,CMT8,38.994791984558105,10.78533,106.67029
2025-05-15 07:00:00+07:00,CMT8,47.06262524922689,10.78533,106.67029
2025-05-15 08:00:00+07:00,CMT8,47.415916760762535,10.78533,106.67029
2025-05-15 09:00:00+07:00,CMT8,38.92258358001709,10.78533,106.67029
2025-05-15 10:00:00+07:00,CMT8,30.475333372751873,10.78533,106.67029
2025-05-15 11:00:00+07:00,CMT8,16.829333146413166,10.78533,106.67029
2025-05-15 12:00:00+07:00,CMT8,26.758999983469646,10.78533,106.67029
2025-05-15 13:00:00+07:00,CMT8,24.497250080108643,10.78533,106.67029
2025-05-15 14:00:00+07:00,CMT8,26.11170832316081,10.78533,106.67029
2025-05-15 15:00:00+07:00,CMT8,15.987958351771036,10.78533,106.67029
2025-05-15 16:00:00+07:00,CMT8,15.633764187494913,10.78533,106.67029
2025-05-15 17:00:00+07:00,CMT8,22.302958488464355,10.78533,106.67029
2025-05-15 18:00:00+07:00,CMT8,29.163291772206623,10.78533,106.67029
2025-05-15 19:00:00+07:00,CMT8,25.82266680399577,10.78533,106.67029
2025-05-15 20:00:00+07:00,CMT8,23.477625370025635,10.78533,106.67029
2025-05-15 21:00:00+07:00,CMT8,19.396097421646118,10.78533,106.67029
2025-05-15 22:00:00+07:00,CMT8,16.049999952316284,10.78533,106.67029
2025-05-15 23:00:00+07:00,CMT8,20.031041622161865,10.78533,106.67029
2025-05-16 00:00:00+07:00,CMT8,20.09249973297119,10.78533,106.67029
2025-05-16 01:00:00+07:00,CMT8,48.696291287740074,10.78533,106.67029
2025-05-16 02:00:00+07:00,CMT8,50.57583363850912,10.78533,106.67029
2025-05-16 03:00:00+07:00,CMT8,50.69524987538656,10.78533,106.67029
2025-05-16 04:00:00+07:00,CMT8,50.19650014241537,10.78533,106.67029
2025-05-16 05:00:00+07:00,CMT8,38.743500073750816,10.78533,106.67029
2025-05-16 06:00:00+07:00,CMT8,61.35166645050049,10.78533,106.67029
2025-05-16 07:00:00+07:00,CMT8,70.54702822367351,10.78533,106.67029
2025-05-16 08:00:00+07:00,CMT8,50.853916803995766,10.78533,106.67029
2025-05-16 09:00:00+07:00,CMT8,28.71291700998942,10.78533,106.67029
2025-05-16 10:00:00+07:00,CMT8,25.02673610051473,10.78533,106.67029
2025-05-16 11:00:00+07:00,CMT8,25.093999703725178,10.78533,106.67029
2025-05-16 12:00:00+07:00,CMT8,30.541041374206543,10.78533,106.67029
2025-05-16 13:00:00+07:00,CMT8,26.116000334421795,10.78533,106.67029
2025-05-16 14:00:00+07:00,CMT8,26.37154181798299,10.78533,106.67029
2025-05-16 15:00:00+07:00,CMT8,21.899082978566486,10.78533,106.67029
2025-05-16 16:00:00+07:00,CMT8,19.079402764638264,10.78533,106.67029
2025-05-16 17:00:00+07:00,CMT8,23.72470823923747,10.78533,106.67029
2025-05-16 18:00:00+07:00,CMT8,26.85641686121623,10.78533,106.67029
2025-05-16 19:00:00+07:00,CMT8,31.310250123341877,10.78533,106.67029
2025-05-16 20:00:00+07:00,CMT8,26.571208477020264,10.78533,106.67029
2025-05-16 21:00:00+07:00,CMT8,24.931958357493084,10.78533,106.67029
2025-05-16 22:00:00+07:00,CMT8,26.368791262308758,10.78533,106.67029
2025-05-16 23:00:00+07:00,CMT8,29.27512534459432,10.78533,106.67029
2025-05-17 00:00:00+07:00,CMT8,31.262791792551678,10.78533,106.67029
2025-05-17 01:00:00+07:00,CMT8,30.219458262125652,10.78533,106.67029
2025-05-17 02:00:00+07:00,CMT8,24.873499870300293,10.78533,106.67029
2025-05-17 03:00:00+07:00,CMT8,21.107333501180012,10.78533,106.67029
2025-05-17 04:00:00+07:00,CMT8,23.992416858673096,10.78533,106.67029
2025-05-17 05:00:00+07:00,CMT8,68.66729227701823,10.78533,106.67029
2025-05-17 06:00:00+07:00,CMT8,86.21504147847493,10.78533,106.67029
2025-05-17 07:00:00+07:00,CMT8,116.59604136149089,10.78533,106.67029
2025-05-17 08:00:00+07:00,CMT8,109.79354159037273,10.78533,106.67029
2025-05-17 09:00:00+07:00,CMT8,101.84829139709473,10.78533,106.67029
2025-05-17 10:00:00+07:00,CMT8,49.125860850016274,10.78533,106.67029
2025-05-17 11:00:00+07:00,CMT8,20.96791664759318,10.78533,106.67029
2025-05-17 12:00:00+07:00,CMT8,24.8284166653951,10.78533,106.67029
2025-05-17 13:00:00+07:00,CMT8,18.68995801607768,10.78533,106.67029
2025-05-17 14:00:00+07:00,CMT8,21.48129177093506,10.78533,106.67029
2025-05-17 15:00:00+07:00,CMT8,23.239166895548504,10.78533,106.67029
2025-05-17 16:00:00+07:00,CMT8,26.72004159291585,10.78533,106.67029
2025-05-17 17:00:00+07:00,CMT8,30.06429147720337,10.78533,106.67029
2025-05-17 18:00:00+07:00,CMT8,39.871832529703774,10.78533,106.67029
2025-05-17 19:00:00+07:00,CMT8,38.23900032043457,10.78533,106.67029
2025-05-17 20:00:00+07:00,CMT8,37.936042149861656,10.78533,106.67029
2025-05-17 21:00:00+07:00,CMT8,41.447666803995766,10.78533,106.67029
2025-05-17 22:00:00+07:00,CMT8,39.15811061859131,10.78533,106.67029
2025-05-17 23:00:00+07:00,CMT8,26.946166515350342,10.78533,106.67029
2025-05-18 00:00:00+07:00,CMT8,17.607041835784912,10.78533,106.67029
2025-05-18 01:00:00+07:00,CMT8,11.851041555404663,10.78533,106.67029
2025-05-18 02:00:00+07:00,CMT8,10.381625175476074,10.78533,106.67029
2025-05-18 03:00:00+07:00,CMT8,11.171666781107584,10.78533,106.67029
2025-05-18 04:00:00+07:00,CMT8,11.175583283106485,10.78533,106.67029
2025-05-18 05:00:00+07:00,CMT8,13.134833335876465,10.78533,106.67029
2025-05-18 06:00:00+07:00,CMT8,25.864416758219402,10.78533,106.67029
2025-05-18 07:00:00+07:00,CMT8,28.965499877929688,10.78533,106.67029
2025-05-18 08:00:00+07:00,CMT8,32.27076403299967,10.78533,106.67029
2025-05-18 09:00:00+07:00,CMT8,29.710402647654217,10.78533,106.67029
2025-05-18 10:00:00+07:00,CMT8,27.11562506357829,10.78533,106.67029
2025-05-18 11:00:00+07:00,CMT8,26.6933749516805,10.78533,106.67029
2025-05-18 12:00:00+07:00,CMT8,29.229833443959553,10.78533,106.67029
2025-05-18 13:00:00+07:00,CMT8,28.432083288828533,10.78533,106.67029
2025-05-18 14:00:00+07:00,CMT8,19.334750016530354,10.78533,106.67029
2025-05-18 15:00:00+07:00,CMT8,13.793333212534586,10.78533,106.67029
2025-05-18 16:00:00+07:00,CMT8,12.33370836575826,10.78533,106.67029
2025-05-18 17:00:00+07:00,CMT8,18.48247234026591,10.78533,106.67029
2025-05-18 18:00:00+07:00,CMT8,30.375874837239582,10.78533,106.67029
2025-05-18 19:00:00+07:00,CMT8,26.19570827484131,10.78533,106.67029
2025-05-18 20:00:00+07:00,CMT8,25.034708340962727,10.78533,106.67029
2025-05-18 21:00:00+07:00,CMT8,21.776388963063557,10.78533,106.67029
2025-05-18 22:00:00+07:00,CMT8,19.408222516377766,10.78533,106.67029
2025-05-18 23:00:00+07:00,CMT8,14.682000001271566,10.78533,106.67029
2025-05-19 00:00:00+07:00,CMT8,13.881500164667765,10.78533,106.67029
2025-05-19 01:00:00+07:00,CMT8,15.467513879140219,10.78533,106.67029
2025-05-19 02:00:00+07:00,CMT8,14.574347257614136,10.78533,106.67029
2025-05-19 03:00:00+07:00,CMT8,11.728819370269775,10.78533,106.67029
2025-05-19 04:00:00+07:00,CMT8,7.589319388071696,10.78533,106.67029
2025-05-19 05:00:00+07:00,CMT8,10.270902713139852,10.78533,106.67029
2025-05-19 06:00:00+07:00,CMT8,16.413666645685833,10.78533,106.67029
2025-05-19 07:00:00+07:00,CMT8,22.563666979471844,10.78533,106.67029
2025-05-19 08:00:00+07:00,CMT8,32.161444664001465,10.78533,106.67029
2025-05-19 09:00:00+07:00,CMT8,29.761542161305744,10.78533,106.67029
2025-05-19 10:00:00+07:00,CMT8,29.72054131825765,10.78533,106.67029
2025-05-19 11:00:00+07:00,CMT8,23.556416511535645,10.78533,106.67029
2025-05-19 12:00:00+07:00,CMT8,25.840666611989338,10.78533,106.67029
2025-05-19 13:00:00+07:00,CMT8,14.387874801953634,10.78533,106.67029
2025-05-19 14:00:00+07:00,CMT8,10.482624888420105,10.78533,106.67029
2025-05-19 15:00:00+07:00,CMT8,12.513208309809366,10.78533,106.67029
2025-05-19 16:00:00+07:00,CMT8,10.564083258310953,10.78533,106.67029
2025-05-19 17:00:00+07:00,CMT8,12.510833263397217,10.78533,106.67029
2025-05-19 18:00:00+07:00,CMT8,14.586361010869345,10.78533,106.67029
2025-05-19 19:00:00+07:00,CMT8,23.11995840072632,10.78533,106.67029
2025-05-19 20:00:00+07:00,CMT8,20.093624989191692,10.78533,106.67029
2025-05-19 21:00:00+07:00,CMT8,10.073750178019205,10.78533,106.67029
2025-05-19 22:00:00+07:00,CMT8,7.395666678746541,10.78533,106.67029
2025-05-19 23:00:00+07:00,CMT8,12.1802499294281,10.78533,106.67029
2025-05-20 00:00:00+07:00,CMT8,28.838041464487713,10.78533,106.67029
2025-05-20 01:00:00+07:00,CMT8,28.500041484832764,10.78533,106.67029
2025-05-20 02:00:00+07:00,CMT8,26.068000157674152,10.78533,106.67029
2025-05-20 03:00:00+07:00,CMT8,19.82949995994568,10.78533,106.67029
2025-05-20 04:00:00+07:00,CMT8,10.086041609446207,10.78533,106.67029
2025-05-20 05:00:00+07:00,CMT8,10.311291774113974,10.78533,106.67029
2025-05-20 06:00:00+07:00,CMT8,17.331250031789143,10.78533,106.67029
2025-05-20 07:00:00+07:00,CMT8,21.572625001271565,10.78533,106.67029
2025-05-20 08:00:00+07:00,CMT8,27.71899978319804,10.78533,106.67029
2025-05-20 09:00:00+07:00,CMT8,62.45399888356527,10.78533,106.67029
2025-05-20 10:00:00+07:00,CMT8,54.837624867757164,10.78533,106.67029
2025-05-20 11:00:00+07:00,CMT8,54.1495688756307,10.78533,106.67029
2025-05-20 12:00:00+07:00,CMT8,43.78580538431803,10.78533,106.67029
2025-05-20 13:00:00+07:00,CMT8,38.86173566182455,10.78533,106.67029
2025-05-20 14:00:00+07:00,CMT8,22.246986230214436,10.78533,106.67029
2025-05-20 15:00:00+07:00,CMT8,31.59511137008667,10.78533,106.67029
2025-05-20 16:00:00+07:00,CMT8,17.122902631759644,10.78533,106.67029
2025-05-20 17:00:00+07:00,CMT8,19.902541875839233,10.78533,106.67029
2025-05-20 18:00:00+07:00,CMT8,24.827458381652832,10.78533,106.67029
2025-05-20 19:00:00+07:00,CMT8,35.081000010172524,10.78533,106.67029
2025-05-20 20:00:00+07:00,CMT8,32.31429195404053,10.78533,106.67029
2025-05-20 21:00:00+07:00,CMT8,33.873291969299316,10.78533,106.67029
2025-05-20 22:00:00+07:00,CMT8,31.236374855041504,10.78533,106.67029
2025-05-20 23:00:00+07:00,CMT8,34.04929161071777,10.78533,106.67029
2025-05-21 00:00:00+07:00,CMT8,31.192125002543133,10.78533,106.67029
2025-05-21 01:00:00+07:00,CMT8,23.521791219711304,10.78533,106.67029
2025-05-21 02:00:00+07:00,CMT8,13.486708323160807,10.78533,106.67029
2025-05-21 03:00:00+07:00,CMT8,16.73495825131734,10.78533,106.67029
2025-05-21 04:00:00+07:00,CMT8,31.72433312733968,10.78533,106.67029
2025-05-21 05:00:00+07:00,CMT8,70.83124891916911,10.78533,106.67029
2025-05-21 06:00:00+07:00,CMT8,89.75591723124187,10.78533,106.67029
2025-05-21 07:00:00+07:00,CMT8,98.72100003560384,10.78533,106.67029
2025-05-21 08:00:00+07:00,CMT8,94.02426401774089,10.78533,106.67029
2025-05-21 09:00:00+07:00,CMT8,78.56820869445801,10.78533,106.67029
2025-05-21 10:00:00+07:00,CMT8,56.58915360768636,10.78533,106.67029
2025-05-21 11:00:00+07:00,CMT8,67.86395931243896,10.78533,106.67029
2025-05-21 12:00:00+07:00,CMT8,59.039499600728355,10.78533,106.67029
2025-05-21 13:00:00+07:00,CMT8,49.64954153696696,10.78533,106.67029
2025-05-21 14:00:00+07:00,CMT8,49.58679167429606,10.78533,106.67029
2025-05-21 15:00:00+07:00,CMT8,41.79266675313314,10.78533,106.67029
2025-05-21 16:00:00+07:00,CMT8,43.63741683959961,10.78533,106.67029
2025-05-21 17:00:00+07:00,CMT8,42.16387494405111,10.78533,106.67029
2025-05-21 18:00:00+07:00,CMT8,38.363958517710365,10.78533,106.67029
2025-05-21 19:00:00+07:00,CMT8,35.60829162597656,10.78533,106.67029
2025-05-21 20:00:00+07:00,CMT8,35.641125202178955,10.78533,106.67029
2025-05-21 21:00:00+07:00,CMT8,39.43187554677328,10.78533,106.67029
2025-05-21 22:00:00+07:00,CMT8,40.068541844685875,10.78533,106.67029
2025-05-21 23:00:00+07:00,CMT8,40.980555852254234,10.78533,106.67029
2025-05-22 00:00:00+07:00,CMT8,43.20420869191488,10.78533,106.67029
2025-05-22 01:00:00+07:00,CMT8,44.17187531789144,10.78533,106.67029
2025-05-22 02:00:00+07:00,CMT8,45.76108360290527,10.78533,106.67029
2025-05-22 03:00:00+07:00,CMT8,49.35583337148031,10.78533,106.67029
2025-05-22 04:00:00+07:00,CMT8,52.87277762095133,10.78533,106.67029
2025-05-22 05:00:00+07:00,CMT8,47.28736146291097,10.78533,106.67029
2025-05-22 06:00:00+07:00,CMT8,67.54912376403809,10.78533,106.67029
2025-05-22 07:00:00+07:00,CMT8,77.72479184468587,10.78533,106.67029
2025-05-22 08:00:00+07:00,CMT8,60.517333984375,10.78533,106.67029
2025-05-22 09:00:00+07:00,CMT8,51.60937531789144,10.78533,106.67029
2025-05-22 10:00:00+07:00,CMT8,43.94474983215332,10.78533,106.67029
2025-05-22 11:00:00+07:00,CMT8,49.57774988810221,10.78533,106.67029
2025-05-22 12:00:00+07:00,CMT8,55.13816706339518,10.78533,106.67029
2025-05-22 13:00:00+07:00,CMT8,44.516666412353516,10.78533,106.67029
2025-05-22 14:00:00+07:00,CMT8,43.470152854919434,10.78533,106.67029
2025-05-22 15:00:00+07:00,CMT8,45.09674994150797,10.78533,106.67029
2025-05-22 16:00:00+07:00,CMT8,42.367666244506836,10.78533,106.67029
2025-05-22 17:00:00+07:00,CMT8,34.37434673309326,10.78533,106.67029
2025-05-22 18:00:00+07:00,CMT8,25.25170834859212,10.78533,106.67029
2025-05-22 19:00:00+07:00,CMT8,36.698999563852944,10.78533,106.67029
2025-05-22 20:00:00+07:00,CMT8,53.161416371663414,10.78533,106.67029
2025-05-22 21:00:00+07:00,CMT8,47.074666341145836,10.78533,106.67029
2025-05-22 22:00:00+07:00,CMT8,21.788958231608074,10.78533,106.67029
2025-05-22 23:00:00+07:00,CMT8,23.236249923706055,10.78533,106.67029
2025-05-23 00:00:00+07:00,CMT8,39.481666247049965,10.78533,106.67029
2025-05-23 01:00:00+07:00,CMT8,40.166124979654946,10.78533,106.67029
2025-05-23 02:00:00+07:00,CMT8,36.36629136403402,10.78533,106.67029
2025-05-23 03:00:00+07:00,CMT8,35.143666903177895,10.78533,106.67029
2025-05-23 04:00:00+07:00,CMT8,35.51874987284342,10.78533,106.67029
2025-05-23 05:00:00+07:00,CMT8,39.78175004323324,10.78533,106.67029
2025-05-23 06:00:00+07:00,CMT8,44.383832931518555,10.78533,106.67029
2025-05-23 07:00:00+07:00,CMT8,48.566208839416504,10.78533,106.67029
2025-05-23 08:00:00+07:00,CMT8,45.719666481018066,10.78533,106.67029
2025-05-23 09:00:00+07:00,CMT8,44.93729178110758,10.78533,106.67029
2025-05-23 10:00:00+07:00,CMT8,34.32016658782959,10.78533,106.67029
2025-05-23 11:00:00+07:00,CMT8,33.32320817311605,10.78533,106.67029
2025-05-23 12:00:00+07:00,CMT8,25.673916816711426,10.78533,106.67029
2025-05-23 13:00:00+07:00,CMT8,28.67958339055379,10.78533,106.67029
2025-05-23 14:00:00+07:00,CMT8,28.002236207326252,10.78533,106.67029
2025-05-23 15:00:00+07:00,CMT8,22.150986115137737,10.78533,106.67029
2025-05-23 16:00:00+07:00,CMT8,18.199235916137695,10.78533,106.67029
2025-05-23 17:00:00+07:00,CMT8,25.180944283803303,10.78533,106.67029
2025-05-23 18:00:00+07:00,CMT8,21.433138847351074,10.78533,106.67029
2025-05-23 19:00:00+07:00,CMT8,26.539486090342205,10.78533,106.67029
2025-05-23 20:00:00+07:00,CMT8,24.970125039418537,10.78533,106.67029
2025-05-23 21:00:00+07:00,CMT8,27.45869493484497,10.78533,106.67029
2025-05-23 22:00:00+07:00,CMT8,27.601125240325928,10.78533,106.67029
2025-05-23 23:00:00+07:00,CMT8,20.326222499211628,10.78533,106.67029
2025-05-24 00:00:00+07:00,CMT8,15.367624998092651,10.78533,106.67029
2025-05-24 01:00:00+07:00,CMT8,21.698333263397217,10.78533,106.67029
2025-05-24 02:00:00+07:00,CMT8,23.002291520436604,10.78533,106.67029
2025-05-24 03:00:00+07:00,CMT8,21.556708335876465,10.78533,106.67029
2025-05-24 04:00:00+07:00,CMT8,22.75729163487752,10.78533,106.67029
2025-05-24 05:00:00+07:00,CMT8,21.31304168701172,10.78533,106.67029
2025-05-24 06:00:00+07:00,CMT8,28.6107915242513,10.78533,106.67029
2025-05-24 07:00:00+07:00,CMT8,33.871125062306724,10.78533,106.67029
2025-05-24 08:00:00+07:00,CMT8,31.38325023651123,10.78533,106.67029
2025-05-24 09:00:00+07:00,CMT8,23.715208530426025,10.78533,106.67029
2025-05-24 10:00:00+07:00,CMT8,25.18958330154419,10.78533,106.67029
2025-05-24 11:00:00+07:00,CMT8,31.821375211079914,10.78533,106.67029
2025-05-24 12:00:00+07:00,CMT8,37.645166556040444,10.78533,106.67029
2025-05-24 13:00:00+07:00,CMT8,14.109249909718832,10.78533,106.67029
2025-05-24 14:00:00+07:00,CMT8,13.534958362579346,10.78533,106.67029
2025-05-24 15:00:00+07:00,CMT8,17.52079168955485,10.78533,106.67029
2025-05-24 16:00:00+07:00,CMT8,19.73837486902873,10.78533,106.67029
2025-05-24 17:00:00+07:00,CMT8,26.49600013097127,10.78533,106.67029
2025-05-24 18:00:00+07:00,CMT8,23.889166831970215,10.78533,106.67029
2025-05-24 19:00:00+07:00,CMT8,42.94549957911173,10.78533,106.67029
2025-05-24 20:00:00+07:00,CMT8,37.783083279927574,10.78533,106.67029
2025-05-24 21:00:00+07:00,CMT8,31.107166290283203,10.78533,106.67029
2025-05-24 22:00:00+07:00,CMT8,31.428250153859455,10.78533,106.67029
2025-05-24 23:00:00+07:00,CMT8,23.13391701380412,10.78533,106.67029
2025-05-25 00:00:00+07:00,CMT8,29.014708360036213,10.78533,106.67029
2025-05-25 01:00:00+07:00,CMT8,23.88979164759318,10.78533,106.67029
2025-05-25 02:00:00+07:00,CMT8,18.152416308720905,10.78533,106.67029
2025-05-25 03:00:00+07:00,CMT8,28.62041664123535,10.78533,106.67029
2025-05-25 04:00:00+07:00,CMT8,22.432500044504803,10.78533,106.67029
2025-05-25 05:00:00+07:00,CMT8,38.06950012842814,10.78533,106.67029
2025-05-25 06:00:00+07:00,CMT8,49.847000439961754,10.78533,106.67029
2025-05-25 07:00:00+07:00,CMT8,31.92448552449544,10.78533,106.67029
2025-05-25 08:00:00+07:00,CMT8,28.121208508809406,10.78533,106.67029
2025-05-25 09:00:00+07:00,CMT8,25.864416758219402,10.78533,106.67029
2025-05-25 10:00:00+07:00,CMT8,27.999611377716064,10.78533,106.67029
2025-05-25 11:00:00+07:00,CMT8,23.251291751861572,10.78533,106.67029
2025-05-25 12:00:00+07:00,CMT8,25.497597058614094,10.78533,106.67029
2025-05-25 13:00:00+07:00,CMT8,17.44659733772278,10.78533,106.67029
2025-05-25 14:00:00+07:00,CMT8,11.530541698137919,10.78533,106.67029
2025-05-25 15:00:00+07:00,CMT8,18.151875178019207,10.78533,106.67029
2025-05-25 16:00:00+07:00,CMT8,14.092583417892456,10.78533,106.67029
2025-05-25 17:00:00+07:00,CMT8,12.176083167394003,10.78533,106.67029
2025-05-25 18:00:00+07:00,CMT8,21.497000058492024,10.78533,106.67029
2025-05-25 19:00:00+07:00,CMT8,24.66225020090739,10.78533,106.67029
2025-05-25 20:00:00+07:00,CMT8,27.85112476348877,10.78533,106.67029
2025-05-25 21:00:00+07:00,CMT8,17.415250221888225,10.78533,106.67029
2025-05-25 22:00:00+07:00,CMT8,11.222361246744791,10.78533,106.67029
2025-05-25 23:00:00+07:00,CMT8,11.915041526158651,10.78533,106.67029
2025-05-26 00:00:00+07:00,CMT8,13.70104169845581,10.78533,106.67029
2025-05-26 01:00:00+07:00,CMT8,23.39312473932902,10.78533,106.67029
2025-05-26 02:00:00+07:00,CMT8,14.16225004196167,10.78533,106.67029
2025-05-26 03:00:00+07:00,CMT8,14.821458339691162,10.78533,106.67029
2025-05-26 04:00:00+07:00,CMT8,22.418333371480305,10.78533,106.67029
2025-05-26 05:00:00+07:00,CMT8,18.48454173405965,10.78533,106.67029
2025-05-26 06:00:00+07:00,CMT8,29.18458318710327,10.78533,106.67029
2025-05-26 07:00:00+07:00,CMT8,24.81470823287964,10.78533,106.67029
2025-05-26 08:00:00+07:00,CMT8,27.67845805486043,10.78533,106.67029
2025-05-26 09:00:00+07:00,CMT8,23.517749945322674,10.78533,106.67029
2025-05-26 10:00:00+07:00,CMT8,26.50920820236206,10.78533,106.67029
2025-05-26 23:00:00+07:00,CMT8,12.827874898910522,10.78533,106.67029
2025-05-27 00:00:00+07:00,CMT8,11.293545376170766,10.78533,106.67029
2025-05-27 01:00:00+07:00,CMT8,9.038249850273132,10.78533,106.67029
2025-05-27 02:00:00+07:00,CMT8,7.586083332697551,10.78533,106.67029
2025-05-27 03:00:00+07:00,CMT8,7.759916702906291,10.78533,106.67029
2025-05-27 04:00:00+07:00,CMT8,9.491499900817871,10.78533,106.67029
2025-05-27 05:00:00+07:00,CMT8,8.613875071207682,10.78533,106.67029
2025-05-27 06:00:00+07:00,CMT8,20.037291685740154,10.78533,106.67029
2025-05-27 07:00:00+07:00,CMT8,20.77624996503194,10.78533,106.67029
2025-05-27 08:00:00+07:00,CMT8,24.682416756947834,10.78533,106.67029
2025-05-27 09:00:00+07:00,CMT8,20.5767502784729,10.78533,106.67029
2025-05-27 10:00:00+07:00,CMT8,23.5778333346049,10.78533,106.67029
2025-05-27 11:00:00+07:00,CMT8,26.139583269755047,10.78533,106.67029
2025-05-27 12:00:00+07:00,CMT8,22.276958465576172,10.78533,106.67029
2025-05-27 13:00:00+07:00,CMT8,14.509875138600668,10.78533,106.67029
2025-05-27 14:00:00+07:00,CMT8,17.448916753133137,10.78533,106.67029
2025-05-27 15:00:00+07:00,CMT8,19.18958346048991,10.78533,106.67029
2025-05-27 16:00:00+07:00,CMT8,19.020999908447266,10.78533,106.67029
2025-05-27 17:00:00+07:00,CMT8,21.947736263275146,10.78533,106.67029
2025-05-27 18:00:00+07:00,CMT8,24.674277782440186,10.78533,106.67029
2025-05-27 19:00:00+07:00,CMT8,23.27133321762085,10.78533,106.67029
2025-05-27 20:00:00+07:00,CMT8,21.113666534423828,10.78533,106.67029
2025-05-27 21:00:00+07:00,CMT8,14.525541623433432,10.78533,106.67029
2025-05-27 22:00:00+07:00,CMT8,20.013874928156536,10.78533,106.67029
2025-05-27 23:00:00+07:00,CMT8,12.92579166094462,10.78533,106.67029
2025-05-28 00:00:00+07:00,CMT8,10.905605966394598,10.78533,106.67029
2025-05-28 01:00:00+07:00,CMT8,13.016416708628336,10.78533,106.67029
2025-05-28 02:00:00+07:00,CMT8,16.848166704177856,10.78533,106.67029
2025-05-28 03:00:00+07:00,CMT8,13.531791687011719,10.78533,106.67029
2025-05-28 04:00:00+07:00,CMT8,13.312416712443033,10.78533,106.67029
2025-05-28 05:00:00+07:00,CMT8,39.67120806376139,10.78533,106.67029
2025-05-28 06:00:00+07:00,CMT8,48.33883317311605,10.78533,106.67029
2025-05-28 07:00:00+07:00,CMT8,47.36291694641113,10.78533,106.67029
2025-05-28 08:00:00+07:00,CMT8,57.402957916259766,10.78533,106.67029
2025-05-28 09:00:00+07:00,CMT8,43.92116673787435,10.78533,106.67029
2025-05-28 10:00:00+07:00,CMT8,46.868500073750816,10.78533,106.67029
2025-05-28 11:00:00+07:00,CMT8,35.79174995422363,10.78533,106.67029
2025-05-28 12:00:00+07:00,CMT8,36.05491701761881,10.78533,106.67029
2025-05-28 13:00:00+07:00,CMT8,26.375486214955647,10.78533,106.67029
2025-05-28 14:00:00+07:00,CMT8,17.384999831517536,10.78533,106.67029
2025-05-28 15:00:00+07:00,CMT8,21.846458276112873,10.78533,106.67029
2025-05-28 16:00:00+07:00,CMT8,23.972166856129963,10.78533,106.67029
2025-05-28 17:00:00+07:00,CMT8,25.52554162343343,10.78533,106.67029
2025-05-28 18:00:00+07:00,CMT8,29.748944600423176,10.78533,106.67029
2025-05-28 19:00:00+07:00,CMT8,37.2722225189209,10.78533,106.67029
2025-05-28 20:00:00+07:00,CMT8,30.964499632517498,10.78533,106.67029
2025-05-28 21:00:00+07:00,CMT8,27.75320800145467,10.78533,106.67029
2025-05-28 22:00:00+07:00,CMT8,25.365041573842365,10.78533,106.67029
2025-05-28 23:00:00+07:00,CMT8,19.914166529973347,10.78533,106.67029
2025-05-29 00:00:00+07:00,CMT8,19.76924999554952,10.78533,106.67029
2025-05-29 01:00:00+07:00,CMT8,16.38029138247172,10.78533,106.67029
2025-05-29 02:00:00+07:00,CMT8,16.36204155286153,10.78533,106.67029
2025-05-29 03:00:00+07:00,CMT8,2.9169583221276603,10.78533,106.67029
2025-05-29 04:00:00+07:00,CMT8,3.185958355665207,10.78533,106.67029
2025-05-29 05:00:00+07:00,CMT8,5.308583339055379,10.78533,106.67029
2025-05-29 06:00:00+07:00,CMT8,9.65654174486796,10.78533,106.67029
2025-05-29 07:00:00+07:00,CMT8,25.68137510617574,10.78533,106.67029
2025-05-29 08:00:00+07:00,CMT8,40.054000536600746,10.78533,106.67029
2025-05-29 09:00:00+07:00,CMT8,54.81766700744629,10.78533,106.67029
2025-05-29 10:00:00+07:00,CMT8,34.403541247049965,10.78533,106.67029
2025-05-29 11:00:00+07:00,CMT8,34.684346993764244,10.78533,106.67029
2025-05-29 12:00:00+07:00,CMT8,38.386305491129555,10.78533,106.67029
2025-05-29 13:00:00+07:00,CMT8,28.567389170328777,10.78533,106.67029
2025-05-29 14:00:00+07:00,CMT8,27.85166660944621,10.78533,106.67029
2025-05-29 15:00:00+07:00,CMT8,20.51854173342387,10.78533,106.67029
2025-05-29 16:00:00+07:00,CMT8,13.472958326339722,10.78533,106.67029
2025-05-29 17:00:00+07:00,CMT8,16.56933331489563,10.78533,106.67029
2025-05-29 18:00:00+07:00,CMT8,17.462958335876465,10.78533,106.67029
2025-05-29 19:00:00+07:00,CMT8,23.05591670672099,10.78533,106.67029
2025-05-29 20:00:00+07:00,CMT8,14.797666470209757,10.78533,106.67029
2025-05-29 21:00:00+07:00,CMT8,12.232791662216187,10.78533,106.67029
2025-05-29 22:00:00+07:00,CMT8,9.879541714986166,10.78533,106.67029
2025-05-29 23:00:00+07:00,CMT8,12.763125022252401,10.78533,106.67029
2025-05-30 00:00:00+07:00,CMT8,12.843408931385387,10.78533,106.67029
2025-05-30 01:00:00+07:00,CMT8,31.84958330790202,10.78533,106.67029
2025-05-30 02:00:00+07:00,CMT8,32.31820805867513,10.78533,106.67029
2025-05-30 03:00:00+07:00,CMT8,16.97516679763794,10.78533,106.67029
2025-05-30 04:00:00+07:00,CMT8,16.154666662216187,10.78533,106.67029
2025-05-30 05:00:00+07:00,CMT8,13.883208354314169,10.78533,106.67029
2025-05-30 06:00:00+07:00,CMT8,16.779374996821087,10.78533,106.67029
2025-05-30 07:00:00+07:00,CMT8,30.556708017985027,10.78533,106.67029
2025-05-30 08:00:00+07:00,CMT8,37.60083325703939,10.78533,106.67029
2025-05-30 09:00:00+07:00,CMT8,34.481499354044594,10.78533,106.67029
2025-05-30 10:00:00+07:00,CMT8,29.0111665725708,10.78533,106.67029
2025-05-30 11:00:00+07:00,CMT8,23.43208344777425,10.78533,106.67029
2025-05-30 12:00:00+07:00,CMT8,19.25558344523112,10.78533,106.67029
2025-05-30 13:00:00+07:00,CMT8,11.884374936421713,10.78533,106.67029
2025-05-30 14:00:00+07:00,CMT8,12.57812492052714,10.78533,106.67029
2025-05-30 15:00:00+07:00,CMT8,13.225333372751871,10.78533,106.67029
2025-05-30 16:00:00+07:00,CMT8,18.72058343887329,10.78533,106.67029
2025-05-30 17:00:00+07:00,CMT8,27.120416164398193,10.78533,106.67029
2025-05-30 18:00:00+07:00,CMT8,38.05054187774658,10.78533,106.67029
2025-05-30 19:00:00+07:00,CMT8,33.641249656677246,10.78533,106.67029
2025-05-30 20:00:00+07:00,CMT8,37.71434752146403,10.78533,106.67029
2025-05-30 21:00:00+07:00,CMT8,29.547499974568684,10.78533,106.67029
2025-05-30 22:00:00+07:00,CMT8,22.426791667938232,10.78533,106.67029
2025-05-30 23:00:00+07:00,CMT8,22.225708484649658,10.78533,106.67029
2025-05-31 00:00:00+07:00,CMT8,15.15962521235148,10.78533,106.67029
2025-05-31 01:00:00+07:00,CMT8,8.721208413441977,10.78533,106.67029
2025-05-31 02:00:00+07:00,CMT8,8.001833399136862,10.78533,106.67029
2025-05-31 03:00:00+07:00,CMT8,6.959458390871684,10.78533,106.67029
2025-05-31 04:00:00+07:00,CMT8,9.137125015258789,10.78533,106.67029
2025-05-31 05:00:00+07:00,CMT8,24.700875282287598,10.78533,106.67029
2025-05-31 06:00:00+07:00,CMT8,34.6521250406901,10.78533,106.67029
2025-05-31 07:00:00+07:00,CMT8,26.91950035095215,10.78533,106.67029
2025-05-31 08:00:00+07:00,CMT8,35.04716714223226,10.78533,106.67029
2025-05-31 09:00:00+07:00,CMT8,31.058083375295002,10.78533,106.67029
2025-05-31 10:00:00+07:00,CMT8,28.180833339691162,10.78533,106.67029
2025-05-31 11:00:00+07:00,CMT8,19.537166595458984,10.78533,106.67029
2025-05-31 12:00:00+07:00,CMT8,19.939541737238567,10.78533,106.67029
2025-05-31 13:00:00+07:00,CMT8,24.521708170572918,10.78533,106.67029
2025-05-31 14:00:00+07:00,CMT8,14.006611029307047,10.78533,106.67029
2025-05-31 15:00:00+07:00,CMT8,10.263916611671448,10.78533,106.67029
2025-05-31 16:00:00+07:00,CMT8,16.070791562398274,10.78533,106.67029
2025-05-31 17:00:00+07:00,CMT8,24.71108325322469,10.78533,106.67029
2025-05-31 18:00:00+07:00,CMT8,28.876750310262043,10.78533,106.67029
2025-05-31 19:00:00+07:00,CMT8,30.444083213806152,10.78533,106.67029
2025-05-31 20:00:00+07:00,CMT8,24.209833304087322,10.78533,106.67029
2025-05-31 21:00:00+07:00,CMT8,30.660499890645344,10.78533,106.67029
2025-05-31 22:00:00+07:00,CMT8,37.50075070063273,10.78533,106.67029
2025-05-31 23:00:00+07:00,CMT8,35.290249824523926,10.78533,106.67029
2025-06-01 00:00:00+07:00,CMT8,48.05962530771891,10.78533,106.67029
2025-06-01 01:00:00+07:00,CMT8,51.661583264668785,10.78533,106.67029
2025-06-01 02:00:00+07:00,CMT8,52.134874979654946,10.78533,106.67029
2025-06-01 03:00:00+07:00,CMT8,54.588375091552734,10.78533,106.67029
2025-06-01 04:00:00+07:00,CMT8,55.131250063578285,10.78533,106.67029
2025-06-01 05:00:00+07:00,CMT8,51.01745923360189,10.78533,106.67029
2025-06-01 06:00:00+07:00,CMT8,44.87862491607666,10.78533,106.67029
2025-06-01 07:00:00+07:00,CMT8,43.786416371663414,10.78533,106.67029
2025-06-01 08:00:00+07:00,CMT8,43.49458312988281,10.78533,106.67029
2025-06-01 09:00:00+07:00,CMT8,37.119375705718994,10.78533,106.67029
2025-06-01 10:00:00+07:00,CMT8,33.147541999816895,10.78533,106.67029
2025-06-01 11:00:00+07:00,CMT8,23.03137477238973,10.78533,106.67029
2025-06-01 12:00:00+07:00,CMT8,21.087999661763508,10.78533,106.67029
2025-06-01 13:00:00+07:00,CMT8,22.09754180908203,10.78533,106.67029
2025-06-01 14:00:00+07:00,CMT8,16.117541551589966,10.78533,106.67029
2025-06-01 15:00:00+07:00,CMT8,24.134375015894573,10.78533,106.67029
2025-06-01 16:00:00+07:00,CMT8,23.922958215077717,10.78533,106.67029
2025-06-01 17:00:00+07:00,CMT8,22.530083338419598,10.78533,106.67029
2025-06-01 23:00:00+07:00,CMT8,20.197875022888184,10.78533,106.67029
2025-06-02 00:00:00+07:00,CMT8,18.41850010553996,10.78533,106.67029
2025-06-02 01:00:00+07:00,CMT8,18.81741698582967,10.78533,106.67029
2025-06-02 11:00:00+07:00,CMT8,32.99804178873698,10.78533,106.67029
2025-06-02 12:00:00+07:00,CMT8,31.130874792734783,10.78533,106.67029
2025-06-02 13:00:00+07:00,CMT8,28.86370833714803,10.78533,106.67029
2025-06-02 15:00:00+07:00,CMT8,27.08799982070923,10.78533,106.67029
2025-06-02 16:00:00+07:00,CMT8,33.18154223759969,10.78533,106.67029
2025-06-02 17:00:00+07:00,CMT8,40.596208572387695,10.78533,106.67029
2025-06-03 01:00:00+07:00,CMT8,67.20424969991048,10.78533,106.67029
2025-06-03 02:00:00+07:00,CMT8,88.58933321634929,10.78533,106.67029
2025-06-03 03:00:00+07:00,CMT8,73.49987475077312,10.78533,106.67029
2025-06-03 04:00:00+07:00,CMT8,68.34912490844727,10.78533,106.67029
2025-06-03 05:00:00+07:00,CMT8,75.9381669362386,10.78533,106.67029
2025-06-03 06:00:00+07:00,CMT8,79.57704099019368,10.78533,106.67029
2025-06-03 08:00:00+07:00,CMT8,68.42816702524821,10.78533,106.67029
2025-06-03 09:00:00+07:00,CMT8,56.76599963506063,10.78533,106.67029
2025-06-03 10:00:00+07:00,CMT8,15.564499934514364,10.78533,106.67029
2025-06-03 16:00:00+07:00,CMT8,17.234375,10.78533,106.67029
2025-06-03 17:00:00+07:00,CMT8,21.513583262761433,10.78533,106.67029
2025-06-03 18:00:00+07:00,CMT8,26.350208282470703,10.78533,106.67029
2025-06-03 19:00:00+07:00,CMT8,39.920875549316406,10.78533,106.67029
2025-06-03 20:00:00+07:00,CMT8,34.48825025558472,10.78533,106.67029
2025-06-03 21:00:00+07:00,CMT8,39.36170800526937,10.78533,106.67029
2025-06-03 22:00:00+07:00,CMT8,40.5373748143514,10.78533,106.67029
2025-06-03 23:00:00+07:00,CMT8,44.406402905782066,10.78533,106.67029
2025-06-04 00:00:00+07:00,CMT8,35.139889081319176,10.78533,106.67029
2025-06-04 01:00:00+07:00,CMT8,44.415833473205566,10.78533,106.67029
2025-06-04 02:00:00+07:00,CMT8,41.20674959818522,10.78533,106.67029
2025-06-04 03:00:00+07:00,CMT8,23.550250212351482,10.78533,106.67029
2025-06-04 04:00:00+07:00,CMT8,22.295000235239666,10.78533,106.67029
2025-06-04 05:00:00+07:00,CMT8,20.88641659418742,10.78533,106.67029
2025-06-04 06:00:00+07:00,CMT8,28.82241694132487,10.78533,106.67029
2025-06-04 07:00:00+07:00,CMT8,34.17487494150797,10.78533,106.67029
2025-06-04 08:00:00+07:00,CMT8,38.236958821614586,10.78533,106.67029
2025-06-04 09:00:00+07:00,CMT8,43.10133330027262,10.78533,106.67029
2025-06-04 10:00:00+07:00,CMT8,31.72374979654948,10.78533,106.67029
2025-06-04 11:00:00+07:00,CMT8,25.77804152170817,10.78533,106.67029
2025-06-04 12:00:00+07:00,CMT8,22.07070827484131,10.78533,106.67029
2025-06-04 13:00:00+07:00,CMT8,19.337652524312336,10.78533,106.67029
2025-06-04 14:00:00+07:00,CMT8,23.760875066121418,10.78533,106.67029
2025-06-04 15:00:00+07:00,CMT8,25.267208576202393,10.78533,106.67029
2025-06-04 16:00:00+07:00,CMT8,24.068416913350422,10.78533,106.67029
2025-06-04 17:00:00+07:00,CMT8,19.886541843414307,10.78533,106.67029
2025-06-04 18:00:00+07:00,CMT8,30.906750679016113,10.78533,106.67029
2025-06-04 19:00:00+07:00,CMT8,35.80029169718424,10.78533,106.67029
2025-06-04 20:00:00+07:00,CMT8,46.472472190856934,10.78533,106.67029
2025-06-04 21:00:00+07:00,CMT8,52.45783297220866,10.78533,106.67029
2025-06-04 22:00:00+07:00,CMT8,51.284430821736656,10.78533,106.67029
2025-06-04 23:00:00+07:00,CMT8,45.64570871988932,10.78533,106.67029
2025-06-05 00:00:00+07:00,CMT8,50.30129210154215,10.78533,106.67029
2025-06-05 01:00:00+07:00,CMT8,51.34662469228109,10.78533,106.67029
2025-06-05 02:00:00+07:00,CMT8,59.369625091552734,10.78533,106.67029
2025-06-05 03:00:00+07:00,CMT8,52.528749783833824,10.78533,106.67029
2025-06-05 04:00:00+07:00,CMT8,43.730791091918945,10.78533,106.67029
2025-06-05 05:00:00+07:00,CMT8,44.704958279927574,10.78533,106.67029
2025-06-05 06:00:00+07:00,CMT8,42.74895826975504,10.78533,106.67029
2025-06-05 07:00:00+07:00,CMT8,42.122374852498375,10.78533,106.67029
2025-06-05 08:00:00+07:00,CMT8,48.37691720326742,10.78533,106.67029
2025-06-05 09:00:00+07:00,CMT8,43.480124155680336,10.78533,106.67029
2025-06-05 10:00:00+07:00,CMT8,31.18179162343343,10.78533,106.67029
2025-06-05 11:00:00+07:00,CMT8,21.629875024159748,10.78533,106.67029
2025-06-05 12:00:00+07:00,CMT8,19.990749835968018,10.78533,106.67029
2025-06-05 13:00:00+07:00,CMT8,20.17004172007243,10.78533,106.67029
2025-06-05 14:00:00+07:00,CMT8,19.381875038146973,10.78533,106.67029
2025-06-05 15:00:00+07:00,CMT8,20.08619435628255,10.78533,106.67029
2025-06-05 16:00:00+07:00,CMT8,25.357083638509113,10.78533,106.67029
2025-06-05 17:00:00+07:00,CMT8,22.870458285013836,10.78533,106.67029
2025-06-05 18:00:00+07:00,CMT8,38.33231894175211,10.78533,106.67029
2025-06-05 19:00:00+07:00,CMT8,44.17179171244303,10.78533,106.67029
2025-06-05 20:00:00+07:00,CMT8,60.014750162760414,10.78533,106.67029
2025-06-05 21:00:00+07:00,CMT8,66.38704140981038,10.78533,106.67029
2025-06-05 22:00:00+07:00,CMT8,58.99608294169108,10.78533,106.67029
2025-06-05 23:00:00+07:00,CMT8,44.05100027720133,10.78533,106.67029
2025-06-06 00:00:00+07:00,CMT8,36.03351402282715,10.78533,106.67029
2025-06-06 01:00:00+07:00,CMT8,34.83229128519694,10.78533,106.67029
2025-06-06 02:00:00+07:00,CMT8,30.493666648864746,10.78533,106.67029
2025-06-06 03:00:00+07:00,CMT8,25.70995855331421,10.78533,106.67029
2025-06-06 04:00:00+07:00,CMT8,31.051166534423828,10.78533,106.67029
2025-06-06 05:00:00+07:00,CMT8,26.234416643778484,10.78533,106.67029
2025-06-06 06:00:00+07:00,CMT8,25.12708330154419,10.78533,106.67029
2025-06-06 07:00:00+07:00,CMT8,37.55787467956543,10.78533,106.67029
2025-06-06 08:00:00+07:00,CMT8,33.159083207448326,10.78533,106.67029
2025-06-06 09:00:00+07:00,CMT8,29.61187489827474,10.78533,106.67029
2025-06-06 10:00:00+07:00,CMT8,23.328999996185303,10.78533,106.67029
2025-06-06 11:00:00+07:00,CMT8,19.18904177347819,10.78533,106.67029
2025-06-06 12:00:00+07:00,CMT8,20.930583318074543,10.78533,106.67029
2025-06-06 13:00:00+07:00,CMT8,22.816791852315266,10.78533,106.67029
2025-06-06 14:00:00+07:00,CMT8,14.365125020345053,10.78533,106.67029
2025-06-06 15:00:00+07:00,CMT8,17.01133330663045,10.78533,106.67029
2025-06-06 16:00:00+07:00,CMT8,23.71291669209798,10.78533,106.67029
2025-06-06 17:00:00+07:00,CMT8,21.375624974568684,10.78533,106.67029
2025-06-06 18:00:00+07:00,CMT8,38.76466703414917,10.78533,106.67029
2025-06-06 19:00:00+07:00,CMT8,40.73041693369547,10.78533,106.67029
2025-06-06 20:00:00+07:00,CMT8,43.3280413945516,10.78533,106.67029
2025-06-06 21:00:00+07:00,CMT8,43.88045851389567,10.78533,106.67029
2025-06-06 22:00:00+07:00,CMT8,34.509874979654946,10.78533,106.67029
2025-06-06 23:00:00+07:00,CMT8,31.712374528249104,10.78533,106.67029
2025-06-07 00:00:00+07:00,CMT8,41.64637533823649,10.78533,106.67029
2025-06-07 01:00:00+07:00,CMT8,46.15999984741211,10.78533,106.67029
2025-06-07 02:00:00+07:00,CMT8,42.123000144958496,10.78533,106.67029
2025-06-07 03:00:00+07:00,CMT8,40.617249170939125,10.78533,106.67029
2025-06-07 04:00:00+07:00,CMT8,31.804791927337646,10.78533,106.67029
2025-06-07 05:00:00+07:00,CMT8,31.468375205993652,10.78533,106.67029
2025-06-07 06:00:00+07:00,CMT8,30.3435001373291,10.78533,106.67029
2025-06-07 07:00:00+07:00,CMT8,35.86733341217041,10.78533,106.67029
2025-06-07 08:00:00+07:00,CMT8,31.4322083791097,10.78533,106.67029
2025-06-07 09:00:00+07:00,CMT8,31.162624994913738,10.78533,106.67029
2025-06-07 10:00:00+07:00,CMT8,29.270708560943604,10.78533,106.67029
2025-06-07 11:00:00+07:00,CMT8,29.914999961853027,10.78533,106.67029
2025-06-07 13:00:00+07:00,CMT8,26.148874759674072,10.78533,106.67029
2025-06-23 23:00:00+07:00,CMT8,26.502799415588377,10.78533,106.67029
2025-06-24 00:00:00+07:00,CMT8,13.36050001780192,10.78533,106.67029
2025-06-24 01:00:00+07:00,CMT8,31.44350020090739,10.78533,106.67029
2025-06-24 02:00:00+07:00,CMT8,24.785332997639973,10.78533,106.67029
2025-06-24 03:00:00+07:00,CMT8,26.056250254313152,10.78533,106.67029
2025-06-24 04:00:00+07:00,CMT8,13.6021249294281,10.78533,106.67029
2025-06-24 05:00:00+07:00,CMT8,24.517416795094807,10.78533,106.67029
2025-06-24 06:00:00+07:00,CMT8,13.929916699727377,10.78533,106.67029
2025-06-24 07:00:00+07:00,CMT8,33.40762519836426,10.78533,106.67029
2025-06-24 08:00:00+07:00,CMT8,27.06516695022583,10.78533,106.67029
2025-06-24 09:00:00+07:00,CMT8,28.879916826883953,10.78533,106.67029
2025-06-24 10:00:00+07:00,CMT8,26.41333309809367,10.78533,106.67029
2025-06-24 11:00:00+07:00,CMT8,20.03766655921936,10.78533,106.67029
2025-06-24 12:00:00+07:00,CMT8,15.246041695276896,10.78533,106.67029
2025-06-24 13:00:00+07:00,CMT8,16.029541889826458,10.78533,106.67029
2025-06-24 14:00:00+07:00,CMT8,13.452791770299276,10.78533,106.67029
2025-06-24 15:00:00+07:00,CMT8,12.419666528701782,10.78533,106.67029
2025-06-24 16:00:00+07:00,CMT8,15.754583279291788,10.78533,106.67029
2025-06-24 17:00:00+07:00,CMT8,16.153791824976604,10.78533,106.67029
2025-06-24 18:00:00+07:00,CMT8,28.786333401997883,10.78533,106.67029
2025-06-24 19:00:00+07:00,CMT8,24.128291447957356,10.78533,106.67029
2025-06-24 20:00:00+07:00,CMT8,39.228708585103355,10.78533,106.67029
2025-06-24 21:00:00+07:00,CMT8,39.81666660308838,10.78533,106.67029
2025-06-24 22:00:00+07:00,CMT8,29.853625297546387,10.78533,106.67029
2025-06-24 23:00:00+07:00,CMT8,25.387499968210857,10.78533,106.67029
2025-06-25 00:00:00+07:00,CMT8,38.51341676712036,10.78533,106.67029
2025-06-25 01:00:00+07:00,CMT8,31.263166586558025,10.78533,106.67029
2025-06-25 02:00:00+07:00,CMT8,26.06345812479655,10.78533,106.67029
2025-06-25 03:00:00+07:00,CMT8,30.17170826594035,10.78533,106.67029
2025-06-25 04:00:00+07:00,CMT8,26.793458620707195,10.78533,106.67029
2025-06-25 05:00:00+07:00,CMT8,25.59429168701172,10.78533,106.67029
2025-06-25 09:00:00+07:00,CMT8,26.44629176457723,10.78533,106.67029
2025-06-25 10:00:00+07:00,CMT8,27.382583618164062,10.78533,106.67029
2025-06-25 11:00:00+07:00,CMT8,25.048375129699707,10.78533,106.67029
2025-06-25 12:00:00+07:00,CMT8,21.11274989446004,10.78533,106.67029
2025-06-25 13:00:00+07:00,CMT8,17.121124903361004,10.78533,106.67029
2025-06-25 14:00:00+07:00,CMT8,17.492624918619793,10.78533,106.67029
2025-06-25 16:00:00+07:00,CMT8,24.38445822397868,10.78533,106.67029
2025-06-25 17:00:00+07:00,CMT8,34.84341700871786,10.78533,106.67029
2025-06-25 18:00:00+07:00,CMT8,41.21491686503092,10.78533,106.67029
2025-06-26 23:00:00+07:00,CMT8,62.686625162760414,10.78533,106.67029
2025-06-27 00:00:00+07:00,CMT8,51.04579099019369,10.78533,106.67029
2025-06-27 01:00:00+07:00,CMT8,54.559249560038246,10.78533,106.67029
2025-06-27 02:00:00+07:00,CMT8,54.67170810699463,10.78533,106.67029
2025-06-27 03:00:00+07:00,CMT8,53.47533289591471,10.78533,106.67029
2025-06-27 04:00:00+07:00,CMT8,49.16475009918213,10.78533,106.67029
2025-06-27 05:00:00+07:00,CMT8,42.831458727518715,10.78533,106.67029
2025-06-27 06:00:00+07:00,CMT8,44.886749585469566,10.78533,106.67029
2025-06-27 07:00:00+07:00,CMT8,49.48479207356771,10.78533,106.67029
2025-06-27 08:00:00+07:00,CMT8,54.43595886230469,10.78533,106.67029
2025-06-27 09:00:00+07:00,CMT8,47.24170811971029,10.78533,106.67029
2025-06-27 10:00:00+07:00,CMT8,43.53929169972738,10.78533,106.67029
2025-06-27 11:00:00+07:00,CMT8,34.32762463887533,10.78533,106.67029
2025-06-27 12:00:00+07:00,CMT8,32.64679145812988,10.78533,106.67029
2025-06-27 13:00:00+07:00,CMT8,19.846000115076702,10.78533,106.67029
2025-06-27 14:00:00+07:00,CMT8,28.26354153951009,10.78533,106.67029
2025-06-27 15:00:00+07:00,CMT8,33.640333811442055,10.78533,106.67029
2025-06-27 16:00:00+07:00,CMT8,33.28766663869222,10.78533,106.67029
2025-06-27 17:00:00+07:00,CMT8,37.8710412979126,10.78533,106.67029
2025-06-27 18:00:00+07:00,CMT8,50.87862459818522,10.78533,106.67029
2025-06-27 19:00:00+07:00,CMT8,68.18741639455159,10.78533,106.67029
2025-06-27 20:00:00+07:00,CMT8,63.84262498219808,10.78533,106.67029
2025-06-27 21:00:00+07:00,CMT8,51.877041816711426,10.78533,106.67029
2025-06-27 22:00:00+07:00,CMT8,56.12904135386149,10.78533,106.67029
2025-06-27 23:00:00+07:00,CMT8,49.43395837148031,10.78533,106.67029
2025-06-28 00:00:00+07:00,CMT8,46.76987552642822,10.78533,106.67029
2025-06-28 01:00:00+07:00,CMT8,40.907958348592125,10.78533,106.67029
2025-06-28 02:00:00+07:00,CMT8,37.11070855458578,10.78533,106.67029
2025-06-28 03:00:00+07:00,CMT8,33.39025020599365,10.78533,106.67029
2025-06-28 04:00:00+07:00,CMT8,32.15204175313314,10.78533,106.67029
2025-06-28 05:00:00+07:00,CMT8,34.67241700490316,10.78533,106.67029
2025-06-28 06:00:00+07:00,CMT8,37.15970802307129,10.78533,106.67029
2025-06-28 07:00:00+07:00,CMT8,42.06183338165283,10.78533,106.67029
2025-06-28 08:00:00+07:00,CMT8,41.27687486012777,10.78533,106.67029
2025-06-28 09:00:00+07:00,CMT8,36.64704163869222,10.78533,106.67029
2025-06-28 10:00:00+07:00,CMT8,35.59554179509481,10.78533,106.67029
2025-06-28 11:00:00+07:00,CMT8,28.66991726557414,10.78533,106.67029
2025-06-28 12:00:00+07:00,CMT8,19.018333435058594,10.78533,106.67029
2025-06-28 13:00:00+07:00,CMT8,17.839916626612347,10.78533,106.67029
2025-06-28 14:00:00+07:00,CMT8,16.23424990971883,10.78533,106.67029
2025-06-28 15:00:00+07:00,CMT8,12.489791552225748,10.78533,106.67029
2025-06-28 16:00:00+07:00,CMT8,19.891291459401447,10.78533,106.67029
2025-06-28 17:00:00+07:00,CMT8,21.18904161453247,10.78533,106.67029
2025-06-28 18:00:00+07:00,CMT8,18.1344997882843,10.78533,106.67029
2025-06-28 19:00:00+07:00,CMT8,18.215708255767822,10.78533,106.67029
2025-06-28 20:00:00+07:00,CMT8,25.355291207631428,10.78533,106.67029
2025-06-28 21:00:00+07:00,CMT8,24.56999969482422,10.78533,106.67029
2025-06-28 22:00:00+07:00,CMT8,16.581958452860516,10.78533,106.67029
2025-06-28 23:00:00+07:00,CMT8,19.39637502034505,10.78533,106.67029
2025-06-29 00:00:00+07:00,CMT8,26.497416814168293,10.78533,106.67029
2025-06-29 01:00:00+07:00,CMT8,15.516000191370646,10.78533,106.67029
2025-06-29 02:00:00+07:00,CMT8,16.38866670926412,10.78533,106.67029
2025-06-29 03:00:00+07:00,CMT8,12.841875076293945,10.78533,106.67029
2025-06-29 04:00:00+07:00,CMT8,18.832499901453655,10.78533,106.67029
2025-06-29 05:00:00+07:00,CMT8,25.306708494822185,10.78533,106.67029
2025-06-29 06:00:00+07:00,CMT8,29.93029197057088,10.78533,106.67029
2025-06-29 07:00:00+07:00,CMT8,35.00820827484131,10.78533,106.67029
2025-06-29 08:00:00+07:00,CMT8,24.20604197184245,10.78533,106.67029
2025-06-29 09:00:00+07:00,CMT8,24.786375204722088,10.78533,106.67029
2025-06-29 10:00:00+07:00,CMT8,19.369166612625122,10.78533,106.67029
2025-06-29 11:00:00+07:00,CMT8,16.093638737996418,10.78533,106.67029
2025-06-29 12:00:00+07:00,CMT8,12.584791501363119,10.78533,106.67029
2025-06-29 13:00:00+07:00,CMT8,12.078125,10.78533,106.67029
2025-06-29 14:00:00+07:00,CMT8,13.37054173151652,10.78533,106.67029
2025-06-29 15:00:00+07:00,CMT8,13.541374921798706,10.78533,106.67029
2025-06-29 16:00:00+07:00,CMT8,11.842083295186361,10.78533,106.67029
2025-06-29 17:00:00+07:00,CMT8,13.310291727383932,10.78533,106.67029
2025-06-29 18:00:00+07:00,CMT8,10.551791628201803,10.78533,106.67029
2025-06-29 19:00:00+07:00,CMT8,12.881208499272665,10.78533,106.67029
2025-06-29 20:00:00+07:00,CMT8,20.297791719436646,10.78533,106.67029
2025-06-29 21:00:00+07:00,CMT8,24.106249809265137,10.78533,106.67029
2025-06-29 22:00:00+07:00,CMT8,21.14462486902873,10.78533,106.67029
2025-06-29 23:00:00+07:00,CMT8,18.807291507720947,10.78533,106.67029
2025-06-30 00:00:00+07:00,CMT8,16.258291482925415,10.78533,106.67029
2025-06-30 01:00:00+07:00,CMT8,16.17649992307027,10.78533,106.67029
2025-06-30 02:00:00+07:00,CMT8,22.03179168701172,10.78533,106.67029
2025-06-30 03:00:00+07:00,CMT8,28.70966641108195,10.78533,106.67029
2025-06-30 04:00:00+07:00,CMT8,35.56979179382324,10.78533,106.67029
2025-06-30 05:00:00+07:00,CMT8,39.71683311462402,10.78533,106.67029
2025-06-30 06:00:00+07:00,CMT8,39.404625256856285,10.78533,106.67029
2025-06-30 07:00:00+07:00,CMT8,36.75879192352295,10.78533,106.67029
2025-06-30 08:00:00+07:00,CMT8,31.774166584014893,10.78533,106.67029
2025-06-30 09:00:00+07:00,CMT8,34.90074952443441,10.78533,106.67029
2025-06-30 10:00:00+07:00,CMT8,17.907458225886028,10.78533,106.67029
2025-06-30 11:00:00+07:00,CMT8,13.024708271026611,10.78533,106.67029
2025-06-30 12:00:00+07:00,CMT8,11.403208255767822,10.78533,106.67029
2025-06-30 13:00:00+07:00,CMT8,9.445124944051107,10.78533,106.67029
2025-06-30 14:00:00+07:00,CMT8,10.627541621526083,10.78533,106.67029
2025-06-30 15:00:00+07:00,CMT8,11.404333353042603,10.78533,106.67029
2025-06-30 16:00:00+07:00,CMT8,15.952291568120321,10.78533,106.67029
2025-06-30 17:00:00+07:00,CMT8,19.888624986012776,10.78533,106.67029
2025-06-30 18:00:00+07:00,CMT8,23.091625054677326,10.78533,106.67029
2025-06-30 19:00:00+07:00,CMT8,24.399833520253498,10.78533,106.67029
2025-06-30 20:00:00+07:00,CMT8,34.05179135004679,10.78533,106.67029
2025-06-30 21:00:00+07:00,CMT8,46.932875315348305,10.78533,106.67029
2025-06-30 22:00:00+07:00,CMT8,40.60441652933756,10.78533,106.67029
2025-06-30 23:00:00+07:00,CMT8,35.29104137420654,10.78533,106.67029
2025-07-01 00:00:00+07:00,CMT8,31.379124641418457,10.78533,106.67029
2025-07-01 01:00:00+07:00,CMT8,31.70412540435791,10.78533,106.67029
2025-07-01 02:00:00+07:00,CMT8,28.795208136240642,10.78533,106.67029
2025-07-01 03:00:00+07:00,CMT8,27.896416664123535,10.78533,106.67029
2025-07-01 04:00:00+07:00,CMT8,25.64020808537801,10.78533,106.67029
2025-07-01 05:00:00+07:00,CMT8,20.849833488464355,10.78533,106.67029
2025-07-01 06:00:00+07:00,CMT8,31.908708413441975,10.78533,106.67029
2025-07-01 07:00:00+07:00,CMT8,28.44100014368693,10.78533,106.67029
2025-07-01 08:00:00+07:00,CMT8,26.73833354314168,10.78533,106.67029
2025-07-01 09:00:00+07:00,CMT8,26.710708459218342,10.78533,106.67029
2025-07-01 10:00:00+07:00,CMT8,19.51883347829183,10.78533,106.67029
2025-07-01 11:00:00+07:00,CMT8,21.646000226338703,10.78533,106.67029
2025-07-01 12:00:00+07:00,CMT8,21.47100003560384,10.78533,106.67029
2025-07-01 13:00:00+07:00,CMT8,12.247083107630411,10.78533,106.67029
2025-07-01 14:00:00+07:00,CMT8,13.113083362579346,10.78533,106.67029
2025-07-01 15:00:00+07:00,CMT8,15.558333476384481,10.78533,106.67029
2025-07-01 16:00:00+07:00,CMT8,14.610333522160849,10.78533,106.67029
2025-07-01 17:00:00+07:00,CMT8,18.685916662216187,10.78533,106.67029
2025-07-01 18:00:00+07:00,CMT8,22.963833411534626,10.78533,106.67029
2025-07-01 19:00:00+07:00,CMT8,33.569791634877525,10.78533,106.67029
2025-07-01 20:00:00+07:00,CMT8,38.422959327697754,10.78533,106.67029
2025-07-01 21:00:00+07:00,CMT8,38.07516670227051,10.78533,106.67029
2025-07-01 22:00:00+07:00,CMT8,34.61583344141642,10.78533,106.67029
2025-07-01 23:00:00+07:00,CMT8,34.92154184977213,10.78533,106.67029
2025-07-02 00:00:00+07:00,CMT8,35.3725004196167,10.78533,106.67029
2025-07-02 01:00:00+07:00,CMT8,33.901083628336586,10.78533,106.67029
2025-07-02 02:00:00+07:00,CMT8,29.82308308283488,10.78533,106.67029
2025-07-02 03:00:00+07:00,CMT8,37.15241607030233,10.78533,106.67029
2025-07-02 04:00:00+07:00,CMT8,31.804500102996826,10.78533,106.67029
2025-07-02 05:00:00+07:00,CMT8,22.865416924158733,10.78533,106.67029
2025-07-02 06:00:00+07:00,CMT8,12.968375047047934,10.78533,106.67029
2025-07-02 07:00:00+07:00,CMT8,14.720958471298218,10.78533,106.67029
2025-07-02 08:00:00+07:00,CMT8,18.73062475522359,10.78533,106.67029
2025-07-02 09:00:00+07:00,CMT8,28.66854174931844,10.78533,106.67029
2025-07-02 10:00:00+07:00,CMT8,30.15166695912679,10.78533,106.67029
2025-07-02 11:00:00+07:00,CMT8,30.38599983851115,10.78533,106.67029
2025-07-02 12:00:00+07:00,CMT8,22.39087502161662,10.78533,106.67029
2025-07-02 13:00:00+07:00,CMT8,15.487750053405762,10.78533,106.67029
2025-07-02 14:00:00+07:00,CMT8,16.952500184377033,10.78533,106.67029
2025-07-02 15:00:00+07:00,CMT8,27.83075014750163,10.78533,106.67029
2025-07-02 16:00:00+07:00,CMT8,28.81487528483073,10.78533,106.67029
2025-07-02 17:00:00+07:00,CMT8,25.469250043233234,10.78533,106.67029
2025-07-02 18:00:00+07:00,CMT8,24.16591699918111,10.78533,106.67029
2025-07-02 19:00:00+07:00,CMT8,30.38883352279663,10.78533,106.67029
2025-07-02 20:00:00+07:00,CMT8,41.9349168141683,10.78533,106.67029
2025-07-02 21:00:00+07:00,CMT8,43.89504130681356,10.78533,106.67029
2025-07-02 22:00:00+07:00,CMT8,21.003417015075684,10.78533,106.67029
2025-07-02 23:00:00+07:00,CMT8,16.206541617711384,10.78533,106.67029
2025-07-03 00:00:00+07:00,CMT8,19.061166842778523,10.78533,106.67029
2025-07-03 01:00:00+07:00,CMT8,21.84999990463257,10.78533,106.67029
2025-07-03 02:00:00+07:00,CMT8,24.800833225250244,10.78533,106.67029
2025-07-03 03:00:00+07:00,CMT8,18.369333505630493,10.78533,106.67029
2025-07-03 04:00:00+07:00,CMT8,19.256708304087322,10.78533,106.67029
2025-07-03 05:00:00+07:00,CMT8,18.441750049591064,10.78533,106.67029
2025-07-03 06:00:00+07:00,CMT8,30.530916531880695,10.78533,106.67029
2025-07-03 07:00:00+07:00,CMT8,36.59708309173584,10.78533,106.67029
2025-07-03 08:00:00+07:00,CMT8,34.42149988810221,10.78533,106.67029
2025-07-03 09:00:00+07:00,CMT8,34.584499994913735,10.78533,106.67029
2025-07-03 10:00:00+07:00,CMT8,32.09641695022583,10.78533,106.67029
2025-07-03 11:00:00+07:00,CMT8,31.088958899180096,10.78533,106.67029
2025-07-03 12:00:00+07:00,CMT8,27.231624762217205,10.78533,106.67029
2025-07-03 13:00:00+07:00,CMT8,19.725791692733765,10.78533,106.67029
2025-07-03 14:00:00+07:00,CMT8,14.788583358128866,10.78533,106.67029
2025-07-03 15:00:00+07:00,CMT8,15.385374863942465,10.78533,106.67029
2025-07-03 16:00:00+07:00,CMT8,21.831583261489868,10.78533,106.67029
2025-07-03 17:00:00+07:00,CMT8,24.575500011444092,10.78533,106.67029
2025-07-03 18:00:00+07:00,CMT8,25.123500029246014,10.78533,106.67029
2025-07-03 19:00:00+07:00,CMT8,16.949458519617718,10.78533,106.67029
2025-07-03 20:00:00+07:00,CMT8,16.95704181989034,10.78533,106.67029
2025-07-03 21:00:00+07:00,CMT8,39.70316632588705,10.78533,106.67029
2025-07-03 22:00:00+07:00,CMT8,32.32433303197225,10.78533,106.67029
2025-07-03 23:00:00+07:00,CMT8,33.903958320617676,10.78533,106.67029
2025-07-04 00:00:00+07:00,CMT8,34.75820827484131,10.78533,106.67029
2025-07-04 01:00:00+07:00,CMT8,25.21829144159953,10.78533,106.67029
2025-07-04 02:00:00+07:00,CMT8,28.11729160944621,10.78533,106.67029
2025-07-04 03:00:00+07:00,CMT8,24.37291669845581,10.78533,106.67029
2025-07-04 04:00:00+07:00,CMT8,20.5153751373291,10.78533,106.67029
2025-07-04 05:00:00+07:00,CMT8,17.13754137357076,10.78533,106.67029
2025-07-04 06:00:00+07:00,CMT8,21.384458541870117,10.78533,106.67029
2025-07-04 07:00:00+07:00,CMT8,32.33504136403402,10.78533,106.67029
2025-07-04 08:00:00+07:00,CMT8,43.09945837656657,10.78533,106.67029
2025-07-04 09:00:00+07:00,CMT8,45.812167167663574,10.78533,106.67029
2025-07-04 10:00:00+07:00,CMT8,33.76420799891154,10.78533,106.67029
2025-07-04 11:00:00+07:00,CMT8,22.49550000826518,10.78533,106.67029
2025-07-04 12:00:00+07:00,CMT8,17.371583700180054,10.78533,106.67029
2025-07-04 13:00:00+07:00,CMT8,13.37737512588501,10.78533,106.67029
2025-07-04 14:00:00+07:00,CMT8,12.961708386739096,10.78533,106.67029
2025-07-04 15:00:00+07:00,CMT8,17.039541800816853,10.78533,106.67029
2025-07-04 16:00:00+07:00,CMT8,17.47295832633972,10.78533,106.67029
2025-07-04 17:00:00+07:00,CMT8,29.526957988739014,10.78533,106.67029
2025-07-04 18:00:00+07:00,CMT8,40.2697499593099,10.78533,106.67029
2025-07-04 19:00:00+07:00,CMT8,38.518500328063965,10.78533,106.67029
2025-07-04 20:00:00+07:00,CMT8,45.97991689046224,10.78533,106.67029
2025-07-04 21:00:00+07:00,CMT8,49.42683347066244,10.78533,106.67029
2025-07-04 22:00:00+07:00,CMT8,41.219292640686035,10.78533,106.67029
2025-07-04 23:00:00+07:00,CMT8,30.23158311843872,10.78533,106.67029
2025-07-05 00:00:00+07:00,CMT8,35.99558353424072,10.78533,106.67029
2025-07-05 01:00:00+07:00,CMT8,28.280916531880695,10.78533,106.67029
2025-07-05 02:00:00+07:00,CMT8,25.213374932607014,10.78533,106.67029
2025-07-05 03:00:00+07:00,CMT8,33.688292026519775,10.78533,106.67029
2025-07-05 04:00:00+07:00,CMT8,41.745582580566406,10.78533,106.67029
2025-07-05 05:00:00+07:00,CMT8,21.554958422978718,10.78533,106.67029
2025-07-05 06:00:00+07:00,CMT8,14.629208246866861,10.78533,106.67029
2025-07-05 07:00:00+07:00,CMT8,20.82587504386902,10.78533,106.67029
2025-07-05 08:00:00+07:00,CMT8,23.931583563486736,10.78533,106.67029
2025-07-05 09:00:00+07:00,CMT8,25.084041436513264,10.78533,106.67029
2025-07-05 10:00:00+07:00,CMT8,16.814541419347126,10.78533,106.67029
2025-07-05 11:00:00+07:00,CMT8,15.793708483378092,10.78533,106.67029
2025-07-05 12:00:00+07:00,CMT8,14.653166691462198,10.78533,106.67029
2025-07-05 13:00:00+07:00,CMT8,14.424499909083048,10.78533,106.67029
2025-07-05 14:00:00+07:00,CMT8,10.324291626612345,10.78533,106.67029
2025-07-05 15:00:00+07:00,CMT8,11.233083407084147,10.78533,106.67029
2025-07-05 16:00:00+07:00,CMT8,14.509833176930746,10.78533,106.67029
2025-07-05 17:00:00+07:00,CMT8,19.663874944051106,10.78533,106.67029
2025-07-05 18:00:00+07:00,CMT8,23.139708201090496,10.78533,106.67029
2025-07-05 19:00:00+07:00,CMT8,48.0175412495931,10.78533,106.67029
2025-07-05 20:00:00+07:00,CMT8,32.206458568573,10.78533,106.67029
2025-07-05 21:00:00+07:00,CMT8,38.48587512969971,10.78533,106.67029
2025-07-05 22:00:00+07:00,CMT8,42.80570856730143,10.78533,106.67029
2025-07-05 23:00:00+07:00,CMT8,28.640708128611248,10.78533,106.67029
2025-07-06 00:00:00+07:00,CMT8,18.884250164031982,10.78533,106.67029
2025-07-06 01:00:00+07:00,CMT8,14.492624998092651,10.78533,106.67029
2025-07-06 02:00:00+07:00,CMT8,12.192833423614502,10.78533,106.67029
2025-07-06 03:00:00+07:00,CMT8,13.975791692733765,10.78533,106.67029
2025-07-06 04:00:00+07:00,CMT8,9.788166681925455,10.78533,106.67029
2025-07-06 05:00:00+07:00,CMT8,10.562958319981893,10.78533,106.67029
2025-07-06 06:00:00+07:00,CMT8,13.499625047047934,10.78533,106.67029
2025-07-06 07:00:00+07:00,CMT8,17.028208176294964,10.78533,106.67029
2025-07-06 08:00:00+07:00,CMT8,20.53391679128011,10.78533,106.67029
2025-07-06 09:00:00+07:00,CMT8,19.19183325767517,10.78533,106.67029
2025-07-06 10:00:00+07:00,CMT8,18.96691672007243,10.78533,106.67029
2025-07-06 11:00:00+07:00,CMT8,18.355708201726276,10.78533,106.67029
2025-07-06 12:00:00+07:00,CMT8,10.427611112594604,10.78533,106.67029
2025-07-06 13:00:00+07:00,CMT8,8.320499976476034,10.78533,106.67029
2025-07-06 14:00:00+07:00,CMT8,9.502166549364725,10.78533,106.67029
2025-07-06 15:00:00+07:00,CMT8,9.82800006866455,10.78533,106.67029
2025-07-06 16:00:00+07:00,CMT8,13.077749888102213,10.78533,106.67029
2025-07-06 17:00:00+07:00,CMT8,16.238916635513306,10.78533,106.67029
2025-07-06 18:00:00+07:00,CMT8,26.239041487375896,10.78533,106.67029
2025-07-06 19:00:00+07:00,CMT8,35.36774969100952,10.78533,106.67029
2025-07-06 20:00:00+07:00,CMT8,34.271416982014976,10.78533,106.67029
2025-07-06 21:00:00+07:00,CMT8,31.70074987411499,10.78533,106.67029
2025-07-06 22:00:00+07:00,CMT8,26.11787494023641,10.78533,106.67029
2025-07-06 23:00:00+07:00,CMT8,26.135749975840252,10.78533,106.67029
2025-07-07 00:00:00+07:00,CMT8,14.363750139872232,10.78533,106.67029
2025-07-07 01:00:00+07:00,CMT8,13.901999870936075,10.78533,106.67029
2025-07-07 02:00:00+07:00,CMT8,11.910916646321615,10.78533,106.67029
2025-07-07 03:00:00+07:00,CMT8,8.343708276748657,10.78533,106.67029
2025-07-07 04:00:00+07:00,CMT8,10.30958334604899,10.78533,106.67029
2025-07-07 05:00:00+07:00,CMT8,12.102500041325888,10.78533,106.67029
2025-07-07 06:00:00+07:00,CMT8,18.838958263397217,10.78533,106.67029
2025-07-07 07:00:00+07:00,CMT8,26.683833440144856,10.78533,106.67029
2025-07-07 08:00:00+07:00,CMT8,30.011916319529217,10.78533,106.67029
2025-07-07 09:00:00+07:00,CMT8,28.083791573842365,10.78533,106.67029
2025-07-07 10:00:00+07:00,CMT8,28.07675011952718,10.78533,106.67029
2025-07-07 11:00:00+07:00,CMT8,18.96987493832906,10.78533,106.67029
2025-07-07 12:00:00+07:00,CMT8,18.125041643778484,10.78533,106.67029
2025-07-07 13:00:00+07:00,CMT8,30.394250233968098,10.78533,106.67029
2025-07-07 14:00:00+07:00,CMT8,20.348249912261963,10.78533,106.67029
2025-07-07 15:00:00+07:00,CMT8,20.51145847638448,10.78533,106.67029
2025-07-07 16:00:00+07:00,CMT8,16.060333331425984,10.78533,106.67029
2025-07-07 17:00:00+07:00,CMT8,27.601111094156902,10.78533,106.67029
2025-07-07 18:00:00+07:00,CMT8,22.644999980926514,10.78533,106.67029
2025-07-07 19:00:00+07:00,CMT8,19.85208336512248,10.78533,106.67029
2025-07-07 20:00:00+07:00,CMT8,24.27312485376994,10.78533,106.67029
2025-07-07 21:00:00+07:00,CMT8,26.657166481018066,10.78533,106.67029
2025-07-07 22:00:00+07:00,CMT8,29.735458215077717,10.78533,106.67029
2025-07-07 23:00:00+07:00,CMT8,26.220208485921223,10.78533,106.67029
2025-07-08 00:00:00+07:00,CMT8,10.37666674455007,10.78533,106.67029
2025-07-08 01:00:00+07:00,CMT8,8.887250026067099,10.78533,106.67029
2025-07-08 02:00:00+07:00,CMT8,9.240749994913736,10.78533,106.67029
2025-07-08 03:00:00+07:00,CMT8,14.460166692733765,10.78533,106.67029
2025-07-08 04:00:00+07:00,CMT8,15.590624888737997,10.78533,106.67029
2025-07-08 05:00:00+07:00,CMT8,15.12262487411499,10.78533,106.67029
2025-07-08 06:00:00+07:00,CMT8,18.104958375295002,10.78533,106.67029
2025-07-08 07:00:00+07:00,CMT8,21.26366678873698,10.78533,106.67029
2025-07-08 08:00:00+07:00,CMT8,23.063791433970135,10.78533,106.67029
2025-07-08 09:00:00+07:00,CMT8,28.113916714986164,10.78533,106.67029
2025-07-08 10:00:00+07:00,CMT8,32.29633331298828,10.78533,106.67029
2025-07-08 11:00:00+07:00,CMT8,32.082375049591064,10.78533,106.67029
2025-07-08 12:00:00+07:00,CMT8,28.753583272298176,10.78533,106.67029
2025-07-08 13:00:00+07:00,CMT8,18.98662519454956,10.78533,106.67029
2025-07-08 14:00:00+07:00,CMT8,14.627874851226807,10.78533,106.67029
2025-07-08 15:00:00+07:00,CMT8,11.730541706085205,10.78533,106.67029
2025-07-08 16:00:00+07:00,CMT8,12.110583384831747,10.78533,106.67029
2025-07-08 17:00:00+07:00,CMT8,21.156333287556965,10.78533,106.67029
2025-07-08 18:00:00+07:00,CMT8,18.365041732788086,10.78533,106.67029
2025-07-08 19:00:00+07:00,CMT8,22.560625076293945,10.78533,106.67029
2025-07-08 20:00:00+07:00,CMT8,34.84941625595093,10.78533,106.67029
2025-07-08 21:00:00+07:00,CMT8,43.57391675313314,10.78533,106.67029
2025-07-08 22:00:00+07:00,CMT8,22.004249970118206,10.78533,106.67029
2025-07-08 23:00:00+07:00,CMT8,23.32479166984558,10.78533,106.67029
2025-07-09 00:00:00+07:00,CMT8,30.803249994913738,10.78533,106.67029
2025-07-09 01:00:00+07:00,CMT8,34.28975009918213,10.78533,106.67029
2025-07-09 02:00:00+07:00,CMT8,38.35075028737386,10.78533,106.67029
2025-07-09 03:00:00+07:00,CMT8,26.723166465759277,10.78533,106.67029
2025-07-09 04:00:00+07:00,CMT8,29.734416643778484,10.78533,106.67029
2025-07-09 05:00:00+07:00,CMT8,41.23170852661133,10.78533,106.67029
2025-07-09 06:00:00+07:00,CMT8,39.89933331807455,10.78533,106.67029
2025-07-09 07:00:00+07:00,CMT8,41.66450023651123,10.78533,106.67029
2025-07-09 08:00:00+07:00,CMT8,32.44825013478597,10.78533,106.67029
2025-07-09 09:00:00+07:00,CMT8,22.676624933878582,10.78533,106.67029
2025-07-09 10:00:00+07:00,CMT8,21.529791831970215,10.78533,106.67029
2025-07-09 11:00:00+07:00,CMT8,19.818416515986126,10.78533,106.67029
2025-07-09 12:00:00+07:00,CMT8,20.140041669209797,10.78533,106.67029
2025-07-09 13:00:00+07:00,CMT8,13.28991667429606,10.78533,106.67029
2025-07-09 14:00:00+07:00,CMT8,12.495083252588907,10.78533,106.67029
2025-07-09 15:00:00+07:00,CMT8,14.412458419799805,10.78533,106.67029
2025-07-09 16:00:00+07:00,CMT8,19.98741666475932,10.78533,106.67029
2025-07-09 17:00:00+07:00,CMT8,24.49829165140788,10.78533,106.67029
2025-07-09 18:00:00+07:00,CMT8,29.60045846303304,10.78533,106.67029
2025-07-09 19:00:00+07:00,CMT8,32.07491668065389,10.78533,106.67029
2025-07-09 20:00:00+07:00,CMT8,36.52162504196167,10.78533,106.67029
2025-07-09 21:00:00+07:00,CMT8,35.96558348337809,10.78533,106.67029
2025-07-09 22:00:00+07:00,CMT8,33.7530001004537,10.78533,106.67029
2025-07-09 23:00:00+07:00,CMT8,36.42074966430664,10.78533,106.67029
2025-07-10 00:00:00+07:00,CMT8,33.7030413945516,10.78533,106.67029
2025-07-10 01:00:00+07:00,CMT8,41.44479179382324,10.78533,106.67029
2025-07-10 02:00:00+07:00,CMT8,34.579749743143715,10.78533,106.67029
2025-07-10 03:00:00+07:00,CMT8,40.67170842488607,10.78533,106.67029
2025-07-10 04:00:00+07:00,CMT8,38.560916582743324,10.78533,106.67029
2025-07-10 05:00:00+07:00,CMT8,48.22366666793823,10.78533,106.67029
2025-07-10 06:00:00+07:00,CMT8,31.69099982579549,10.78533,106.67029
2025-07-10 07:00:00+07:00,CMT8,42.228958447774254,10.78533,106.67029
2025-07-10 08:00:00+07:00,CMT8,33.97995853424072,10.78533,106.67029
2025-07-10 09:00:00+07:00,CMT8,23.35599994659424,10.78533,106.67029
2025-07-10 10:00:00+07:00,CMT8,16.542097250620525,10.78533,106.67029
2025-07-10 11:00:00+07:00,CMT8,16.188374916712444,10.78533,106.67029
2025-07-10 12:00:00+07:00,CMT8,15.424999952316284,10.78533,106.67029
2025-07-10 13:00:00+07:00,CMT8,12.366750001907349,10.78533,106.67029
2025-07-10 14:00:00+07:00,CMT8,13.107249975204468,10.78533,106.67029
2025-07-10 15:00:00+07:00,CMT8,13.368708531061808,10.78533,106.67029
2025-07-10 16:00:00+07:00,CMT8,18.217166662216187,10.78533,106.67029
2025-07-10 17:00:00+07:00,CMT8,30.144625027974445,10.78533,106.67029
2025-07-10 18:00:00+07:00,CMT8,45.70087496439616,10.78533,106.67029
2025-07-10 19:00:00+07:00,CMT8,41.81920782725016,10.78533,106.67029
2025-07-10 20:00:00+07:00,CMT8,17.046833276748657,10.78533,106.67029
2025-07-10 21:00:00+07:00,CMT8,20.597527821858723,10.78533,106.67029
2025-07-10 22:00:00+07:00,CMT8,26.1897079149882,10.78533,106.67029
2025-07-10 23:00:00+07:00,CMT8,19.337416807810467,10.78533,106.67029
2025-07-11 00:00:00+07:00,CMT8,21.249375263849895,10.78533,106.67029
2025-07-11 01:00:00+07:00,CMT8,10.16991662979126,10.78533,106.67029
2025-07-11 02:00:00+07:00,CMT8,9.504708250363668,10.78533,106.67029
2025-07-11 03:00:00+07:00,CMT8,9.628791570663452,10.78533,106.67029
2025-07-11 04:00:00+07:00,CMT8,11.75237488746643,10.78533,106.67029
2025-07-11 05:00:00+07:00,CMT8,10.162999947865805,10.78533,106.67029
2025-07-11 06:00:00+07:00,CMT8,15.235041618347168,10.78533,106.67029
2025-07-11 07:00:00+07:00,CMT8,21.314125061035156,10.78533,106.67029
2025-07-11 08:00:00+07:00,CMT8,21.745791753133137,10.78533,106.67029
2025-07-11 09:00:00+07:00,CMT8,20.48566659291585,10.78533,106.67029
2025-07-11 10:00:00+07:00,CMT8,19.20275028546651,10.78533,106.67029
2025-07-11 11:00:00+07:00,CMT8,16.043291727701824,10.78533,106.67029
2025-07-11 12:00:00+07:00,CMT8,9.454749981562296,10.78533,106.67029
2025-07-11 13:00:00+07:00,CMT8,10.71500015258789,10.78533,106.67029
2025-07-11 14:00:00+07:00,CMT8,12.89954161643982,10.78533,106.67029
2025-07-11 15:00:00+07:00,CMT8,12.664000034332275,10.78533,106.67029
2025-07-11 16:00:00+07:00,CMT8,19.652666568756104,10.78533,106.67029
2025-07-11 17:00:00+07:00,CMT8,31.149791876475017,10.78533,106.67029
2025-07-11 18:00:00+07:00,CMT8,33.638625144958496,10.78533,106.67029
2025-07-11 19:00:00+07:00,CMT8,37.260083039601646,10.78533,106.67029
2025-07-11 20:00:00+07:00,CMT8,50.04183387756348,10.78533,106.67029
2025-07-11 21:00:00+07:00,CMT8,39.63458331425985,10.78533,106.67029
2025-07-11 22:00:00+07:00,CMT8,19.39608335494995,10.78533,106.67029
2025-07-11 23:00:00+07:00,CMT8,11.47070829073588,10.78533,106.67029
2025-07-12 00:00:00+07:00,CMT8,11.753333250681559,10.78533,106.67029
2025-07-12 01:00:00+07:00,CMT8,10.800374984741211,10.78533,106.67029
2025-07-12 02:00:00+07:00,CMT8,9.658708413441977,10.78533,106.67029
2025-07-12 03:00:00+07:00,CMT8,9.349708278973898,10.78533,106.67029
2025-07-12 04:00:00+07:00,CMT8,10.746625105539957,10.78533,106.67029
2025-07-12 05:00:00+07:00,CMT8,11.343666632970175,10.78533,106.67029
2025-07-12 06:00:00+07:00,CMT8,13.094541629155477,10.78533,106.67029
2025-07-12 07:00:00+07:00,CMT8,19.56120840708415,10.78533,106.67029
2025-07-12 08:00:00+07:00,CMT8,24.730166753133137,10.78533,106.67029
2025-07-12 09:00:00+07:00,CMT8,23.515000184377033,10.78533,106.67029
2025-07-12 10:00:00+07:00,CMT8,23.33804178237915,10.78533,106.67029
2025-07-12 11:00:00+07:00,CMT8,20.0694584051768,10.78533,106.67029
2025-07-12 12:00:00+07:00,CMT8,17.40879209836324,10.78533,106.67029
2025-07-12 13:00:00+07:00,CMT8,26.030499776204426,10.78533,106.67029
2025-07-12 14:00:00+07:00,CMT8,21.058833440144856,10.78533,106.67029
2025-07-12 15:00:00+07:00,CMT8,21.131375153859455,10.78533,106.67029
2025-07-12 16:00:00+07:00,CMT8,22.366875330607098,10.78533,106.67029
2025-07-12 17:00:00+07:00,CMT8,25.641916751861572,10.78533,106.67029
2025-07-12 18:00:00+07:00,CMT8,43.480957984924316,10.78533,106.67029
2025-07-12 19:00:00+07:00,CMT8,64.93916670481364,10.78533,106.67029
2025-07-12 20:00:00+07:00,CMT8,50.902374903361,10.78533,106.67029
2025-07-12 21:00:00+07:00,CMT8,56.86137549082438,10.78533,106.67029
2025-07-12 22:00:00+07:00,CMT8,55.47283331553141,10.78533,106.67029
2025-07-12 23:00:00+07:00,CMT8,39.02400048573812,10.78533,106.67029
2025-07-13 00:00:00+07:00,CMT8,25.60479148228963,10.78533,106.67029
2025-07-13 01:00:00+07:00,CMT8,18.7795836130778,10.78533,106.67029
2025-07-13 02:00:00+07:00,CMT8,21.282458464304607,10.78533,106.67029
2025-07-13 03:00:00+07:00,CMT8,17.736833413441975,10.78533,106.67029
2025-07-13 04:00:00+07:00,CMT8,19.183916489283245,10.78533,106.67029
2025-07-13 05:00:00+07:00,CMT8,16.685499986012776,10.78533,106.67029
2025-07-13 06:00:00+07:00,CMT8,19.570333162943523,10.78533,106.67029
2025-07-13 07:00:00+07:00,CMT8,26.30104160308838,10.78533,106.67029
2025-07-13 08:00:00+07:00,CMT8,23.67324988047282,10.78533,106.67029
2025-07-13 09:00:00+07:00,CMT8,24.87958351771037,10.78533,106.67029
2025-07-13 10:00:00+07:00,CMT8,25.610583464304607,10.78533,106.67029
2025-07-13 11:00:00+07:00,CMT8,22.080166816711426,10.78533,106.67029
2025-07-13 12:00:00+07:00,CMT8,18.259333451588947,10.78533,106.67029
2025-07-13 13:00:00+07:00,CMT8,22.4900000890096,10.78533,106.67029
2025-07-13 14:00:00+07:00,CMT8,20.830249945322674,10.78533,106.67029
2025-07-13 15:00:00+07:00,CMT8,28.136333465576172,10.78533,106.67029
2025-07-13 16:00:00+07:00,CMT8,27.872416337331135,10.78533,106.67029
2025-07-13 17:00:00+07:00,CMT8,41.89391644795736,10.78533,106.67029
2025-07-13 18:00:00+07:00,CMT8,46.137791315714516,10.78533,106.67029
2025-07-13 19:00:00+07:00,CMT8,43.37658373514811,10.78533,106.67029
2025-07-13 20:00:00+07:00,CMT8,43.122249603271484,10.78533,106.67029
2025-07-13 21:00:00+07:00,CMT8,46.84025001525879,10.78533,106.67029
2025-07-13 22:00:00+07:00,CMT8,44.49125003814697,10.78533,106.67029
2025-07-13 23:00:00+07:00,CMT8,38.626625855763756,10.78533,106.67029
2025-07-14 00:00:00+07:00,CMT8,30.0613751411438,10.78533,106.67029
2025-07-14 01:00:00+07:00,CMT8,19.191791772842407,10.78533,106.67029
2025-07-14 02:00:00+07:00,CMT8,20.602750062942505,10.78533,106.67029
2025-07-14 03:00:00+07:00,CMT8,28.7357497215271,10.78533,106.67029
2025-07-14 04:00:00+07:00,CMT8,27.278374830881756,10.78533,106.67029
2025-07-14 05:00:00+07:00,CMT8,25.047208309173584,10.78533,106.67029
2025-07-14 06:00:00+07:00,CMT8,29.577791849772137,10.78533,106.67029
2025-07-14 07:00:00+07:00,CMT8,33.45795806248983,10.78533,106.67029
2025-07-14 08:00:00+07:00,CMT8,29.5479998588562,10.78533,106.67029
2025-07-14 09:00:00+07:00,CMT8,29.618083477020264,10.78533,106.67029
2025-07-14 10:00:00+07:00,CMT8,30.289083162943523,10.78533,106.67029
2025-07-14 11:00:00+07:00,CMT8,24.42954174677531,10.78533,106.67029
2025-07-14 12:00:00+07:00,CMT8,28.253708124160767,10.78533,106.67029
2025-07-14 13:00:00+07:00,CMT8,24.799583276112873,10.78533,106.67029
2025-07-14 14:00:00+07:00,CMT8,22.722458203633625,10.78533,106.67029
2025-07-14 15:00:00+07:00,CMT8,26.163958231608074,10.78533,106.67029
2025-07-14 16:00:00+07:00,CMT8,24.587249755859375,10.78533,106.67029
2025-07-14 17:00:00+07:00,CMT8,25.432916800181072,10.78533,106.67029
2025-07-14 18:00:00+07:00,CMT8,27.234583218892414,10.78533,106.67029
2025-07-14 19:00:00+07:00,CMT8,26.737541993459065,10.78533,106.67029
2025-07-14 20:00:00+07:00,CMT8,30.05120833714803,10.78533,106.67029
2025-07-14 21:00:00+07:00,CMT8,27.043708324432373,10.78533,106.67029
2025-07-14 22:00:00+07:00,CMT8,28.754916667938232,10.78533,106.67029
2025-07-14 23:00:00+07:00,CMT8,30.38770802815755,10.78533,106.67029
2025-07-15 00:00:00+07:00,CMT8,28.656541347503662,10.78533,106.67029
2025-07-15 01:00:00+07:00,CMT8,24.301249980926514,10.78533,106.67029
2025-07-15 02:00:00+07:00,CMT8,25.334916432698567,10.78533,106.67029
2025-07-15 03:00:00+07:00,CMT8,26.366416772206623,10.78533,106.67029
2025-07-15 04:00:00+07:00,CMT8,27.75083335240682,10.78533,106.67029
2025-07-15 05:00:00+07:00,CMT8,29.54837465286255,10.78533,106.67029
2025-07-15 06:00:00+07:00,CMT8,33.9838752746582,10.78533,106.67029
2025-07-15 07:00:00+07:00,CMT8,34.07487551371256,10.78533,106.67029
2025-07-15 08:00:00+07:00,CMT8,32.66974973678589,10.78533,106.67029
2025-07-15 09:00:00+07:00,CMT8,29.67104148864746,10.78533,106.67029
2025-07-15 10:00:00+07:00,CMT8,28.91700013478597,10.78533,106.67029
2025-07-15 11:00:00+07:00,CMT8,29.52008310953776,10.78533,106.67029
2025-07-15 12:00:00+07:00,CMT8,21.490583101908367,10.78533,106.67029
2025-07-15 13:00:00+07:00,CMT8,18.78654170036316,10.78533,106.67029
2025-07-15 14:00:00+07:00,CMT8,19.132083257039387,10.78533,106.67029
2025-07-15 15:00:00+07:00,CMT8,27.1392084757487,10.78533,106.67029
2025-07-15 16:00:00+07:00,CMT8,20.55300013224284,10.78533,106.67029
2025-07-15 17:00:00+07:00,CMT8,19.250333706537884,10.78533,106.67029
2025-07-15 18:00:00+07:00,CMT8,21.34012492497762,10.78533,106.67029
2025-07-15 19:00:00+07:00,CMT8,28.24904203414917,10.78533,106.67029
2025-07-15 20:00:00+07:00,CMT8,25.34250005086263,10.78533,106.67029
2025-07-15 21:00:00+07:00,CMT8,24.062041600545246,10.78533,106.67029
2025-07-15 22:00:00+07:00,CMT8,24.086874802907307,10.78533,106.67029
2025-07-15 23:00:00+07:00,CMT8,20.610125064849854,10.78533,106.67029
2025-07-16 00:00:00+07:00,CMT8,20.234291871388752,10.78533,106.67029
2025-07-16 01:00:00+07:00,CMT8,19.488750139872234,10.78533,106.67029
2025-07-16 02:00:00+07:00,CMT8,16.88979156812032,10.78533,106.67029
2025-07-16 03:00:00+07:00,CMT8,14.995208263397217,10.78533,106.67029
2025-07-16 04:00:00+07:00,CMT8,18.16533327102661,10.78533,106.67029
2025-07-16 05:00:00+07:00,CMT8,23.442499955495197,10.78533,106.67029
2025-07-16 06:00:00+07:00,CMT8,30.059791723887127,10.78533,106.67029
2025-07-16 07:00:00+07:00,CMT8,33.63558308283488,10.78533,106.67029
2025-07-16 08:00:00+07:00,CMT8,38.291250228881836,10.78533,106.67029
2025-07-16 09:00:00+07:00,CMT8,37.85916646321615,10.78533,106.67029
2025-07-16 10:00:00+07:00,CMT8,36.18341636657715,10.78533,106.67029
2025-07-16 11:00:00+07:00,CMT8,30.734000205993652,10.78533,106.67029
2025-07-16 12:00:00+07:00,CMT8,32.70120827356974,10.78533,106.67029
2025-07-16 13:00:00+07:00,CMT8,16.08762502670288,10.78533,106.67029
2025-07-16 14:00:00+07:00,CMT8,12.404124895731607,10.78533,106.67029
2025-07-16 15:00:00+07:00,CMT8,14.804749886194864,10.78533,106.67029
2025-07-16 16:00:00+07:00,CMT8,18.84262482325236,10.78533,106.67029
2025-07-16 17:00:00+07:00,CMT8,19.58595856030782,10.78533,106.67029
2025-07-16 18:00:00+07:00,CMT8,18.16949979464213,10.78533,106.67029
2025-07-16 19:00:00+07:00,CMT8,26.758958021799724,10.78533,106.67029
2025-07-16 20:00:00+07:00,CMT8,27.511208534240723,10.78533,106.67029
2025-07-16 21:00:00+07:00,CMT8,13.012916763623556,10.78533,106.67029
2025-07-16 22:00:00+07:00,CMT8,6.669833342234294,10.78533,106.67029
2025-07-16 23:00:00+07:00,CMT8,6.262458443641663,10.78533,106.67029
2025-07-17 00:00:00+07:00,CMT8,14.449666738510132,10.78533,106.67029
2025-07-17 01:00:00+07:00,CMT8,24.650499661763508,10.78533,106.67029
2025-07-17 02:00:00+07:00,CMT8,9.711374998092651,10.78533,106.67029
2025-07-17 03:00:00+07:00,CMT8,11.082361141840616,10.78533,106.67029
2025-07-17 04:00:00+07:00,CMT8,28.44599970181783,10.78533,106.67029
2025-07-17 05:00:00+07:00,CMT8,38.70333353678385,10.78533,106.67029
2025-07-17 06:00:00+07:00,CMT8,44.9126246770223,10.78533,106.67029
2025-07-17 07:00:00+07:00,CMT8,49.42441622416178,10.78533,106.67029
2025-07-17 08:00:00+07:00,CMT8,45.528958320617676,10.78533,106.67029
2025-07-17 09:00:00+07:00,CMT8,41.54200013478597,10.78533,106.67029
2025-07-17 10:00:00+07:00,CMT8,39.25133355458578,10.78533,106.67029
2025-07-17 11:00:00+07:00,CMT8,33.80554151535034,10.78533,106.67029
2025-07-17 12:00:00+07:00,CMT8,29.121166706085205,10.78533,106.67029
2025-07-17 13:00:00+07:00,CMT8,30.2271671295166,10.78533,106.67029
2025-07-17 14:00:00+07:00,CMT8,11.407458305358887,10.78533,106.67029
2025-07-17 15:00:00+07:00,CMT8,17.07866644859314,10.78533,106.67029
2025-07-17 16:00:00+07:00,CMT8,24.565583388010662,10.78533,106.67029
2025-07-17 17:00:00+07:00,CMT8,35.65691582361857,10.78533,106.67029
2025-07-17 18:00:00+07:00,CMT8,39.023041089375816,10.78533,106.67029
2025-07-17 19:00:00+07:00,CMT8,38.94583288828532,10.78533,106.67029
2025-07-17 20:00:00+07:00,CMT8,32.023590954867274,10.78533,106.67029
2025-07-17 21:00:00+07:00,CMT8,33.64799992243449,10.78533,106.67029
2025-07-17 22:00:00+07:00,CMT8,35.25758361816406,10.78533,106.67029
2025-07-17 23:00:00+07:00,CMT8,32.607750415802,10.78533,106.67029
2025-07-18 00:00:00+07:00,CMT8,28.9657080968221,10.78533,106.67029
2025-07-18 01:00:00+07:00,CMT8,37.68495829900106,10.78533,106.67029
2025-07-18 02:00:00+07:00,CMT8,30.296166737874348,10.78533,106.67029
2025-07-18 03:00:00+07:00,CMT8,35.807583808898926,10.78533,106.67029
2025-07-18 04:00:00+07:00,CMT8,35.733458518981934,10.78533,106.67029
2025-07-18 05:00:00+07:00,CMT8,41.07933330535889,10.78533,106.67029
2025-07-18 06:00:00+07:00,CMT8,41.37195841471354,10.78533,106.67029
2025-07-18 07:00:00+07:00,CMT8,51.90991655985514,10.78533,106.67029
2025-07-18 08:00:00+07:00,CMT8,37.27870798110962,10.78533,106.67029
2025-07-18 09:00:00+07:00,CMT8,28.33283344904582,10.78533,106.67029
2025-07-18 10:00:00+07:00,CMT8,24.465166489283245,10.78533,106.67029
2025-07-18 11:00:00+07:00,CMT8,16.179222265879314,10.78533,106.67029
2025-07-18 12:00:00+07:00,CMT8,16.467416683832806,10.78533,106.67029
2025-07-18 13:00:00+07:00,CMT8,17.486666520436604,10.78533,106.67029
2025-07-18 14:00:00+07:00,CMT8,22.845208247502644,10.78533,106.67029
2025-07-18 15:00:00+07:00,CMT8,28.342166582743328,10.78533,106.67029
2025-07-18 16:00:00+07:00,CMT8,30.503582795461018,10.78533,106.67029
2025-07-18 17:00:00+07:00,CMT8,46.693583170572914,10.78533,106.67029
2025-07-18 18:00:00+07:00,CMT8,45.283583323160805,10.78533,106.67029
2025-07-18 19:00:00+07:00,CMT8,49.303041776021324,10.78533,106.67029
2025-07-18 20:00:00+07:00,CMT8,53.31391620635986,10.78533,106.67029
2025-07-18 21:00:00+07:00,CMT8,49.90291659037272,10.78533,106.67029
2025-07-18 22:00:00+07:00,CMT8,48.19200038909912,10.78533,106.67029
2025-07-18 23:00:00+07:00,CMT8,35.35487492879232,10.78533,106.67029
2025-07-19 00:00:00+07:00,CMT8,36.12275060017904,10.78533,106.67029
2025-07-19 01:00:00+07:00,CMT8,47.07850042978922,10.78533,106.67029
2025-07-19 02:00:00+07:00,CMT8,51.4486665725708,10.78533,106.67029
2025-07-19 03:00:00+07:00,CMT8,37.76612456639608,10.78533,106.67029
2025-07-19 04:00:00+07:00,CMT8,25.962375164031982,10.78533,106.67029
2025-07-19 05:00:00+07:00,CMT8,27.0067081451416,10.78533,106.67029
2025-07-19 06:00:00+07:00,CMT8,32.30816698074341,10.78533,106.67029
2025-07-19 07:00:00+07:00,CMT8,30.55095847447713,10.78533,106.67029
2025-07-19 08:00:00+07:00,CMT8,32.235958417256676,10.78533,106.67029
2025-07-19 09:00:00+07:00,CMT8,26.73366641998291,10.78533,106.67029
2025-07-19 10:00:00+07:00,CMT8,14.658583243687948,10.78533,106.67029
2025-07-19 11:00:00+07:00,CMT8,14.92704176902771,10.78533,106.67029
2025-07-19 12:00:00+07:00,CMT8,13.137875119845072,10.78533,106.67029
2025-07-19 13:00:00+07:00,CMT8,19.837916533152264,10.78533,106.67029
2025-07-19 14:00:00+07:00,CMT8,20.832083225250244,10.78533,106.67029
2025-07-19 15:00:00+07:00,CMT8,18.951625108718872,10.78533,106.67029
2025-07-19 16:00:00+07:00,CMT8,17.74133324623108,10.78533,106.67029
2025-07-19 17:00:00+07:00,CMT8,17.347291549046833,10.78533,106.67029
2025-07-19 18:00:00+07:00,CMT8,21.294333299001057,10.78533,106.67029
2025-07-19 19:00:00+07:00,CMT8,30.86554225285848,10.78533,106.67029
2025-07-19 20:00:00+07:00,CMT8,25.974124908447266,10.78533,106.67029
2025-07-19 21:00:00+07:00,CMT8,28.51574977238973,10.78533,106.67029
2025-07-19 22:00:00+07:00,CMT8,22.835875034332275,10.78533,106.67029
2025-07-19 23:00:00+07:00,CMT8,38.28495852152506,10.78533,106.67029
2025-07-20 00:00:00+07:00,CMT8,30.776999791463215,10.78533,106.67029
2025-07-20 01:00:00+07:00,CMT8,31.74904155731201,10.78533,106.67029
2025-07-20 02:00:00+07:00,CMT8,35.31333382924398,10.78533,106.67029
2025-07-20 03:00:00+07:00,CMT8,35.365166664123535,10.78533,106.67029
2025-07-20 04:00:00+07:00,CMT8,21.81433351834615,10.78533,106.67029
2025-07-20 05:00:00+07:00,CMT8,16.165708303451538,10.78533,106.67029
2025-07-20 06:00:00+07:00,CMT8,18.596166610717773,10.78533,106.67029
2025-07-20 07:00:00+07:00,CMT8,30.268582979838055,10.78533,106.67029
2025-07-20 08:00:00+07:00,CMT8,32.73287455240885,10.78533,106.67029
2025-07-20 09:00:00+07:00,CMT8,24.54770827293396,10.78533,106.67029
2025-07-20 10:00:00+07:00,CMT8,17.85837523142497,10.78533,106.67029
2025-07-20 11:00:00+07:00,CMT8,17.806833187739056,10.78533,106.67029
2025-07-20 12:00:00+07:00,CMT8,12.485125124454498,10.78533,106.67029
2025-07-20 13:00:00+07:00,CMT8,6.959499994913737,10.78533,106.67029
2025-07-20 14:00:00+07:00,CMT8,11.846166650454203,10.78533,106.67029
2025-07-20 15:00:00+07:00,CMT8,10.633124828338623,10.78533,106.67029
2025-07-20 16:00:00+07:00,CMT8,9.89633329709371,10.78533,106.67029
2025-07-20 17:00:00+07:00,CMT8,20.935666640599568,10.78533,106.67029
2025-07-20 18:00:00+07:00,CMT8,21.93975003560384,10.78533,106.67029
2025-07-20 19:00:00+07:00,CMT8,27.159167130788166,10.78533,106.67029
2025-07-20 20:00:00+07:00,CMT8,26.456124941507976,10.78533,106.67029
2025-07-20 21:00:00+07:00,CMT8,31.452375253041584,10.78533,106.67029
2025-07-20 22:00:00+07:00,CMT8,30.388749917348225,10.78533,106.67029
2025-07-20 23:00:00+07:00,CMT8,9.30679170290629,10.78533,106.67029
2025-07-21 00:00:00+07:00,CMT8,10.983625014623007,10.78533,106.67029
2025-07-21 01:00:00+07:00,CMT8,8.557374993960062,10.78533,106.67029
2025-07-21 02:00:00+07:00,CMT8,8.115041653315226,10.78533,106.67029
2025-07-21 03:00:00+07:00,CMT8,8.319541732470194,10.78533,106.67029
2025-07-21 04:00:00+07:00,CMT8,8.423708399136862,10.78533,106.67029
2025-07-21 05:00:00+07:00,CMT8,16.158999999364216,10.78533,106.67029
2025-07-21 06:00:00+07:00,CMT8,24.286916573842365,10.78533,106.67029
2025-07-21 07:00:00+07:00,CMT8,24.711291472117107,10.78533,106.67029
2025-07-21 08:00:00+07:00,CMT8,23.26925007502238,10.78533,106.67029
2025-07-21 09:00:00+07:00,CMT8,20.178000052769978,10.78533,106.67029
2025-07-21 10:00:00+07:00,CMT8,20.48970826466878,10.78533,106.67029
2025-07-21 11:00:00+07:00,CMT8,13.144166628519693,10.78533,106.67029
2025-07-21 12:00:00+07:00,CMT8,12.32658338546753,10.78533,106.67029
2025-07-21 13:00:00+07:00,CMT8,21.405791838963825,10.78533,106.67029
2025-07-21 14:00:00+07:00,CMT8,14.14970842997233,10.78533,106.67029
2025-07-21 15:00:00+07:00,CMT8,14.515583356221518,10.78533,106.67029
2025-07-21 16:00:00+07:00,CMT8,13.546333312988281,10.78533,106.67029
2025-07-21 17:00:00+07:00,CMT8,18.491875012715656,10.78533,106.67029
2025-07-21 18:00:00+07:00,CMT8,24.09225018819173,10.78533,106.67029
2025-07-21 19:00:00+07:00,CMT8,25.43637498219808,10.78533,106.67029
2025-07-21 20:00:00+07:00,CMT8,18.969541708628338,10.78533,106.67029
2025-07-21 21:00:00+07:00,CMT8,8.140708406766256,10.78533,106.67029
2025-07-21 22:00:00+07:00,CMT8,10.475791692733765,10.78533,106.67029
2025-07-21 23:00:00+07:00,CMT8,14.940041780471802,10.78533,106.67029
2025-07-22 00:00:00+07:00,CMT8,12.652249972025553,10.78533,106.67029
2025-07-22 01:00:00+07:00,CMT8,16.781208117802937,10.78533,106.67029
2025-07-22 02:00:00+07:00,CMT8,13.747958262761435,10.78533,106.67029
2025-07-22 03:00:00+07:00,CMT8,14.271041711171469,10.78533,106.67029
2025-07-22 04:00:00+07:00,CMT8,17.781750122706097,10.78533,106.67029
2025-07-22 05:00:00+07:00,CMT8,17.984750032424927,10.78533,106.67029
2025-07-22 06:00:00+07:00,CMT8,24.004000345865887,10.78533,106.67029
2025-07-22 07:00:00+07:00,CMT8,30.601125081380207,10.78533,106.67029
2025-07-22 08:00:00+07:00,CMT8,33.89758348464966,10.78533,106.67029
2025-07-22 09:00:00+07:00,CMT8,37.14995861053467,10.78533,106.67029
2025-07-22 10:00:00+07:00,CMT8,28.24446659088135,10.78533,106.67029
2025-07-22 11:00:00+07:00,CMT8,22.107458273569744,10.78533,106.67029
2025-07-22 12:00:00+07:00,CMT8,15.256333510080973,10.78533,106.67029
2025-07-22 13:00:00+07:00,CMT8,12.934124906857809,10.78533,106.67029
2025-07-22 14:00:00+07:00,CMT8,11.274374961853027,10.78533,106.67029
2025-07-22 15:00:00+07:00,CMT8,13.666541814804077,10.78533,106.67029
2025-07-22 16:00:00+07:00,CMT8,14.641958475112915,10.78533,106.67029
2025-07-22 17:00:00+07:00,CMT8,15.17200001080831,10.78533,106.67029
2025-07-22 18:00:00+07:00,CMT8,19.877874851226807,10.78533,106.67029
2025-07-22 19:00:00+07:00,CMT8,19.412541548411053,10.78533,106.67029
2025-07-22 20:00:00+07:00,CMT8,20.83995834986369,10.78533,106.67029
2025-07-22 21:00:00+07:00,CMT8,17.406208276748657,10.78533,106.67029
2025-07-22 22:00:00+07:00,CMT8,17.778291781743366,10.78533,106.67029
2025-07-22 23:00:00+07:00,CMT8,16.344249804814655,10.78533,106.67029
2025-07-23 00:00:00+07:00,CMT8,21.023375034332275,10.78533,106.67029
2025-07-23 01:00:00+07:00,CMT8,17.07129160563151,10.78533,106.67029
2025-07-23 02:00:00+07:00,CMT8,15.211833477020264,10.78533,106.67029
2025-07-23 03:00:00+07:00,CMT8,13.989374876022339,10.78533,106.67029
2025-07-23 04:00:00+07:00,CMT8,12.585916678110758,10.78533,106.67029
2025-07-23 05:00:00+07:00,CMT8,13.908416748046875,10.78533,106.67029
2025-07-23 06:00:00+07:00,CMT8,22.106499989827473,10.78533,106.67029
2025-07-23 07:00:00+07:00,CMT8,25.96791664759318,10.78533,106.67029
2025-07-23 08:00:00+07:00,CMT8,31.34487517674764,10.78533,106.67029
2025-07-23 09:00:00+07:00,CMT8,32.018375396728516,10.78533,106.67029
2025-07-23 10:00:00+07:00,CMT8,25.716083367665608,10.78533,106.67029
2025-07-23 11:00:00+07:00,CMT8,18.93000014623006,10.78533,106.67029
2025-07-23 12:00:00+07:00,CMT8,16.626000086466473,10.78533,106.67029
2025-07-23 13:00:00+07:00,CMT8,16.015916744867962,10.78533,106.67029
2025-07-23 14:00:00+07:00,CMT8,13.975333293279013,10.78533,106.67029
2025-07-23 15:00:00+07:00,CMT8,15.08745821317037,10.78533,106.67029
2025-07-23 16:00:00+07:00,CMT8,20.9302499294281,10.78533,106.67029
2025-07-23 17:00:00+07:00,CMT8,23.143166700998943,10.78533,106.67029
2025-07-23 18:00:00+07:00,CMT8,25.213541666666668,10.78533,106.67029
2025-07-23 19:00:00+07:00,CMT8,27.05887492497762,10.78533,106.67029
2025-07-23 20:00:00+07:00,CMT8,24.43162488937378,10.78533,106.67029
2025-07-23 21:00:00+07:00,CMT8,21.63841716448466,10.78533,106.67029
2025-07-23 22:00:00+07:00,CMT8,18.427958091100056,10.78533,106.67029
2025-07-23 23:00:00+07:00,CMT8,15.108791510264078,10.78533,106.67029
2025-07-24 00:00:00+07:00,CMT8,15.864000002543131,10.78533,106.67029
2025-07-24 01:00:00+07:00,CMT8,14.699708302815756,10.78533,106.67029
2025-07-24 02:00:00+07:00,CMT8,14.562708298365274,10.78533,106.67029
2025-07-24 03:00:00+07:00,CMT8,17.296291828155518,10.78533,106.67029
2025-07-24 04:00:00+07:00,CMT8,22.064249833424885,10.78533,106.67029
2025-07-24 05:00:00+07:00,CMT8,24.52354160944621,10.78533,106.67029
2025-07-24 06:00:00+07:00,CMT8,31.640958309173584,10.78533,106.67029
2025-07-24 07:00:00+07:00,CMT8,39.03125,10.78533,106.67029
2025-07-24 08:00:00+07:00,CMT8,38.13066577911377,10.78533,106.67029
2025-07-24 09:00:00+07:00,CMT8,34.79112529754639,10.78533,106.67029
2025-07-24 10:00:00+07:00,CMT8,23.41645844777425,10.78533,106.67029
2025-07-24 11:00:00+07:00,CMT8,19.486833254496258,10.78533,106.67029
2025-07-24 12:00:00+07:00,CMT8,18.90662495295207,10.78533,106.67029
2025-07-24 13:00:00+07:00,CMT8,18.7031668027242,10.78533,106.67029
2025-07-24 14:00:00+07:00,CMT8,23.200291792551678,10.78533,106.67029
2025-07-24 15:00:00+07:00,CMT8,29.55537525812785,10.78533,106.67029
2025-07-24 16:00:00+07:00,CMT8,41.28975009918213,10.78533,106.67029
2025-07-24 17:00:00+07:00,CMT8,59.02062479654948,10.78533,106.67029
2025-07-24 18:00:00+07:00,CMT8,52.77133337656657,10.78533,106.67029
2025-07-24 19:00:00+07:00,CMT8,50.201333363850914,10.78533,106.67029
2025-07-24 20:00:00+07:00,CMT8,57.58179155985514,10.78533,106.67029
2025-07-24 21:00:00+07:00,CMT8,41.22575028737386,10.78533,106.67029
2025-07-24 22:00:00+07:00,CMT8,34.35100078582764,10.78533,106.67029
2025-07-24 23:00:00+07:00,CMT8,28.767416954040527,10.78533,106.67029
2025-07-25 00:00:00+07:00,CMT8,24.9966246287028,10.78533,106.67029
2025-07-25 01:00:00+07:00,CMT8,21.674708048502605,10.78533,106.67029
2025-07-25 02:00:00+07:00,CMT8,37.37024943033854,10.78533,106.67029
2025-07-25 03:00:00+07:00,CMT8,37.2440832455953,10.78533,106.67029
2025-07-25 04:00:00+07:00,CMT8,20.281208356221516,10.78533,106.67029
2025-07-25 05:00:00+07:00,CMT8,37.52524995803833,10.78533,106.67029
2025-07-25 06:00:00+07:00,CMT8,38.65741682052612,10.78533,106.67029
2025-07-25 07:00:00+07:00,CMT8,31.675000031789143,10.78533,106.67029
2025-07-25 08:00:00+07:00,CMT8,34.84354178110758,10.78533,106.67029
2025-07-25 09:00:00+07:00,CMT8,30.342666625976562,10.78533,106.67029
2025-07-25 10:00:00+07:00,CMT8,25.301916758219402,10.78533,106.67029
2025-07-25 11:00:00+07:00,CMT8,16.415000200271606,10.78533,106.67029
2025-07-25 12:00:00+07:00,CMT8,17.094791730244953,10.78533,106.67029
2025-07-25 13:00:00+07:00,CMT8,17.83916664123535,10.78533,106.67029
2025-07-25 14:00:00+07:00,CMT8,25.328625202178955,10.78533,106.67029
2025-07-25 15:00:00+07:00,CMT8,38.827250162760414,10.78533,106.67029
2025-07-25 16:00:00+07:00,CMT8,42.54675006866455,10.78533,106.67029
2025-07-25 17:00:00+07:00,CMT8,42.9944175084432,10.78533,106.67029
2025-07-25 18:00:00+07:00,CMT8,41.43949953715006,10.78533,106.67029
2025-07-25 19:00:00+07:00,CMT8,43.132541020711265,10.78533,106.67029
2025-07-25 20:00:00+07:00,CMT8,45.02208296457926,10.78533,106.67029
2025-07-25 21:00:00+07:00,CMT8,44.14874998728434,10.78533,106.67029
2025-07-25 22:00:00+07:00,CMT8,28.445000012715656,10.78533,106.67029
2025-07-25 23:00:00+07:00,CMT8,23.288750171661377,10.78533,106.67029
2025-07-26 00:00:00+07:00,CMT8,21.074541568756104,10.78533,106.67029
2025-07-26 01:00:00+07:00,CMT8,26.711833159128826,10.78533,106.67029
2025-07-26 02:00:00+07:00,CMT8,22.965500036875408,10.78533,106.67029
2025-07-26 03:00:00+07:00,CMT8,23.34412495295207,10.78533,106.67029
2025-07-26 04:00:00+07:00,CMT8,26.321582794189453,10.78533,106.67029
2025-07-26 05:00:00+07:00,CMT8,38.204999923706055,10.78533,106.67029
2025-07-26 06:00:00+07:00,CMT8,39.24970817565918,10.78533,106.67029
2025-07-26 07:00:00+07:00,CMT8,41.87916628519694,10.78533,106.67029
2025-07-26 08:00:00+07:00,CMT8,39.74504152933756,10.78533,106.67029
2025-07-26 09:00:00+07:00,CMT8,34.111124674479164,10.78533,106.67029
2025-07-26 10:00:00+07:00,CMT8,37.612208684285484,10.78533,106.67029
2025-07-26 11:00:00+07:00,CMT8,36.15620835622152,10.78533,106.67029
2025-07-26 12:00:00+07:00,CMT8,30.84695863723755,10.78533,106.67029
2025-07-26 13:00:00+07:00,CMT8,28.41962496439616,10.78533,106.67029
2025-07-26 14:00:00+07:00,CMT8,35.090750217437744,10.78533,106.67029
2025-07-26 15:00:00+07:00,CMT8,38.2293332417806,10.78533,106.67029
2025-07-26 16:00:00+07:00,CMT8,41.8284584681193,10.78533,106.67029
2025-07-26 17:00:00+07:00,CMT8,49.260125478108726,10.78533,106.67029
2025-07-26 18:00:00+07:00,CMT8,37.27833239237467,10.78533,106.67029
2025-07-26 19:00:00+07:00,CMT8,33.86200030644735,10.78533,106.67029
2025-07-26 20:00:00+07:00,CMT8,31.366250197092693,10.78533,106.67029
2025-07-26 21:00:00+07:00,CMT8,29.449541727701824,10.78533,106.67029
2025-07-26 22:00:00+07:00,CMT8,24.479541619618733,10.78533,106.67029
2025-07-26 23:00:00+07:00,CMT8,24.67508300145467,10.78533,106.67029
2025-07-27 00:00:00+07:00,CMT8,30.110833644866943,10.78533,106.67029
2025-07-27 01:00:00+07:00,CMT8,22.108375072479248,10.78533,106.67029
2025-07-27 02:00:00+07:00,CMT8,20.97833315531413,10.78533,106.67029
2025-07-27 03:00:00+07:00,CMT8,19.283208052317303,10.78533,106.67029
2025-07-27 04:00:00+07:00,CMT8,19.004499912261963,10.78533,106.67029
2025-07-27 05:00:00+07:00,CMT8,19.6079584757487,10.78533,106.67029
2025-07-27 06:00:00+07:00,CMT8,22.244166533152264,10.78533,106.67029
2025-07-27 07:00:00+07:00,CMT8,24.376708507537842,10.78533,106.67029
2025-07-27 08:00:00+07:00,CMT8,24.701791763305664,10.78533,106.67029
2025-07-27 09:00:00+07:00,CMT8,28.225541432698567,10.78533,106.67029
2025-07-27 10:00:00+07:00,CMT8,25.770416736602783,10.78533,106.67029
2025-07-27 11:00:00+07:00,CMT8,25.88379160563151,10.78533,106.67029
2025-07-27 12:00:00+07:00,CMT8,26.61004130045573,10.78533,106.67029
2025-07-27 13:00:00+07:00,CMT8,19.027291615804035,10.78533,106.67029
2025-07-27 14:00:00+07:00,CMT8,21.27441684405009,10.78533,106.67029
2025-07-27 15:00:00+07:00,CMT8,23.776833216349285,10.78533,106.67029
2025-07-27 16:00:00+07:00,CMT8,11.65262496471405,10.78533,106.67029
2025-07-27 17:00:00+07:00,CMT8,8.892208298047384,10.78533,106.67029
2025-07-27 18:00:00+07:00,CMT8,15.398888746897379,10.78533,106.67029
2025-07-27 19:00:00+07:00,CMT8,15.745791673660278,10.78533,106.67029
2025-07-27 20:00:00+07:00,CMT8,20.94208304087321,10.78533,106.67029
2025-07-27 21:00:00+07:00,CMT8,23.132124582926433,10.78533,106.67029
2025-07-27 22:00:00+07:00,CMT8,22.409958044687908,10.78533,106.67029
2025-07-27 23:00:00+07:00,CMT8,18.79379177093506,10.78533,106.67029
2025-07-28 00:00:00+07:00,CMT8,15.450041770935059,10.78533,106.67029
2025-07-28 01:00:00+07:00,CMT8,14.321875095367432,10.78533,106.67029
2025-07-28 02:00:00+07:00,CMT8,13.21387505531311,10.78533,106.67029
2025-07-28 03:00:00+07:00,CMT8,12.691875139872232,10.78533,106.67029
2025-07-28 04:00:00+07:00,CMT8,10.915541728337606,10.78533,106.67029
2025-07-28 05:00:00+07:00,CMT8,13.498583316802979,10.78533,106.67029
2025-07-28 06:00:00+07:00,CMT8,17.14270814259847,10.78533,106.67029
2025-07-28 07:00:00+07:00,CMT8,21.444666703542072,10.78533,106.67029
2025-07-28 08:00:00+07:00,CMT8,21.280249913533527,10.78533,106.67029
2025-07-28 09:00:00+07:00,CMT8,24.960458119710285,10.78533,106.67029
2025-07-28 10:00:00+07:00,CMT8,32.478875160217285,10.78533,106.67029
2025-07-28 11:00:00+07:00,CMT8,15.582916657129923,10.78533,106.67029
2025-07-28 12:00:00+07:00,CMT8,18.057375113169353,10.78533,106.67029
2025-07-28 13:00:00+07:00,CMT8,8.589999993642172,10.78533,106.67029
2025-07-28 14:00:00+07:00,CMT8,14.621291716893515,10.78533,106.67029
2025-07-28 15:00:00+07:00,CMT8,14.887375195821127,10.78533,106.67029
2025-07-28 16:00:00+07:00,CMT8,16.494750022888184,10.78533,106.67029
2025-07-28 17:00:00+07:00,CMT8,24.8370418548584,10.78533,106.67029
2025-07-28 18:00:00+07:00,CMT8,15.552791436513266,10.78533,106.67029
2025-07-28 19:00:00+07:00,CMT8,20.266333262125652,10.78533,106.67029
2025-07-28 20:00:00+07:00,CMT8,21.563458283742268,10.78533,106.67029
2025-07-28 21:00:00+07:00,CMT8,19.615041573842365,10.78533,106.67029
2025-07-28 22:00:00+07:00,CMT8,22.900750160217285,10.78533,106.67029
2025-07-28 23:00:00+07:00,CMT8,24.866000175476074,10.78533,106.67029
2025-07-29 00:00:00+07:00,CMT8,28.63308334350586,10.78533,106.67029
2025-07-29 01:00:00+07:00,CMT8,19.74191649754842,10.78533,106.67029
2025-07-29 02:00:00+07:00,CMT8,19.48087517420451,10.78533,106.67029
2025-07-29 03:00:00+07:00,CMT8,19.6392502784729,10.78533,106.67029
2025-07-29 04:00:00+07:00,CMT8,22.65150022506714,10.78533,106.67029
2025-07-29 05:00:00+07:00,CMT8,21.690458456675213,10.78533,106.67029
2025-07-29 06:00:00+07:00,CMT8,22.829041639963787,10.78533,106.67029
2025-07-29 07:00:00+07:00,CMT8,25.409666856129963,10.78533,106.67029
2025-07-29 08:00:00+07:00,CMT8,28.699374834696453,10.78533,106.67029
2025-07-29 09:00:00+07:00,CMT8,26.428791364034016,10.78533,106.67029
2025-07-29 10:00:00+07:00,CMT8,27.13770818710327,10.78533,106.67029
2025-07-29 11:00:00+07:00,CMT8,23.051166534423828,10.78533,106.67029
2025-07-29 12:00:00+07:00,CMT8,24.42775011062622,10.78533,106.67029
2025-07-29 13:00:00+07:00,CMT8,16.55145835876465,10.78533,106.67029
2025-07-29 14:00:00+07:00,CMT8,14.739291747411093,10.78533,106.67029
2025-07-29 15:00:00+07:00,CMT8,15.146125078201294,10.78533,106.67029
2025-07-29 16:00:00+07:00,CMT8,16.713208278020222,10.78533,106.67029
2025-07-29 17:00:00+07:00,CMT8,21.186999956766766,10.78533,106.67029
2025-07-29 18:00:00+07:00,CMT8,24.35562515258789,10.78533,106.67029
2025-07-29 19:00:00+07:00,CMT8,30.799166838328045,10.78533,106.67029
2025-07-29 20:00:00+07:00,CMT8,33.78254095713297,10.78533,106.67029
2025-07-29 21:00:00+07:00,CMT8,34.50674978892008,10.78533,106.67029
2025-07-29 22:00:00+07:00,CMT8,38.593125661214195,10.78533,106.67029
2025-07-29 23:00:00+07:00,CMT8,32.18666664759318,10.78533,106.67029
2025-07-30 00:00:00+07:00,CMT8,30.539999961853027,10.78533,106.67029
2025-07-30 01:00:00+07:00,CMT8,32.491874853769936,10.78533,106.67029
2025-07-30 02:00:00+07:00,CMT8,33.036916414896645,10.78533,106.67029
2025-07-30 03:00:00+07:00,CMT8,33.8677085240682,10.78533,106.67029
2025-07-30 04:00:00+07:00,CMT8,34.27754179636637,10.78533,106.67029
2025-07-30 05:00:00+07:00,CMT8,37.62141640981039,10.78533,106.67029
2025-07-30 06:00:00+07:00,CMT8,40.23816649119059,10.78533,106.67029
2025-07-30 07:00:00+07:00,CMT8,43.00349998474121,10.78533,106.67029
2025-07-30 08:00:00+07:00,CMT8,43.44058386484782,10.78533,106.67029
2025-07-30 09:00:00+07:00,CMT8,40.50400002797445,10.78533,106.67029
2025-07-30 10:00:00+07:00,CMT8,32.878541787465416,10.78533,106.67029
2025-07-30 11:00:00+07:00,CMT8,30.782166481018066,10.78533,106.67029
2025-07-30 12:00:00+07:00,CMT8,21.133333524068195,10.78533,106.67029
2025-07-30 13:00:00+07:00,CMT8,20.30400005976359,10.78533,106.67029
2025-07-30 14:00:00+07:00,CMT8,19.41154146194458,10.78533,106.67029
2025-07-30 15:00:00+07:00,CMT8,27.629000345865887,10.78533,106.67029
2025-07-30 16:00:00+07:00,CMT8,30.597458362579346,10.78533,106.67029
2025-07-30 17:00:00+07:00,CMT8,27.247583389282227,10.78533,106.67029
2025-07-30 18:00:00+07:00,CMT8,27.218666553497314,10.78533,106.67029
2025-07-30 19:00:00+07:00,CMT8,28.904666741689045,10.78533,106.67029
2025-07-30 20:00:00+07:00,CMT8,28.487999598185223,10.78533,106.67029
2025-07-30 21:00:00+07:00,CMT8,26.644041697184246,10.78533,106.67029
2025-07-30 22:00:00+07:00,CMT8,24.879999955495197,10.78533,106.67029
2025-07-30 23:00:00+07:00,CMT8,22.644708315531414,10.78533,106.67029
2025-07-31 00:00:00+07:00,CMT8,20.8378750483195,10.78533,106.67029
2025-07-31 01:00:00+07:00,CMT8,20.680166721343994,10.78533,106.67029
2025-07-31 02:00:00+07:00,CMT8,17.552625099817913,10.78533,106.67029
2025-07-31 03:00:00+07:00,CMT8,16.491999944051106,10.78533,106.67029
2025-07-31 04:00:00+07:00,CMT8,18.09850001335144,10.78533,106.67029
2025-07-31 05:00:00+07:00,CMT8,20.54241673151652,10.78533,106.67029
2025-07-31 06:00:00+07:00,CMT8,24.246999581654865,10.78533,106.67029
2025-07-31 07:00:00+07:00,CMT8,28.123666604359943,10.78533,106.67029
2025-07-31 08:00:00+07:00,CMT8,28.038166522979736,10.78533,106.67029
2025-07-31 09:00:00+07:00,CMT8,24.399791717529297,10.78533,106.67029
2025-07-31 10:00:00+07:00,CMT8,21.81058343251546,10.78533,106.67029
2025-07-31 11:00:00+07:00,CMT8,23.138500213623047,10.78533,106.67029
2025-07-31 12:00:00+07:00,CMT8,16.60937476158142,10.78533,106.67029
2025-07-31 13:00:00+07:00,CMT8,7.8291250467300415,10.78533,106.67029
2025-07-31 14:00:00+07:00,CMT8,11.722000002861023,10.78533,106.67029
2025-07-31 15:00:00+07:00,CMT8,13.484875122706095,10.78533,106.67029
2025-07-31 16:00:00+07:00,CMT8,16.280166546503704,10.78533,106.67029
2025-07-31 17:00:00+07:00,CMT8,21.0923334757487,10.78533,106.67029
2025-07-31 18:00:00+07:00,CMT8,24.60754172007243,10.78533,106.67029
2025-07-31 19:00:00+07:00,CMT8,20.10104163487752,10.78533,106.67029
2025-07-31 20:00:00+07:00,CMT8,28.38629150390625,10.78533,106.67029
2025-07-31 21:00:00+07:00,CMT8,28.993791580200195,10.78533,106.67029
2025-07-31 22:00:00+07:00,CMT8,29.054166793823242,10.78533,106.67029
2025-07-31 23:00:00+07:00,CMT8,21.12108341852824,10.78533,106.67029
2025-08-01 00:00:00+07:00,CMT8,20.603166580200195,10.78533,106.67029
2025-08-01 01:00:00+07:00,CMT8,18.447875022888184,10.78533,106.67029
2025-08-01 02:00:00+07:00,CMT8,16.49779160817464,10.78533,106.67029
2025-08-01 03:00:00+07:00,CMT8,16.075999816258747,10.78533,106.67029
2025-08-01 04:00:00+07:00,CMT8,18.775727358731356,10.78533,106.67029
2025-08-01 05:00:00+07:00,CMT8,20.12945826848348,10.78533,106.67029
2025-08-01 06:00:00+07:00,CMT8,24.903249899546307,10.78533,106.67029
2025-08-01 07:00:00+07:00,CMT8,26.712166627248127,10.78533,106.67029
2025-08-01 08:00:00+07:00,CMT8,31.634875138600666,10.78533,106.67029
2025-08-01 09:00:00+07:00,CMT8,26.50741672515869,10.78533,106.67029
2025-08-01 10:00:00+07:00,CMT8,23.82004165649414,10.78533,106.67029
2025-08-01 11:00:00+07:00,CMT8,25.0203054745992,10.78533,106.67029
2025-08-01 12:00:00+07:00,CMT8,23.557416598002117,10.78533,106.67029
2025-08-01 13:00:00+07:00,CMT8,18.00750009218852,10.78533,106.67029
2025-08-01 14:00:00+07:00,CMT8,19.81749979654948,10.78533,106.67029
2025-08-01 15:00:00+07:00,CMT8,22.97029193242391,10.78533,106.67029
2025-08-01 16:00:00+07:00,CMT8,23.885666688283283,10.78533,106.67029
2025-08-01 17:00:00+07:00,CMT8,22.59737491607666,10.78533,106.67029
2025-08-01 18:00:00+07:00,CMT8,26.656041622161865,10.78533,106.67029
2025-08-01 19:00:00+07:00,CMT8,28.41562493642171,10.78533,106.67029
2025-08-01 20:00:00+07:00,CMT8,30.565749804178875,10.78533,106.67029
2025-08-01 21:00:00+07:00,CMT8,22.674333095550537,10.78533,106.67029
2025-08-01 22:00:00+07:00,CMT8,19.537916660308838,10.78533,106.67029
2025-08-01 23:00:00+07:00,CMT8,15.56891671816508,10.78533,106.67029
2025-08-02 00:00:00+07:00,CMT8,18.055833339691162,10.78533,106.67029
2025-08-02 01:00:00+07:00,CMT8,17.880083560943604,10.78533,106.67029
2025-08-02 02:00:00+07:00,CMT8,20.30191659927368,10.78533,106.67029
2025-08-02 03:00:00+07:00,CMT8,25.06108331680298,10.78533,106.67029
2025-08-02 04:00:00+07:00,CMT8,27.896541595458984,10.78533,106.67029
2025-08-02 05:00:00+07:00,CMT8,31.451708157857258,10.78533,106.67029
2025-08-02 06:00:00+07:00,CMT8,33.79249986012777,10.78533,106.67029
2025-08-02 07:00:00+07:00,CMT8,38.664374669392906,10.78533,106.67029
2025-08-02 08:00:00+07:00,CMT8,38.749624252319336,10.78533,106.67029
2025-08-02 09:00:00+07:00,CMT8,35.58241685231527,10.78533,106.67029
2025-08-02 10:00:00+07:00,CMT8,32.51233307520548,10.78533,106.67029
2025-08-02 11:00:00+07:00,CMT8,32.207374572753906,10.78533,106.67029
2025-08-02 12:00:00+07:00,CMT8,30.007333278656006,10.78533,106.67029
2025-08-02 13:00:00+07:00,CMT8,25.99287494023641,10.78533,106.67029
2025-08-02 14:00:00+07:00,CMT8,22.558499972025555,10.78533,106.67029
2025-08-02 15:00:00+07:00,CMT8,35.39345836639404,10.78533,106.67029
2025-08-02 16:00:00+07:00,CMT8,35.57366689046224,10.78533,106.67029
2025-08-02 17:00:00+07:00,CMT8,29.67691659927368,10.78533,106.67029
2025-08-02 18:00:00+07:00,CMT8,26.955125013987224,10.78533,106.67029
2025-08-02 19:00:00+07:00,CMT8,32.01824982961019,10.78533,106.67029
2025-08-02 20:00:00+07:00,CMT8,34.229583422342934,10.78533,106.67029
2025-08-02 21:00:00+07:00,CMT8,23.116875012715656,10.78533,106.67029
2025-08-02 22:00:00+07:00,CMT8,21.660375118255615,10.78533,106.67029
2025-08-02 23:00:00+07:00,CMT8,25.023000081380207,10.78533,106.67029
2025-08-03 00:00:00+07:00,CMT8,21.457499980926514,10.78533,106.67029
2025-08-03 01:00:00+07:00,CMT8,23.13433329264323,10.78533,106.67029
2025-08-03 02:00:00+07:00,CMT8,24.655333360036213,10.78533,106.67029
2025-08-03 03:00:00+07:00,CMT8,26.94974994659424,10.78533,106.67029
2025-08-03 04:00:00+07:00,CMT8,29.513583501180012,10.78533,106.67029
2025-08-03 05:00:00+07:00,CMT8,31.45845826466878,10.78533,106.67029
2025-08-03 06:00:00+07:00,CMT8,34.26420863469442,10.78533,106.67029
2025-08-03 07:00:00+07:00,CMT8,40.77312469482422,10.78533,106.67029
2025-08-03 08:00:00+07:00,CMT8,38.220916748046875,10.78533,106.67029
2025-08-03 09:00:00+07:00,CMT8,41.055582682291664,10.78533,106.67029
2025-08-03 10:00:00+07:00,CMT8,40.943166414896645,10.78533,106.67029
2025-08-03 11:00:00+07:00,CMT8,39.90766684214274,10.78533,106.67029
2025-08-03 12:00:00+07:00,CMT8,34.49004157384237,10.78533,106.67029
2025-08-03 13:00:00+07:00,CMT8,34.774750073750816,10.78533,106.67029
2025-08-03 14:00:00+07:00,CMT8,35.51295804977417,10.78533,106.67029
2025-08-03 15:00:00+07:00,CMT8,30.03066635131836,10.78533,106.67029
2025-08-03 16:00:00+07:00,CMT8,30.957333087921143,10.78533,106.67029
2025-08-03 17:00:00+07:00,CMT8,28.339624881744385,10.78533,106.67029
2025-08-03 18:00:00+07:00,CMT8,32.77320861816406,10.78533,106.67029
2025-08-03 19:00:00+07:00,CMT8,43.69237454732259,10.78533,106.67029
2025-08-03 20:00:00+07:00,CMT8,32.65666643778483,10.78533,106.67029
2025-08-03 21:00:00+07:00,CMT8,31.535333156585693,10.78533,106.67029
2025-08-03 22:00:00+07:00,CMT8,31.816541353861492,10.78533,106.67029
2025-08-03 23:00:00+07:00,CMT8,31.1180419921875,10.78533,106.67029
2025-08-04 00:00:00+07:00,CMT8,27.15154155095418,10.78533,106.67029
2025-08-04 01:00:00+07:00,CMT8,23.879000186920166,10.78533,106.67029
2025-08-04 02:00:00+07:00,CMT8,21.007458368937176,10.78533,106.67029
2025-08-04 03:00:00+07:00,CMT8,22.04641644159953,10.78533,106.67029
2025-08-04 04:00:00+07:00,CMT8,27.294875144958496,10.78533,106.67029
2025-08-04 05:00:00+07:00,CMT8,27.976999918619793,10.78533,106.67029
2025-08-04 06:00:00+07:00,CMT8,36.178916454315186,10.78533,106.67029
2025-08-04 07:00:00+07:00,CMT8,38.67487494150797,10.78533,106.67029
2025-08-04 08:00:00+07:00,CMT8,36.885833422342934,10.78533,106.67029
2025-08-04 09:00:00+07:00,CMT8,39.75641663869222,10.78533,106.67029
2025-08-04 10:00:00+07:00,CMT8,36.26445802052816,10.78533,106.67029
2025-08-04 11:00:00+07:00,CMT8,36.39887523651123,10.78533,106.67029
2025-08-04 12:00:00+07:00,CMT8,35.54770882924398,10.78533,106.67029
2025-08-04 13:00:00+07:00,CMT8,33.93945852915446,10.78533,106.67029
2025-08-04 14:00:00+07:00,CMT8,33.037409348921344,10.78533,106.67029
2025-08-04 15:00:00+07:00,CMT8,32.257624785105385,10.78533,106.67029
2025-08-04 16:00:00+07:00,CMT8,36.50641695658366,10.78533,106.67029
2025-08-04 17:00:00+07:00,CMT8,35.8766253789266,10.78533,106.67029
2025-08-04 18:00:00+07:00,CMT8,37.69741725921631,10.78533,106.67029
2025-08-04 19:00:00+07:00,CMT8,40.81212457021078,10.78533,106.67029
2025-08-04 20:00:00+07:00,CMT8,37.36808427174886,10.78533,106.67029
2025-08-04 21:00:00+07:00,CMT8,37.33733320236206,10.78533,106.67029
2025-08-04 22:00:00+07:00,CMT8,29.996166706085205,10.78533,106.67029
2025-08-04 23:00:00+07:00,CMT8,37.88620853424072,10.78533,106.67029
2025-08-05 00:00:00+07:00,CMT8,35.36366685231527,10.78533,106.67029
2025-08-05 01:00:00+07:00,CMT8,33.98312505086263,10.78533,106.67029
2025-08-05 02:00:00+07:00,CMT8,29.968374888102215,10.78533,106.67029
2025-08-05 03:00:00+07:00,CMT8,27.783125082651775,10.78533,106.67029
2025-08-05 04:00:00+07:00,CMT8,28.153374671936035,10.78533,106.67029
2025-08-05 05:00:00+07:00,CMT8,29.571750164031982,10.78533,106.67029
2025-08-05 06:00:00+07:00,CMT8,32.8694167137146,10.78533,106.67029
2025-08-05 07:00:00+07:00,CMT8,34.773292223612465,10.78533,106.67029
2025-08-05 08:00:00+07:00,CMT8,34.65879122416178,10.78533,106.67029
2025-08-05 09:00:00+07:00,CMT8,31.838500022888184,10.78533,106.67029
2025-08-05 10:00:00+07:00,CMT8,29.38212490081787,10.78533,106.67029
2025-08-05 11:00:00+07:00,CMT8,25.754374821980793,10.78533,106.67029
2025-08-05 12:00:00+07:00,CMT8,23.864749749501545,10.78533,106.67029
2025-08-05 13:00:00+07:00,CMT8,26.33941666285197,10.78533,106.67029
2025-08-05 14:00:00+07:00,CMT8,22.232999960581463,10.78533,106.67029
2025-08-05 15:00:00+07:00,CMT8,24.974041779836018,10.78533,106.67029
2025-08-05 16:00:00+07:00,CMT8,22.697791576385498,10.78533,106.67029
2025-08-05 17:00:00+07:00,CMT8,30.06666628519694,10.78533,106.67029
2025-08-05 18:00:00+07:00,CMT8,35.39733330408732,10.78533,106.67029
2025-08-05 19:00:00+07:00,CMT8,24.748374780019123,10.78533,106.67029
2025-08-05 20:00:00+07:00,CMT8,20.98295831680298,10.78533,106.67029
2025-08-05 21:00:00+07:00,CMT8,17.639583428700764,10.78533,106.67029
2025-08-05 22:00:00+07:00,CMT8,17.532166639963787,10.78533,106.67029
2025-08-05 23:00:00+07:00,CMT8,17.382041533788044,10.78533,106.67029
2025-08-06 00:00:00+07:00,CMT8,15.38545815149943,10.78533,106.67029
2025-08-06 01:00:00+07:00,CMT8,14.721749941507975,10.78533,106.67029
2025-08-06 02:00:00+07:00,CMT8,14.298750003178915,10.78533,106.67029
2025-08-06 03:00:00+07:00,CMT8,12.765875021616617,10.78533,106.67029
2025-08-06 04:00:00+07:00,CMT8,14.721333424250284,10.78533,106.67029
2025-08-06 05:00:00+07:00,CMT8,18.41645844777425,10.78533,106.67029
2025-08-06 06:00:00+07:00,CMT8,24.789374828338623,10.78533,106.67029
2025-08-06 07:00:00+07:00,CMT8,31.867541472117107,10.78533,106.67029
2025-08-06 08:00:00+07:00,CMT8,28.30929168065389,10.78533,106.67029
2025-08-06 09:00:00+07:00,CMT8,24.540249983469646,10.78533,106.67029
2025-08-06 10:00:00+07:00,CMT8,21.041666666666668,10.78533,106.67029
2025-08-06 11:00:00+07:00,CMT8,21.048083146413166,10.78533,106.67029
2025-08-06 12:00:00+07:00,CMT8,24.838500022888184,10.78533,106.67029
2025-08-06 13:00:00+07:00,CMT8,25.458041508992512,10.78533,106.67029
2025-08-06 14:00:00+07:00,CMT8,20.265791416168213,10.78533,106.67029
2025-08-06 15:00:00+07:00,CMT8,20.574708461761475,10.78533,106.67029
2025-08-06 16:00:00+07:00,CMT8,19.70954163869222,10.78533,106.67029
2025-08-06 17:00:00+07:00,CMT8,21.39020840326945,10.78533,106.67029
2025-08-06 18:00:00+07:00,CMT8,24.158791542053223,10.78533,106.67029
2025-08-06 19:00:00+07:00,CMT8,17.477083285649616,10.78533,106.67029
2025-08-06 20:00:00+07:00,CMT8,20.79870827992757,10.78533,106.67029
2025-08-06 21:00:00+07:00,CMT8,16.67329168319702,10.78533,106.67029
2025-08-06 22:00:00+07:00,CMT8,18.791333357493084,10.78533,106.67029
2025-08-06 23:00:00+07:00,CMT8,16.797958056132,10.78533,106.67029
2025-08-07 00:00:00+07:00,CMT8,22.002749760945637,10.78533,106.67029
2025-08-07 01:00:00+07:00,CMT8,22.84916655222575,10.78533,106.67029
2025-08-07 02:00:00+07:00,CMT8,18.00333325068156,10.78533,106.67029
2025-08-07 03:00:00+07:00,CMT8,18.944958368937176,10.78533,106.67029
2025-08-07 04:00:00+07:00,CMT8,19.722875118255615,10.78533,106.67029
2025-08-07 05:00:00+07:00,CMT8,22.248125394185383,10.78533,106.67029
2025-08-07 06:00:00+07:00,CMT8,22.877291520436604,10.78533,106.67029
2025-08-07 07:00:00+07:00,CMT8,28.14495833714803,10.78533,106.67029
2025-08-07 08:00:00+07:00,CMT8,34.03629191716512,10.78533,106.67029
2025-08-07 09:00:00+07:00,CMT8,24.835083325703938,10.78533,106.67029
2025-08-07 10:00:00+07:00,CMT8,24.482000192006428,10.78533,106.67029
2025-08-07 11:00:00+07:00,CMT8,29.136374950408936,10.78533,106.67029
2025-08-07 12:00:00+07:00,CMT8,34.67558320363363,10.78533,106.67029
2025-08-07 13:00:00+07:00,CMT8,26.969333171844482,10.78533,106.67029
2025-08-07 14:00:00+07:00,CMT8,18.7714581489563,10.78533,106.67029
2025-08-07 15:00:00+07:00,CMT8,20.567708492279053,10.78533,106.67029
2025-08-07 16:00:00+07:00,CMT8,24.36604181925456,10.78533,106.67029
2025-08-07 17:00:00+07:00,CMT8,26.89645830790202,10.78533,106.67029
2025-08-07 18:00:00+07:00,CMT8,37.72291660308838,10.78533,106.67029
2025-08-07 19:00:00+07:00,CMT8,22.911083380381267,10.78533,106.67029
2025-08-07 20:00:00+07:00,CMT8,19.400875012079876,10.78533,106.67029
2025-08-07 21:00:00+07:00,CMT8,23.814666589101154,10.78533,106.67029
2025-08-07 22:00:00+07:00,CMT8,20.18245840072632,10.78533,106.67029
2025-08-07 23:00:00+07:00,CMT8,19.893874804178875,10.78533,106.67029
2025-08-08 00:00:00+07:00,CMT8,16.04979181289673,10.78533,106.67029
2025-08-08 01:00:00+07:00,CMT8,14.155791521072388,10.78533,106.67029
2025-08-08 02:00:00+07:00,CMT8,12.287791649500528,10.78533,106.67029
2025-08-08 03:00:00+07:00,CMT8,13.388958295186361,10.78533,106.67029
2025-08-08 04:00:00+07:00,CMT8,19.435208161671955,10.78533,106.67029
2025-08-08 05:00:00+07:00,CMT8,21.45687500635783,10.78533,106.67029
2025-08-08 06:00:00+07:00,CMT8,27.83191680908203,10.78533,106.67029
2025-08-08 07:00:00+07:00,CMT8,39.43783267339071,10.78533,106.67029
2025-08-08 08:00:00+07:00,CMT8,38.61766688028971,10.78533,106.67029
2025-08-08 09:00:00+07:00,CMT8,46.35108311971029,10.78533,106.67029
2025-08-08 10:00:00+07:00,CMT8,33.98570807774862,10.78533,106.67029
2025-08-08 11:00:00+07:00,CMT8,34.302292029062905,10.78533,106.67029
2025-08-08 12:00:00+07:00,CMT8,32.20754146575928,10.78533,106.67029
2025-08-08 13:00:00+07:00,CMT8,30.402666727701824,10.78533,106.67029
2025-08-08 14:00:00+07:00,CMT8,29.38325007756551,10.78533,106.67029
2025-08-08 15:00:00+07:00,CMT8,26.39062484105428,10.78533,106.67029
2025-08-08 16:00:00+07:00,CMT8,28.957833290100098,10.78533,106.67029
2025-08-08 17:00:00+07:00,CMT8,35.98054154713949,10.78533,106.67029
2025-08-08 18:00:00+07:00,CMT8,35.74120839436849,10.78533,106.67029
2025-08-08 19:00:00+07:00,CMT8,41.501166661580406,10.78533,106.67029
2025-08-08 20:00:00+07:00,CMT8,45.36320813496908,10.78533,106.67029
2025-08-08 21:00:00+07:00,CMT8,31.15987475713094,10.78533,106.67029
2025-08-08 22:00:00+07:00,CMT8,31.7770414352417,10.78533,106.67029
2025-08-08 23:00:00+07:00,CMT8,29.714791615804035,10.78533,106.67029
2025-08-09 00:00:00+07:00,CMT8,31.178874969482422,10.78533,106.67029
2025-08-09 01:00:00+07:00,CMT8,33.477375507354736,10.78533,106.67029
2025-08-09 02:00:00+07:00,CMT8,33.65504233042399,10.78533,106.67029
2025-08-09 03:00:00+07:00,CMT8,35.008917013804115,10.78533,106.67029
2025-08-09 04:00:00+07:00,CMT8,30.835124969482422,10.78533,106.67029
2025-08-09 05:00:00+07:00,CMT8,33.04133335749308,10.78533,106.67029
2025-08-09 06:00:00+07:00,CMT8,34.525583585103355,10.78533,106.67029
2025-08-09 07:00:00+07:00,CMT8,40.28154214223226,10.78533,106.67029
2025-08-09 08:00:00+07:00,CMT8,36.18837547302246,10.78533,106.67029
2025-08-09 09:00:00+07:00,CMT8,45.923500061035156,10.78533,106.67029
2025-08-09 10:00:00+07:00,CMT8,47.84641679128011,10.78533,106.67029
2025-08-09 11:00:00+07:00,CMT8,43.47291692097982,10.78533,106.67029
2025-08-09 12:00:00+07:00,CMT8,38.92987473805746,10.78533,106.67029
2025-08-09 13:00:00+07:00,CMT8,34.690958658854164,10.78533,106.67029
2025-08-09 14:00:00+07:00,CMT8,40.04691664377848,10.78533,106.67029
2025-08-09 15:00:00+07:00,CMT8,33.00474993387858,10.78533,106.67029
2025-08-09 16:00:00+07:00,CMT8,33.23116683959961,10.78533,106.67029
2025-08-09 17:00:00+07:00,CMT8,30.077458540598553,10.78533,106.67029
2025-08-09 18:00:00+07:00,CMT8,30.140333652496338,10.78533,106.67029
2025-08-09 19:00:00+07:00,CMT8,34.249916871388756,10.78533,106.67029
2025-08-09 20:00:00+07:00,CMT8,36.35341691970825,10.78533,106.67029
2025-08-09 21:00:00+07:00,CMT8,32.42320839564005,10.78533,106.67029
2025-08-09 22:00:00+07:00,CMT8,24.294583320617676,10.78533,106.67029
2025-08-09 23:00:00+07:00,CMT8,30.607958634694416,10.78533,106.67029
2025-08-10 00:00:00+07:00,CMT8,24.50604184468587,10.78533,106.67029
2025-08-10 01:00:00+07:00,CMT8,27.24750010172526,10.78533,106.67029
2025-08-10 02:00:00+07:00,CMT8,24.008833408355713,10.78533,106.67029
2025-08-10 03:00:00+07:00,CMT8,22.135207970937092,10.78533,106.67029
2025-08-10 04:00:00+07:00,CMT8,31.651249885559082,10.78533,106.67029
2025-08-10 05:00:00+07:00,CMT8,39.23483371734619,10.78533,106.67029
2025-08-10 06:00:00+07:00,CMT8,45.055624643961586,10.78533,106.67029
2025-08-10 07:00:00+07:00,CMT8,37.532708485921226,10.78533,106.67029
2025-08-10 08:00:00+07:00,CMT8,27.415374914805096,10.78533,106.67029
2025-08-10 09:00:00+07:00,CMT8,25.380666891733807,10.78533,106.67029
2025-08-10 10:00:00+07:00,CMT8,32.05695835749308,10.78533,106.67029
2025-08-10 11:00:00+07:00,CMT8,26.753454381769355,10.78533,106.67029
2025-08-10 12:00:00+07:00,CMT8,19.958374818166096,10.78533,106.67029
2025-08-10 13:00:00+07:00,CMT8,17.643666585286457,10.78533,106.67029
2025-08-10 14:00:00+07:00,CMT8,19.215874830881756,10.78533,106.67029
2025-08-10 15:00:00+07:00,CMT8,16.754291613896687,10.78533,106.67029
2025-08-10 16:00:00+07:00,CMT8,20.990708351135254,10.78533,106.67029
2025-08-10 17:00:00+07:00,CMT8,27.385125001271565,10.78533,106.67029
2025-08-10 18:00:00+07:00,CMT8,29.717875003814697,10.78533,106.67029
2025-08-10 19:00:00+07:00,CMT8,21.855083465576172,10.78533,106.67029
2025-08-10 20:00:00+07:00,CMT8,21.766541639963787,10.78533,106.67029
2025-08-10 21:00:00+07:00,CMT8,23.110625108083088,10.78533,106.67029
2025-08-10 22:00:00+07:00,CMT8,21.075000127156574,10.78533,106.67029
2025-08-10 23:00:00+07:00,CMT8,14.615333318710327,10.78533,106.67029
2025-08-11 00:00:00+07:00,CMT8,14.441708326339722,10.78533,106.67029
2025-08-11 01:00:00+07:00,CMT8,12.983166694641113,10.78533,106.67029
2025-08-11 02:00:00+07:00,CMT8,10.320083379745483,10.78533,106.67029
2025-08-11 03:00:00+07:00,CMT8,12.486416578292847,10.78533,106.67029
2025-08-11 04:00:00+07:00,CMT8,12.316333214441935,10.78533,106.67029
2025-08-11 05:00:00+07:00,CMT8,13.462666829427084,10.78533,106.67029
2025-08-11 06:00:00+07:00,CMT8,18.607625087102253,10.78533,106.67029
2025-08-11 07:00:00+07:00,CMT8,22.56991656621297,10.78533,106.67029
2025-08-11 08:00:00+07:00,CMT8,33.72362470626831,10.78533,106.67029
2025-08-11 09:00:00+07:00,CMT8,23.852749983469646,10.78533,106.67029
2025-08-11 10:00:00+07:00,CMT8,16.906625350316364,10.78533,106.67029
2025-08-11 11:00:00+07:00,CMT8,17.61383334795634,10.78533,106.67029
2025-08-11 12:00:00+07:00,CMT8,20.15554141998291,10.78533,106.67029
2025-08-11 13:00:00+07:00,CMT8,31.87637488047282,10.78533,106.67029
2025-08-11 14:00:00+07:00,CMT8,30.46779203414917,10.78533,106.67029
2025-08-11 15:00:00+07:00,CMT8,36.080458323160805,10.78533,106.67029
2025-08-11 16:00:00+07:00,CMT8,37.357249895731606,10.78533,106.67029
2025-08-11 17:00:00+07:00,CMT8,41.26966667175293,10.78533,106.67029
2025-08-11 18:00:00+07:00,CMT8,28.815541744232178,10.78533,106.67029
2025-08-11 19:00:00+07:00,CMT8,32.37437518437704,10.78533,106.67029
2025-08-11 20:00:00+07:00,CMT8,41.45075003306071,10.78533,106.67029
2025-08-11 21:00:00+07:00,CMT8,42.131499926249184,10.78533,106.67029
2025-08-11 22:00:00+07:00,CMT8,21.424541473388672,10.78533,106.67029
2025-08-11 23:00:00+07:00,CMT8,21.316458225250244,10.78533,106.67029
2025-08-12 00:00:00+07:00,CMT8,30.00254185994466,10.78533,106.67029
2025-08-12 01:00:00+07:00,CMT8,36.28958288828532,10.78533,106.67029
2025-08-12 02:00:00+07:00,CMT8,47.27112499872843,10.78533,106.67029
2025-08-12 03:00:00+07:00,CMT8,41.718083222707115,10.78533,106.67029
2025-08-12 04:00:00+07:00,CMT8,25.871742248535156,10.78533,106.67029
2025-08-12 05:00:00+07:00,CMT8,18.121583302815754,10.78533,106.67029
2025-08-12 06:00:00+07:00,CMT8,31.215333620707195,10.78533,106.67029
2025-08-12 07:00:00+07:00,CMT8,41.57895882924398,10.78533,106.67029
2025-08-12 08:00:00+07:00,CMT8,45.34720929463705,10.78533,106.67029
2025-08-12 09:00:00+07:00,CMT8,39.314208348592125,10.78533,106.67029
2025-08-12 10:00:00+07:00,CMT8,24.32670831680298,10.78533,106.67029
2025-08-12 11:00:00+07:00,CMT8,25.785250027974445,10.78533,106.67029
2025-08-12 12:00:00+07:00,CMT8,25.398125171661377,10.78533,106.67029
2025-08-12 13:00:00+07:00,CMT8,15.489375193913778,10.78533,106.67029
2025-08-12 14:00:00+07:00,CMT8,11.206291675567627,10.78533,106.67029
2025-08-12 15:00:00+07:00,CMT8,14.382625102996826,10.78533,106.67029
2025-08-12 16:00:00+07:00,CMT8,21.048875013987224,10.78533,106.67029
2025-08-12 17:00:00+07:00,CMT8,27.869375069936115,10.78533,106.67029
2025-08-12 18:00:00+07:00,CMT8,25.020999908447266,10.78533,106.67029
2025-08-12 19:00:00+07:00,CMT8,20.755083243052166,10.78533,106.67029
2025-08-12 20:00:00+07:00,CMT8,19.50566641489665,10.78533,106.67029
2025-08-12 21:00:00+07:00,CMT8,21.181708335876465,10.78533,106.67029
2025-08-12 22:00:00+07:00,CMT8,23.434208393096924,10.78533,106.67029
2025-08-12 23:00:00+07:00,CMT8,32.1066247622172,10.78533,106.67029
2025-08-13 00:00:00+07:00,CMT8,27.113458156585693,10.78533,106.67029
2025-08-13 01:00:00+07:00,CMT8,25.484124819437664,10.78533,106.67029
2025-08-13 02:00:00+07:00,CMT8,28.55737527211507,10.78533,106.67029
2025-08-13 03:00:00+07:00,CMT8,28.59245840708415,10.78533,106.67029
2025-08-13 04:00:00+07:00,CMT8,26.71891673405965,10.78533,106.67029
2025-08-13 05:00:00+07:00,CMT8,25.743000030517578,10.78533,106.67029
2025-08-13 06:00:00+07:00,CMT8,26.20258363087972,10.78533,106.67029
2025-08-13 07:00:00+07:00,CMT8,36.65899976094564,10.78533,106.67029
2025-08-13 08:00:00+07:00,CMT8,34.527541637420654,10.78533,106.67029
2025-08-13 09:00:00+07:00,CMT8,36.261915842692055,10.78533,106.67029
2025-08-13 10:00:00+07:00,CMT8,27.96329148610433,10.78533,106.67029
2025-08-13 11:00:00+07:00,CMT8,22.92650016148885,10.78533,106.67029
2025-08-13 12:00:00+07:00,CMT8,16.964749892552693,10.78533,106.67029
2025-08-13 13:00:00+07:00,CMT8,16.08537483215332,10.78533,106.67029
2025-08-13 14:00:00+07:00,CMT8,28.974666595458984,10.78533,106.67029
2025-08-13 15:00:00+07:00,CMT8,37.48012479146322,10.78533,106.67029
2025-08-13 16:00:00+07:00,CMT8,24.58004156748454,10.78533,106.67029
2025-08-13 17:00:00+07:00,CMT8,29.546916484832764,10.78533,106.67029
2025-08-13 18:00:00+07:00,CMT8,27.984333674112957,10.78533,106.67029
2025-08-13 19:00:00+07:00,CMT8,33.46399974822998,10.78533,106.67029
2025-08-13 20:00:00+07:00,CMT8,30.766708215077717,10.78533,106.67029
2025-08-13 21:00:00+07:00,CMT8,32.62508328755697,10.78533,106.67029
2025-08-13 22:00:00+07:00,CMT8,31.954291820526123,10.78533,106.67029
2025-08-13 23:00:00+07:00,CMT8,31.88854185740153,10.78533,106.67029
2025-08-14 00:00:00+07:00,CMT8,32.511666774749756,10.78533,106.67029
2025-08-14 01:00:00+07:00,CMT8,19.594208399454754,10.78533,106.67029
2025-08-14 02:00:00+07:00,CMT8,16.199708461761475,10.78533,106.67029
2025-08-14 03:00:00+07:00,CMT8,15.819250186284384,10.78533,106.67029
2025-08-14 04:00:00+07:00,CMT8,23.648545351895418,10.78533,106.67029
2025-08-14 05:00:00+07:00,CMT8,34.386916637420654,10.78533,106.67029
2025-08-14 06:00:00+07:00,CMT8,39.40441640218099,10.78533,106.67029
2025-08-14 07:00:00+07:00,CMT8,39.57920773824056,10.78533,106.67029
2025-08-14 08:00:00+07:00,CMT8,27.361416657765705,10.78533,106.67029
2025-08-14 09:00:00+07:00,CMT8,27.332332928975422,10.78533,106.67029
2025-08-14 10:00:00+07:00,CMT8,31.762875080108643,10.78533,106.67029
2025-08-14 11:00:00+07:00,CMT8,26.537500222524006,10.78533,106.67029
2025-08-14 12:00:00+07:00,CMT8,26.699124972025555,10.78533,106.67029
2025-08-14 13:00:00+07:00,CMT8,23.248958190282185,10.78533,106.67029
2025-08-14 14:00:00+07:00,CMT8,26.709916591644287,10.78533,106.67029
2025-08-14 15:00:00+07:00,CMT8,23.5471248626709,10.78533,106.67029
2025-08-14 16:00:00+07:00,CMT8,38.43233346939087,10.78533,106.67029
2025-08-14 17:00:00+07:00,CMT8,50.78724988301595,10.78533,106.67029
2025-08-14 18:00:00+07:00,CMT8,29.896583557128906,10.78533,106.67029
2025-08-14 19:00:00+07:00,CMT8,18.909541606903076,10.78533,106.67029
2025-08-14 20:00:00+07:00,CMT8,25.25987497965495,10.78533,106.67029
2025-08-14 21:00:00+07:00,CMT8,43.123458544413246,10.78533,106.67029
2025-08-14 22:00:00+07:00,CMT8,45.26129182179769,10.78533,106.67029
2025-08-14 23:00:00+07:00,CMT8,38.449249903361,10.78533,106.67029
2025-08-15 00:00:00+07:00,CMT8,34.49741586049398,10.78533,106.67029
2025-08-15 01:00:00+07:00,CMT8,36.892541567484535,10.78533,106.67029
2025-08-15 02:00:00+07:00,CMT8,37.13445790608724,10.78533,106.67029
2025-08-15 03:00:00+07:00,CMT8,48.15237522125244,10.78533,106.67029
2025-08-15 04:00:00+07:00,CMT8,47.36129220326742,10.78533,106.67029
2025-08-15 05:00:00+07:00,CMT8,40.88737519582113,10.78533,106.67029
2025-08-15 06:00:00+07:00,CMT8,44.42320887247721,10.78533,106.67029
2025-08-15 07:00:00+07:00,CMT8,43.26550038655599,10.78533,106.67029
2025-08-15 08:00:00+07:00,CMT8,38.164000511169434,10.78533,106.67029
2025-08-15 09:00:00+07:00,CMT8,36.299166679382324,10.78533,106.67029
2025-08-15 10:00:00+07:00,CMT8,39.6520414352417,10.78533,106.67029
2025-08-15 11:00:00+07:00,CMT8,30.74845838546753,10.78533,106.67029
2025-08-15 12:00:00+07:00,CMT8,26.59595839182536,10.78533,106.67029
2025-08-15 13:00:00+07:00,CMT8,20.004583835601807,10.78533,106.67029
2025-08-15 14:00:00+07:00,CMT8,27.44695822397868,10.78533,106.67029
2025-08-15 15:00:00+07:00,CMT8,20.070916652679443,10.78533,106.67029
2025-08-15 16:00:00+07:00,CMT8,21.735416730244953,10.78533,106.67029
2025-08-15 17:00:00+07:00,CMT8,16.54379177093506,10.78533,106.67029
2025-08-15 18:00:00+07:00,CMT8,23.35004170735677,10.78533,106.67029
2025-08-15 19:00:00+07:00,CMT8,27.70270808537801,10.78533,106.67029
2025-08-15 20:00:00+07:00,CMT8,23.292666753133137,10.78533,106.67029
2025-08-15 21:00:00+07:00,CMT8,25.870749950408936,10.78533,106.67029
2025-08-15 22:00:00+07:00,CMT8,31.846041997273762,10.78533,106.67029
2025-08-15 23:00:00+07:00,CMT8,26.149749914805096,10.78533,106.67029
2025-08-16 00:00:00+07:00,CMT8,30.25641695658366,10.78533,106.67029
2025-08-16 01:00:00+07:00,CMT8,38.80783335367838,10.78533,106.67029
2025-08-16 02:00:00+07:00,CMT8,38.27220821380615,10.78533,106.67029
2025-08-16 03:00:00+07:00,CMT8,32.72791655858358,10.78533,106.67029
2025-08-16 04:00:00+07:00,CMT8,59.04654121398926,10.78533,106.67029
2025-08-16 05:00:00+07:00,CMT8,81.58537515004475,10.78533,106.67029
2025-08-16 06:00:00+07:00,CMT8,62.33920764923096,10.78533,106.67029
2025-08-16 07:00:00+07:00,CMT8,57.190833727518715,10.78533,106.67029
2025-08-16 08:00:00+07:00,CMT8,56.245999336242676,10.78533,106.67029
2025-08-16 09:00:00+07:00,CMT8,28.583374818166096,10.78533,106.67029
2025-08-16 10:00:00+07:00,CMT8,22.339083035786945,10.78533,106.67029
2025-08-16 11:00:00+07:00,CMT8,16.562166849772137,10.78533,106.67029
2025-08-16 12:00:00+07:00,CMT8,14.802541732788086,10.78533,106.67029
2025-08-16 13:00:00+07:00,CMT8,20.352583249409992,10.78533,106.67029
2025-08-16 14:00:00+07:00,CMT8,47.56941636403402,10.78533,106.67029
2025-08-16 15:00:00+07:00,CMT8,63.860541661580406,10.78533,106.67029
2025-08-16 16:00:00+07:00,CMT8,53.25408363342285,10.78533,106.67029
2025-08-16 17:00:00+07:00,CMT8,37.21016597747803,10.78533,106.67029
2025-08-16 18:00:00+07:00,CMT8,22.352500120798748,10.78533,106.67029
2025-08-16 19:00:00+07:00,CMT8,23.625416437784832,10.78533,106.67029
2025-08-16 20:00:00+07:00,CMT8,22.775541464487713,10.78533,106.67029
2025-08-16 21:00:00+07:00,CMT8,26.017958641052246,10.78533,106.67029
2025-08-16 22:00:00+07:00,CMT8,29.861499945322674,10.78533,106.67029
2025-08-16 23:00:00+07:00,CMT8,34.39808305104574,10.78533,106.67029
2025-08-17 00:00:00+07:00,CMT8,24.74850018819173,10.78533,106.67029
2025-08-17 01:00:00+07:00,CMT8,41.219041188557945,10.78533,106.67029
2025-08-17 02:00:00+07:00,CMT8,30.668999989827473,10.78533,106.67029
2025-08-17 03:00:00+07:00,CMT8,22.482875029246014,10.78533,106.67029
2025-08-17 04:00:00+07:00,CMT8,30.066874980926514,10.78533,106.67029
2025-08-17 05:00:00+07:00,CMT8,35.63908306757609,10.78533,106.67029
2025-08-17 06:00:00+07:00,CMT8,26.874541600545246,10.78533,106.67029
2025-08-17 07:00:00+07:00,CMT8,36.68299992879232,10.78533,106.67029
2025-08-17 08:00:00+07:00,CMT8,21.68262513478597,10.78533,106.67029
2025-08-17 09:00:00+07:00,CMT8,14.991208473841349,10.78533,106.67029
2025-08-17 10:00:00+07:00,CMT8,9.814083298047384,10.78533,106.67029
2025-08-17 11:00:00+07:00,CMT8,8.827791690826416,10.78533,106.67029
2025-08-17 12:00:00+07:00,CMT8,7.298736055692037,10.78533,106.67029
2025-08-17 13:00:00+07:00,CMT8,8.08270831902822,10.78533,106.67029
2025-08-17 14:00:00+07:00,CMT8,9.006124893824259,10.78533,106.67029
2025-08-17 15:00:00+07:00,CMT8,12.149249792098999,10.78533,106.67029
2025-08-17 16:00:00+07:00,CMT8,17.04337501525879,10.78533,106.67029
2025-08-17 17:00:00+07:00,CMT8,37.69787470499674,10.78533,106.67029
2025-08-17 18:00:00+07:00,CMT8,38.53349939982096,10.78533,106.67029
2025-08-17 19:00:00+07:00,CMT8,37.553041776021324,10.78533,106.67029
2025-08-17 20:00:00+07:00,CMT8,43.33245817820231,10.78533,106.67029
2025-08-17 21:00:00+07:00,CMT8,30.493207931518555,10.78533,106.67029
2025-08-17 22:00:00+07:00,CMT8,13.944499810536703,10.78533,106.67029
2025-08-17 23:00:00+07:00,CMT8,16.15458353360494,10.78533,106.67029
2025-08-18 00:00:00+07:00,CMT8,17.99791653951009,10.78533,106.67029
2025-08-18 01:00:00+07:00,CMT8,15.44041657447815,10.78533,106.67029
2025-08-18 02:00:00+07:00,CMT8,11.924874941507975,10.78533,106.67029
2025-08-18 03:00:00+07:00,CMT8,14.555361111958822,10.78533,106.67029
2025-08-18 04:00:00+07:00,CMT8,20.116416613260906,10.78533,106.67029
2025-08-18 05:00:00+07:00,CMT8,27.4944167137146,10.78533,106.67029
2025-08-18 06:00:00+07:00,CMT8,32.20673624674479,10.78533,106.67029
2025-08-18 07:00:00+07:00,CMT8,37.377416133880615,10.78533,106.67029
2025-08-18 08:00:00+07:00,CMT8,37.19541676839193,10.78533,106.67029
2025-08-18 09:00:00+07:00,CMT8,32.60787487030029,10.78533,106.67029
2025-08-18 10:00:00+07:00,CMT8,27.171124776204426,10.78533,106.67029
2025-08-18 11:00:00+07:00,CMT8,25.71162494023641,10.78533,106.67029
2025-08-18 12:00:00+07:00,CMT8,18.527916590372723,10.78533,106.67029
2025-08-18 13:00:00+07:00,CMT8,17.564625024795532,10.78533,106.67029
2025-08-18 14:00:00+07:00,CMT8,13.96358331044515,10.78533,106.67029
2025-08-18 15:00:00+07:00,CMT8,14.572458346684774,10.78533,106.67029
2025-08-18 16:00:00+07:00,CMT8,17.309125185012817,10.78533,106.67029
2025-08-18 17:00:00+07:00,CMT8,23.906749884287517,10.78533,106.67029
2025-08-18 18:00:00+07:00,CMT8,33.430750052134194,10.78533,106.67029
2025-08-18 19:00:00+07:00,CMT8,44.95991738637289,10.78533,106.67029
2025-08-18 20:00:00+07:00,CMT8,40.42562516530355,10.78533,106.67029
2025-08-18 21:00:00+07:00,CMT8,33.165333112080894,10.78533,106.67029
2025-08-18 22:00:00+07:00,CMT8,34.285332997639976,10.78533,106.67029
2025-08-18 23:00:00+07:00,CMT8,20.604999860127766,10.78533,106.67029
2025-08-19 00:00:00+07:00,CMT8,25.328208446502686,10.78533,106.67029
2025-08-19 01:00:00+07:00,CMT8,31.216749986012776,10.78533,106.67029
2025-08-19 02:00:00+07:00,CMT8,47.35087505976359,10.78533,106.67029
2025-08-19 03:00:00+07:00,CMT8,35.428749879201256,10.78533,106.67029
2025-08-19 04:00:00+07:00,CMT8,26.706416924794514,10.78533,106.67029
2025-08-19 05:00:00+07:00,CMT8,32.15808375676473,10.78533,106.67029
2025-08-19 06:00:00+07:00,CMT8,37.348832766215004,10.78533,106.67029
2025-08-19 07:00:00+07:00,CMT8,38.74254194895426,10.78533,106.67029
2025-08-19 08:00:00+07:00,CMT8,39.70733324686686,10.78533,106.67029
2025-08-19 09:00:00+07:00,CMT8,37.06373596191406,10.78533,106.67029
2025-08-19 10:00:00+07:00,CMT8,39.13170846303304,10.78533,106.67029
2025-08-19 11:00:00+07:00,CMT8,35.71999979019165,10.78533,106.67029
2025-08-19 12:00:00+07:00,CMT8,30.780874888102215,10.78533,106.67029
2025-08-19 13:00:00+07:00,CMT8,33.40579207738241,10.78533,106.67029
2025-08-19 14:00:00+07:00,CMT8,30.32504177093506,10.78533,106.67029
2025-08-19 15:00:00+07:00,CMT8,23.054625193277996,10.78533,106.67029
2025-08-19 16:00:00+07:00,CMT8,32.44374958674113,10.78533,106.67029
2025-08-19 17:00:00+07:00,CMT8,37.93804105122884,10.78533,106.67029
2025-08-19 18:00:00+07:00,CMT8,35.49504280090332,10.78533,106.67029
2025-08-19 19:00:00+07:00,CMT8,44.3664166132609,10.78533,106.67029
2025-08-19 20:00:00+07:00,CMT8,62.26037470499674,10.78533,106.67029
2025-08-19 21:00:00+07:00,CMT8,61.66470909118652,10.78533,106.67029
2025-08-19 22:00:00+07:00,CMT8,49.93000062306722,10.78533,106.67029
2025-08-19 23:00:00+07:00,CMT8,50.49641672770182,10.78533,106.67029
2025-08-20 00:00:00+07:00,CMT8,39.525208155314125,10.78533,106.67029
2025-08-20 01:00:00+07:00,CMT8,31.926833311716717,10.78533,106.67029
2025-08-20 02:00:00+07:00,CMT8,30.980416615804035,10.78533,106.67029
2025-08-20 03:00:00+07:00,CMT8,25.47179142634074,10.78533,106.67029
2025-08-20 04:00:00+07:00,CMT8,24.100791931152344,10.78533,106.67029
2025-08-20 05:00:00+07:00,CMT8,26.75516684850057,10.78533,106.67029
2025-08-20 06:00:00+07:00,CMT8,31.424333254496258,10.78533,106.67029
2025-08-20 07:00:00+07:00,CMT8,37.646291414896645,10.78533,106.67029
2025-08-20 08:00:00+07:00,CMT8,44.18577263571999,10.78533,106.67029
2025-08-20 09:00:00+07:00,CMT8,42.80348448319869,10.78533,106.67029
2025-08-20 10:00:00+07:00,CMT8,32.884124755859375,10.78533,106.67029
2025-08-20 11:00:00+07:00,CMT8,38.69798355102539,10.78533,106.67029
2025-08-20 12:00:00+07:00,CMT8,42.364583333333336,10.78533,106.67029
2025-08-20 13:00:00+07:00,CMT8,38.93962542215983,10.78533,106.67029
2025-08-20 14:00:00+07:00,CMT8,36.496500651041664,10.78533,106.67029
2025-08-20 15:00:00+07:00,CMT8,37.11099942525228,10.78533,106.67029
2025-08-20 16:00:00+07:00,CMT8,40.09654140472412,10.78533,106.67029
2025-08-20 17:00:00+07:00,CMT8,72.87383302052815,10.78533,106.67029
2025-08-20 18:00:00+07:00,CMT8,65.66675059000652,10.78533,106.67029
2025-08-20 19:00:00+07:00,CMT8,53.92437553405762,10.78533,106.67029
2025-08-20 20:00:00+07:00,CMT8,61.14433352152506,10.78533,106.67029
2025-08-20 21:00:00+07:00,CMT8,38.022583961486816,10.78533,106.67029
2025-08-20 22:00:00+07:00,CMT8,25.718583345413208,10.78533,106.67029
2025-08-20 23:00:00+07:00,CMT8,28.0360000928243,10.78533,106.67029
2025-08-21 00:00:00+07:00,CMT8,30.976000785827637,10.78533,106.67029
2025-08-21 01:00:00+07:00,CMT8,33.74479087193807,10.78533,106.67029
2025-08-21 02:00:00+07:00,CMT8,28.973333199818928,10.78533,106.67029
2025-08-21 03:00:00+07:00,CMT8,22.45158338546753,10.78533,106.67029
2025-08-21 04:00:00+07:00,CMT8,10.323333303133646,10.78533,106.67029
2025-08-21 05:00:00+07:00,CMT8,5.617916663487752,10.78533,106.67029
2025-08-21 06:00:00+07:00,CMT8,11.357272668318315,10.78533,106.67029
2025-08-21 07:00:00+07:00,CMT8,19.896416982014973,10.78533,106.67029
2025-08-21 08:00:00+07:00,CMT8,19.323416471481323,10.78533,106.67029
2025-08-21 09:00:00+07:00,CMT8,28.643166700998943,10.78533,106.67029
2025-08-21 10:00:00+07:00,CMT8,25.937541484832764,10.78533,106.67029
2025-08-21 11:00:00+07:00,CMT8,25.859222094217937,10.78533,106.67029
2025-08-21 12:00:00+07:00,CMT8,30.641374588012695,10.78533,106.67029
2025-08-21 13:00:00+07:00,CMT8,17.983041922251385,10.78533,106.67029
2025-08-21 14:00:00+07:00,CMT8,16.307083288828533,10.78533,106.67029
2025-08-21 15:00:00+07:00,CMT8,15.180041710535685,10.78533,106.67029
2025-08-21 16:00:00+07:00,CMT8,16.76729194323222,10.78533,106.67029
2025-08-21 17:00:00+07:00,CMT8,20.98033356666565,10.78533,106.67029
2025-08-21 18:00:00+07:00,CMT8,25.07466681798299,10.78533,106.67029
2025-08-21 19:00:00+07:00,CMT8,28.266291618347168,10.78533,106.67029
2025-08-21 20:00:00+07:00,CMT8,27.414249897003174,10.78533,106.67029
2025-08-21 21:00:00+07:00,CMT8,10.96345829963684,10.78533,106.67029
2025-08-21 22:00:00+07:00,CMT8,16.61574987570445,10.78533,106.67029
2025-08-21 23:00:00+07:00,CMT8,34.61970822016398,10.78533,106.67029
2025-08-22 00:00:00+07:00,CMT8,18.76949977874756,10.78533,106.67029
2025-08-22 01:00:00+07:00,CMT8,28.730374654134113,10.78533,106.67029
2025-08-22 02:00:00+07:00,CMT8,35.82237529754639,10.78533,106.67029
2025-08-22 03:00:00+07:00,CMT8,14.952458302179972,10.78533,106.67029
2025-08-22 04:00:00+07:00,CMT8,9.341541727383932,10.78533,106.67029
2025-08-22 05:00:00+07:00,CMT8,11.407500187555948,10.78533,106.67029
2025-08-22 06:00:00+07:00,CMT8,19.461000124613445,10.78533,106.67029
2025-08-22 07:00:00+07:00,CMT8,28.404083251953125,10.78533,106.67029
2025-08-22 08:00:00+07:00,CMT8,25.357750097910564,10.78533,106.67029
2025-08-22 09:00:00+07:00,CMT8,17.48895851771037,10.78533,106.67029
2025-08-22 10:00:00+07:00,CMT8,27.33654197057088,10.78533,106.67029
2025-08-22 11:00:00+07:00,CMT8,26.10962502161662,10.78533,106.67029
2025-08-22 12:00:00+07:00,CMT8,24.693541685740154,10.78533,106.67029
2025-08-22 13:00:00+07:00,CMT8,20.350708325703938,10.78533,106.67029
2025-08-22 14:00:00+07:00,CMT8,20.487083435058594,10.78533,106.67029
2025-08-22 15:00:00+07:00,CMT8,24.83258326848348,10.78533,106.67029
2025-08-22 16:00:00+07:00,CMT8,33.613083839416504,10.78533,106.67029
2025-08-22 17:00:00+07:00,CMT8,32.37791633605957,10.78533,106.67029
2025-08-22 18:00:00+07:00,CMT8,30.242999871571858,10.78533,106.67029
2025-08-22 19:00:00+07:00,CMT8,35.112874031066895,10.78533,106.67029
2025-08-22 20:00:00+07:00,CMT8,32.942000230153404,10.78533,106.67029
2025-08-22 21:00:00+07:00,CMT8,28.9017915725708,10.78533,106.67029
2025-08-22 22:00:00+07:00,CMT8,31.210124651590984,10.78533,106.67029
2025-08-22 23:00:00+07:00,CMT8,26.5767502784729,10.78533,106.67029
2025-08-23 00:00:00+07:00,CMT8,22.30062484741211,10.78533,106.67029
2025-08-23 01:00:00+07:00,CMT8,15.276875019073486,10.78533,106.67029
2025-08-23 02:00:00+07:00,CMT8,10.944708347320557,10.78533,106.67029
2025-08-23 03:00:00+07:00,CMT8,11.907750050226847,10.78533,106.67029
2025-08-23 04:00:00+07:00,CMT8,9.648208220799765,10.78533,106.67029
2025-08-23 05:00:00+07:00,CMT8,11.004416704177856,10.78533,106.67029
2025-08-23 06:00:00+07:00,CMT8,16.475208202997845,10.78533,106.67029
2025-08-23 07:00:00+07:00,CMT8,27.914583206176758,10.78533,106.67029
2025-08-23 08:00:00+07:00,CMT8,36.52158387502035,10.78533,106.67029
2025-08-23 09:00:00+07:00,CMT8,38.71879084904989,10.78533,106.67029
2025-08-23 10:00:00+07:00,CMT8,17.93724997838338,10.78533,106.67029
2025-08-23 11:00:00+07:00,CMT8,15.25433341662089,10.78533,106.67029
2025-08-23 12:00:00+07:00,CMT8,13.507958253224691,10.78533,106.67029
2025-08-23 13:00:00+07:00,CMT8,23.614624818166096,10.78533,106.67029
2025-08-23 14:00:00+07:00,CMT8,38.63212442398071,10.78533,106.67029
2025-08-23 15:00:00+07:00,CMT8,32.90345859527588,10.78533,106.67029
2025-08-23 16:00:00+07:00,CMT8,26.10599994659424,10.78533,106.67029
2025-08-23 17:00:00+07:00,CMT8,35.04345814387003,10.78533,106.67029
2025-08-23 18:00:00+07:00,CMT8,37.82208267847697,10.78533,106.67029
2025-08-23 19:00:00+07:00,CMT8,37.7514591217041,10.78533,106.67029
2025-08-23 20:00:00+07:00,CMT8,41.044833183288574,10.78533,106.67029
2025-08-23 21:00:00+07:00,CMT8,30.120666980743408,10.78533,106.67029
2025-08-23 22:00:00+07:00,CMT8,21.85283311208089,10.78533,106.67029
2025-08-23 23:00:00+07:00,CMT8,19.186457951863606,10.78533,106.67029
2025-08-24 00:00:00+07:00,CMT8,40.73337570826212,10.78533,106.67029
2025-08-24 01:00:00+07:00,CMT8,21.875916798909504,10.78533,106.67029
2025-08-24 02:00:00+07:00,CMT8,41.916916370391846,10.78533,106.67029
2025-08-24 03:00:00+07:00,CMT8,26.143958568572998,10.78533,106.67029
2025-08-24 04:00:00+07:00,CMT8,32.65745814641317,10.78533,106.67029
2025-08-24 05:00:00+07:00,CMT8,17.606666485468548,10.78533,106.67029
2025-08-24 06:00:00+07:00,CMT8,15.874499877293905,10.78533,106.67029
2025-08-24 07:00:00+07:00,CMT8,21.985166708628338,10.78533,106.67029
2025-08-24 08:00:00+07:00,CMT8,20.70270840326945,10.78533,106.67029
2025-08-24 09:00:00+07:00,CMT8,17.22808329264323,10.78533,106.67029
2025-08-24 10:00:00+07:00,CMT8,12.906583388646444,10.78533,106.67029
2025-08-24 11:00:00+07:00,CMT8,11.54199997584025,10.78533,106.67029
2025-08-24 12:00:00+07:00,CMT8,13.336666782697042,10.78533,106.67029
2025-08-24 13:00:00+07:00,CMT8,21.452791849772137,10.78533,106.67029
2025-08-24 14:00:00+07:00,CMT8,25.644333203633625,10.78533,106.67029
2025-08-24 15:00:00+07:00,CMT8,43.25812530517578,10.78533,106.67029
2025-08-24 16:00:00+07:00,CMT8,22.720458507537842,10.78533,106.67029
2025-08-24 17:00:00+07:00,CMT8,14.129763841629028,10.78533,106.67029
2025-08-24 18:00:00+07:00,CMT8,14.559791843096415,10.78533,106.67029
2025-08-24 19:00:00+07:00,CMT8,13.609583417574564,10.78533,106.67029
2025-08-24 20:00:00+07:00,CMT8,12.272291580835978,10.78533,106.67029
2025-08-24 21:00:00+07:00,CMT8,12.596500078837076,10.78533,106.67029
2025-08-24 22:00:00+07:00,CMT8,10.393083294232687,10.78533,106.67029
2025-08-24 23:00:00+07:00,CMT8,9.837041536966959,10.78533,106.67029
2025-08-25 00:00:00+07:00,CMT8,8.476833383242289,10.78533,106.67029
2025-08-25 01:00:00+07:00,CMT8,7.569833358128865,10.78533,106.67029
2025-08-25 02:00:00+07:00,CMT8,8.580291748046875,10.78533,106.67029
2025-08-25 03:00:00+07:00,CMT8,8.725749890009562,10.78533,106.67029
2025-08-25 04:00:00+07:00,CMT8,6.649333357810974,10.78533,106.67029
2025-08-25 05:00:00+07:00,CMT8,6.466708302497864,10.78533,106.67029
2025-08-25 06:00:00+07:00,CMT8,10.765458424886068,10.78533,106.67029
2025-08-25 07:00:00+07:00,CMT8,16.108208576838177,10.78533,106.67029
2025-08-25 08:00:00+07:00,CMT8,18.572374900182087,10.78533,106.67029
2025-08-25 09:00:00+07:00,CMT8,21.796124935150146,10.78533,106.67029
2025-08-25 10:00:00+07:00,CMT8,12.470166802406311,10.78533,106.67029
2025-08-25 11:00:00+07:00,CMT8,10.201291799545288,10.78533,106.67029
2025-08-25 12:00:00+07:00,CMT8,12.571125109990438,10.78533,106.67029
2025-08-25 13:00:00+07:00,CMT8,9.070916652679443,10.78533,106.67029
2025-08-25 14:00:00+07:00,CMT8,10.210500200589498,10.78533,106.67029
2025-08-25 15:00:00+07:00,CMT8,14.831500053405762,10.78533,106.67029
2025-08-25 16:00:00+07:00,CMT8,11.825791835784912,10.78533,106.67029
2025-08-25 17:00:00+07:00,CMT8,17.11399992307027,10.78533,106.67029
2025-08-25 18:00:00+07:00,CMT8,18.329708178838093,10.78533,106.67029
2025-08-25 19:00:00+07:00,CMT8,18.594208081563313,10.78533,106.67029
2025-08-25 20:00:00+07:00,CMT8,22.424833297729492,10.78533,106.67029
2025-08-25 21:00:00+07:00,CMT8,10.517041683197021,10.78533,106.67029
2025-08-25 22:00:00+07:00,CMT8,12.461333274841309,10.78533,106.67029
2025-08-25 23:00:00+07:00,CMT8,11.758541742960611,10.78533,106.67029
2025-08-26 00:00:00+07:00,CMT8,12.569833437601725,10.78533,106.67029
2025-08-26 01:00:00+07:00,CMT8,12.538166761398315,10.78533,106.67029
2025-08-26 02:00:00+07:00,CMT8,10.059791803359985,10.78533,106.67029
2025-08-26 03:00:00+07:00,CMT8,8.336000005404154,10.78533,106.67029
2025-08-26 04:00:00+07:00,CMT8,8.521250049273172,10.78533,106.67029
2025-08-26 05:00:00+07:00,CMT8,11.086291631062826,10.78533,106.67029
2025-08-26 06:00:00+07:00,CMT8,18.024208466211956,10.78533,106.67029
2025-08-26 07:00:00+07:00,CMT8,26.20229148864746,10.78533,106.67029
2025-08-26 08:00:00+07:00,CMT8,23.230375210444134,10.78533,106.67029
2025-08-26 09:00:00+07:00,CMT8,18.0044584274292,10.78533,106.67029
2025-08-26 10:00:00+07:00,CMT8,34.015583515167236,10.78533,106.67029
2025-08-26 11:00:00+07:00,CMT8,42.59612496693929,10.78533,106.67029
2025-08-26 12:00:00+07:00,CMT8,47.95304203033447,10.78533,106.67029
2025-08-26 13:00:00+07:00,CMT8,46.21654256184896,10.78533,106.67029
2025-08-26 14:00:00+07:00,CMT8,26.170000235239666,10.78533,106.67029
2025-08-26 15:00:00+07:00,CMT8,16.77941640218099,10.78533,106.67029
2025-08-26 16:00:00+07:00,CMT8,18.765125115712483,10.78533,106.67029
2025-08-26 17:00:00+07:00,CMT8,21.78576397895813,10.78533,106.67029
2025-08-26 18:00:00+07:00,CMT8,20.13866662979126,10.78533,106.67029
2025-08-26 19:00:00+07:00,CMT8,26.893750031789143,10.78533,106.67029
2025-08-26 20:00:00+07:00,CMT8,37.10641670227051,10.78533,106.67029
2025-08-26 21:00:00+07:00,CMT8,37.95079199473063,10.78533,106.67029
2025-08-26 22:00:00+07:00,CMT8,42.85895824432373,10.78533,106.67029
2025-08-26 23:00:00+07:00,CMT8,39.10170873006185,10.78533,106.67029
2025-08-27 00:00:00+07:00,CMT8,42.146499951680504,10.78533,106.67029
2025-08-27 01:00:00+07:00,CMT8,29.724082787831623,10.78533,106.67029
2025-08-27 02:00:00+07:00,CMT8,23.699180444081623,10.78533,106.67029
2025-08-27 03:00:00+07:00,CMT8,21.436708450317383,10.78533,106.67029
2025-08-27 04:00:00+07:00,CMT8,21.848541736602783,10.78533,106.67029
2025-08-27 05:00:00+07:00,CMT8,22.877624988555908,10.78533,106.67029
2025-08-27 06:00:00+07:00,CMT8,32.28379201889038,10.78533,106.67029
2025-08-27 07:00:00+07:00,CMT8,46.52020835876465,10.78533,106.67029
2025-08-27 08:00:00+07:00,CMT8,49.70206928253174,10.78533,106.67029
2025-08-27 09:00:00+07:00,CMT8,43.77045885721842,10.78533,106.67029
2025-08-27 10:00:00+07:00,CMT8,25.35908317565918,10.78533,106.67029
2025-08-27 11:00:00+07:00,CMT8,18.79004168510437,10.78533,106.67029
2025-08-27 12:00:00+07:00,CMT8,13.463500022888184,10.78533,106.67029
2025-08-27 13:00:00+07:00,CMT8,13.167541662851969,10.78533,106.67029
2025-08-27 14:00:00+07:00,CMT8,17.168583472569782,10.78533,106.67029
2025-08-27 15:00:00+07:00,CMT8,23.08004140853882,10.78533,106.67029
2025-08-27 16:00:00+07:00,CMT8,22.503166675567627,10.78533,106.67029
2025-08-27 17:00:00+07:00,CMT8,32.89654143651327,10.78533,106.67029
2025-08-27 18:00:00+07:00,CMT8,40.30454158782959,10.78533,106.67029
2025-08-27 19:00:00+07:00,CMT8,31.931041558583576,10.78533,106.67029
2025-08-27 20:00:00+07:00,CMT8,32.62825012207031,10.78533,106.67029
2025-08-27 21:00:00+07:00,CMT8,34.39400021235148,10.78533,106.67029
2025-08-27 22:00:00+07:00,CMT8,29.600166241327923,10.78533,106.67029
2025-08-27 23:00:00+07:00,CMT8,18.482041994730633,10.78533,106.67029
2025-08-28 00:00:00+07:00,CMT8,25.318124930063885,10.78533,106.67029
2025-08-28 01:00:00+07:00,CMT8,25.60558319091797,10.78533,106.67029
2025-08-28 02:00:00+07:00,CMT8,16.470208326975506,10.78533,106.67029
2025-08-28 03:00:00+07:00,CMT8,17.536666711171467,10.78533,106.67029
2025-08-28 04:00:00+07:00,CMT8,18.43304173151652,10.78533,106.67029
2025-08-28 05:00:00+07:00,CMT8,16.371833165486652,10.78533,106.67029
2025-08-28 06:00:00+07:00,CMT8,25.10008366902669,10.78533,106.67029
2025-08-28 07:00:00+07:00,CMT8,30.928083260854084,10.78533,106.67029
2025-08-28 08:00:00+07:00,CMT8,43.297791481018066,10.78533,106.67029
2025-08-28 09:00:00+07:00,CMT8,40.0496244430542,10.78533,106.67029
2025-08-28 10:00:00+07:00,CMT8,26.0577499071757,10.78533,106.67029
2025-08-28 11:00:00+07:00,CMT8,15.731583515803019,10.78533,106.67029
2025-08-28 12:00:00+07:00,CMT8,13.926250139872232,10.78533,106.67029
2025-08-28 13:00:00+07:00,CMT8,16.115583181381226,10.78533,106.67029
2025-08-28 14:00:00+07:00,CMT8,11.365333398183187,10.78533,106.67029
2025-08-28 15:00:00+07:00,CMT8,16.436875025431316,10.78533,106.67029
2025-08-28 16:00:00+07:00,CMT8,25.376208464304607,10.78533,106.67029
2025-08-28 17:00:00+07:00,CMT8,25.905208269755047,10.78533,106.67029
2025-08-28 18:00:00+07:00,CMT8,36.52504253387451,10.78533,106.67029
2025-08-28 19:00:00+07:00,CMT8,25.804708242416382,10.78533,106.67029
2025-08-28 20:00:00+07:00,CMT8,16.396958351135254,10.78533,106.67029
2025-08-28 21:00:00+07:00,CMT8,13.797791560490927,10.78533,106.67029
2025-08-28 22:00:00+07:00,CMT8,18.736541589101154,10.78533,106.67029
2025-08-28 23:00:00+07:00,CMT8,37.64587593078613,10.78533,106.67029
2025-08-29 00:00:00+07:00,CMT8,35.714457988739014,10.78533,106.67029
2025-08-29 01:00:00+07:00,CMT8,36.411707719167076,10.78533,106.67029
2025-08-29 02:00:00+07:00,CMT8,37.502125104268394,10.78533,106.67029
2025-08-29 03:00:00+07:00,CMT8,33.78941631317139,10.78533,106.67029
2025-08-29 04:00:00+07:00,CMT8,31.993416627248127,10.78533,106.67029
2025-08-29 05:00:00+07:00,CMT8,32.975916385650635,10.78533,106.67029
2025-08-29 06:00:00+07:00,CMT8,30.966500282287598,10.78533,106.67029
2025-08-29 07:00:00+07:00,CMT8,39.39104143778483,10.78533,106.67029
2025-08-29 08:00:00+07:00,CMT8,44.35004170735677,10.78533,106.67029
2025-08-29 09:00:00+07:00,CMT8,42.17691739400228,10.78533,106.67029
2025-08-29 10:00:00+07:00,CMT8,31.346375306447346,10.78533,106.67029
2025-08-29 11:00:00+07:00,CMT8,23.814916690190632,10.78533,106.67029
2025-08-29 12:00:00+07:00,CMT8,49.19775025049845,10.78533,106.67029
2025-08-29 13:00:00+07:00,CMT8,14.243972222010294,10.78533,106.67029
2025-08-29 14:00:00+07:00,CMT8,17.829166809717815,10.78533,106.67029
2025-08-29 15:00:00+07:00,CMT8,16.374972105026245,10.78533,106.67029
2025-08-29 16:00:00+07:00,CMT8,14.677513917287191,10.78533,106.67029
2025-08-29 17:00:00+07:00,CMT8,15.404541810353598,10.78533,106.67029
2025-08-29 18:00:00+07:00,CMT8,18.775041500727337,10.78533,106.67029
2025-08-29 19:00:00+07:00,CMT8,11.97879139582316,10.78533,106.67029
2025-08-29 20:00:00+07:00,CMT8,17.267333189646404,10.78533,106.67029
2025-08-29 21:00:00+07:00,CMT8,25.85729153951009,10.78533,106.67029
2025-08-29 22:00:00+07:00,CMT8,31.836374759674072,10.78533,106.67029
2025-08-29 23:00:00+07:00,CMT8,24.81166712443034,10.78533,106.67029
2025-08-30 00:00:00+07:00,CMT8,36.8529577255249,10.78533,106.67029
2025-08-30 01:00:00+07:00,CMT8,39.72666645050049,10.78533,106.67029
2025-08-30 02:00:00+07:00,CMT8,36.21287441253662,10.78533,106.67029
2025-08-30 03:00:00+07:00,CMT8,45.02379131317139,10.78533,106.67029
2025-08-30 04:00:00+07:00,CMT8,37.57579151789347,10.78533,106.67029
2025-08-30 05:00:00+07:00,CMT8,20.961249987284344,10.78533,106.67029
2025-08-30 06:00:00+07:00,CMT8,20.527791500091553,10.78533,106.67029
2025-08-30 07:00:00+07:00,CMT8,36.55154148737589,10.78533,106.67029
2025-08-30 08:00:00+07:00,CMT8,45.735833485921226,10.78533,106.67029
2025-08-30 09:00:00+07:00,CMT8,41.11395835876465,10.78533,106.67029
2025-08-30 10:00:00+07:00,CMT8,26.68204132715861,10.78533,106.67029
2025-08-30 11:00:00+07:00,CMT8,30.151833057403564,10.78533,106.67029
2025-08-30 12:00:00+07:00,CMT8,22.662750164667766,10.78533,106.67029
2025-08-30 13:00:00+07:00,CMT8,16.555416742960613,10.78533,106.67029
2025-08-30 14:00:00+07:00,CMT8,16.24912492434184,10.78533,106.67029
2025-08-30 15:00:00+07:00,CMT8,23.628041744232178,10.78533,106.67029
2025-08-30 16:00:00+07:00,CMT8,23.282333215077717,10.78533,106.67029
2025-08-30 17:00:00+07:00,CMT8,13.974041620890299,10.78533,106.67029
2025-08-30 18:00:00+07:00,CMT8,18.30512507756551,10.78533,106.67029
2025-08-30 19:00:00+07:00,CMT8,25.979374885559082,10.78533,106.67029
2025-08-30 20:00:00+07:00,CMT8,27.207249800364178,10.78533,106.67029
2025-08-30 21:00:00+07:00,CMT8,34.75779183705648,10.78533,106.67029
2025-08-30 22:00:00+07:00,CMT8,33.58212471008301,10.78533,106.67029
2025-08-30 23:00:00+07:00,CMT8,36.54566669464111,10.78533,106.67029
2025-08-31 00:00:00+07:00,CMT8,28.553374926249187,10.78533,106.67029
2025-08-31 01:00:00+07:00,CMT8,28.592958609263103,10.78533,106.67029
2025-08-31 02:00:00+07:00,CMT8,16.896124998728435,10.78533,106.67029
2025-08-31 03:00:00+07:00,CMT8,18.361124992370605,10.78533,106.67029
2025-08-31 04:00:00+07:00,CMT8,18.065208276112873,10.78533,106.67029
2025-08-31 05:00:00+07:00,CMT8,20.64966646830241,10.78533,106.67029
2025-08-31 06:00:00+07:00,CMT8,20.695666313171387,10.78533,106.67029
2025-08-31 07:00:00+07:00,CMT8,26.209875106811523,10.78533,106.67029
2025-08-31 08:00:00+07:00,CMT8,29.410083452860516,10.78533,106.67029
2025-08-31 09:00:00+07:00,CMT8,25.09558359781901,10.78533,106.67029
2025-08-31 10:00:00+07:00,CMT8,16.529208183288574,10.78533,106.67029
2025-08-31 11:00:00+07:00,CMT8,20.09820826848348,10.78533,106.67029
2025-08-31 12:00:00+07:00,CMT8,26.0653338432312,10.78533,106.67029
2025-08-31 13:00:00+07:00,CMT8,15.245041529337565,10.78533,106.67029
2025-08-31 14:00:00+07:00,CMT8,11.497458457946777,10.78533,106.67029
2025-08-31 15:00:00+07:00,CMT8,10.80537486076355,10.78533,106.67029
2025-08-31 16:00:00+07:00,CMT8,11.32824993133545,10.78533,106.67029
2025-08-31 17:00:00+07:00,CMT8,14.199041763941446,10.78533,106.67029
2025-08-31 18:00:00+07:00,CMT8,23.83174991607666,10.78533,106.67029
2025-08-31 19:00:00+07:00,CMT8,25.035749912261963,10.78533,106.67029
2025-08-31 20:00:00+07:00,CMT8,33.69654178619385,10.78533,106.67029
2025-08-31 21:00:00+07:00,CMT8,22.496041774749756,10.78533,106.67029
2025-08-31 22:00:00+07:00,CMT8,27.480666796366375,10.78533,106.67029
2025-08-31 23:00:00+07:00,CMT8,20.344916820526123,10.78533,106.67029
2025-09-01 00:00:00+07:00,CMT8,27.16829188664754,10.78533,106.67029
2025-09-01 01:00:00+07:00,CMT8,17.61787470181783,10.78533,106.67029
2025-09-01 02:00:00+07:00,CMT8,16.793624877929688,10.78533,106.67029
2025-09-01 03:00:00+07:00,CMT8,18.30187527338664,10.78533,106.67029
2025-09-01 04:00:00+07:00,CMT8,14.86062510808309,10.78533,106.67029
2025-09-01 05:00:00+07:00,CMT8,16.739000002543133,10.78533,106.67029
2025-09-01 06:00:00+07:00,CMT8,20.052166779836018,10.78533,106.67029
2025-09-01 07:00:00+07:00,CMT8,30.213541825612385,10.78533,106.67029
2025-09-01 08:00:00+07:00,CMT8,22.168333053588867,10.78533,106.67029
2025-09-01 09:00:00+07:00,CMT8,29.7067498366038,10.78533,106.67029
2025-09-01 10:00:00+07:00,CMT8,16.224833408991497,10.78533,106.67029
2025-09-01 11:00:00+07:00,CMT8,10.838194410006205,10.78533,106.67029
2025-09-01 12:00:00+07:00,CMT8,11.603930632273356,10.78533,106.67029
2025-09-01 13:00:00+07:00,CMT8,8.938083330790201,10.78533,106.67029
2025-09-01 14:00:00+07:00,CMT8,9.74875009059906,10.78533,106.67029
2025-09-01 15:00:00+07:00,CMT8,12.143916646639505,10.78533,106.67029
2025-09-01 16:00:00+07:00,CMT8,34.68522294362386,10.78533,106.67029
2025-09-01 17:00:00+07:00,CMT8,23.968791643778484,10.78533,106.67029
2025-09-01 18:00:00+07:00,CMT8,15.7988334496816,10.78533,106.67029
2025-09-01 19:00:00+07:00,CMT8,13.924958229064941,10.78533,106.67029
2025-09-01 20:00:00+07:00,CMT8,15.37891674041748,10.78533,106.67029
2025-09-01 21:00:00+07:00,CMT8,16.74791677792867,10.78533,106.67029
2025-09-01 22:00:00+07:00,CMT8,16.09808325767517,10.78533,106.67029
2025-09-01 23:00:00+07:00,CMT8,12.364208420117697,10.78533,106.67029
2025-09-02 00:00:00+07:00,CMT8,7.552666703859965,10.78533,106.67029
2025-09-02 01:00:00+07:00,CMT8,9.53962500890096,10.78533,106.67029
2025-09-02 02:00:00+07:00,CMT8,10.536916653315226,10.78533,106.67029
2025-09-02 03:00:00+07:00,CMT8,6.189124981562297,10.78533,106.67029
2025-09-02 04:00:00+07:00,CMT8,7.42633334795634,10.78533,106.67029
2025-09-02 05:00:00+07:00,CMT8,11.925458272298178,10.78533,106.67029
2025-09-02 06:00:00+07:00,CMT8,15.267125050226847,10.78533,106.67029
2025-09-02 07:00:00+07:00,CMT8,24.540791829427082,10.78533,106.67029
2025-09-02 08:00:00+07:00,CMT8,23.688042004903156,10.78533,106.67029
2025-09-02 09:00:00+07:00,CMT8,25.119625091552734,10.78533,106.67029
2025-09-02 10:00:00+07:00,CMT8,15.131583531697592,10.78533,106.67029
2025-09-02 11:00:00+07:00,CMT8,14.300097306569418,10.78533,106.67029
2025-09-02 12:00:00+07:00,CMT8,22.668749968210857,10.78533,106.67029
2025-09-02 13:00:00+07:00,CMT8,9.619499882062277,10.78533,106.67029
2025-09-02 14:00:00+07:00,CMT8,10.473333438237509,10.78533,106.67029
2025-09-02 15:00:00+07:00,CMT8,12.053736209869385,10.78533,106.67029
2025-09-02 16:00:00+07:00,CMT8,14.72997228304545,10.78533,106.67029
2025-09-02 17:00:00+07:00,CMT8,13.307666818300882,10.78533,106.67029
2025-09-02 18:00:00+07:00,CMT8,20.58025026321411,10.78533,106.67029
2025-09-02 19:00:00+07:00,CMT8,26.0214999516805,10.78533,106.67029
2025-09-02 20:00:00+07:00,CMT8,24.784207979838055,10.78533,106.67029
2025-09-02 21:00:00+07:00,CMT8,18.31391668319702,10.78533,106.67029
2025-09-02 22:00:00+07:00,CMT8,14.821208159128824,10.78533,106.67029
2025-09-02 23:00:00+07:00,CMT8,13.867791732152304,10.78533,106.67029
2025-09-03 00:00:00+07:00,CMT8,6.1652915477752686,10.78533,106.67029
2025-09-03 01:00:00+07:00,CMT8,3.816277801990509,10.78533,106.67029
2025-09-03 02:00:00+07:00,CMT8,5.577291647593181,10.78533,106.67029
2025-09-03 03:00:00+07:00,CMT8,8.495375037193298,10.78533,106.67029
2025-09-03 04:00:00+07:00,CMT8,11.71666661898295,10.78533,106.67029
2025-09-03 05:00:00+07:00,CMT8,13.041916767756144,10.78533,106.67029
2025-09-03 06:00:00+07:00,CMT8,15.830291430155436,10.78533,106.67029
2025-09-03 07:00:00+07:00,CMT8,21.047916889190674,10.78533,106.67029
2025-09-03 08:00:00+07:00,CMT8,25.60354169209798,10.78533,106.67029
2025-09-03 09:00:00+07:00,CMT8,21.737458388010662,10.78533,106.67029
2025-09-03 10:00:00+07:00,CMT8,21.57104190190633,10.78533,106.67029
2025-09-03 11:00:00+07:00,CMT8,22.958958466847736,10.78533,106.67029
2025-09-03 12:00:00+07:00,CMT8,19.452499628067017,10.78533,106.67029
2025-09-03 13:00:00+07:00,CMT8,11.58608333269755,10.78533,106.67029
2025-09-03 14:00:00+07:00,CMT8,11.41658329963684,10.78533,106.67029
2025-09-03 15:00:00+07:00,CMT8,10.971333344777426,10.78533,106.67029
2025-09-03 16:00:00+07:00,CMT8,13.081486066182455,10.78533,106.67029
2025-09-03 17:00:00+07:00,CMT8,20.6353333791097,10.78533,106.67029
2025-09-03 18:00:00+07:00,CMT8,27.7184583346049,10.78533,106.67029
2025-09-03 19:00:00+07:00,CMT8,25.017430623372395,10.78533,106.67029
2025-09-03 20:00:00+07:00,CMT8,34.73670816421509,10.78533,106.67029
2025-09-03 21:00:00+07:00,CMT8,38.00991662343343,10.78533,106.67029
2025-09-03 22:00:00+07:00,CMT8,33.95766623814901,10.78533,106.67029
2025-09-03 23:00:00+07:00,CMT8,29.523666858673096,10.78533,106.67029
2025-09-04 00:00:00+07:00,CMT8,18.66479182243347,10.78533,106.67029
2025-09-04 01:00:00+07:00,CMT8,19.169999917348225,10.78533,106.67029
2025-09-04 02:00:00+07:00,CMT8,23.17074966430664,10.78533,106.67029
2025-09-04 03:00:00+07:00,CMT8,43.2261110941569,10.78533,106.67029
2025-09-04 04:00:00+07:00,CMT8,24.53516658147176,10.78533,106.67029
2025-09-04 05:00:00+07:00,CMT8,29.342041810353596,10.78533,106.67029
2025-09-04 06:00:00+07:00,CMT8,36.813416481018066,10.78533,106.67029
2025-09-04 07:00:00+07:00,CMT8,36.46870835622152,10.78533,106.67029
2025-09-04 08:00:00+07:00,CMT8,33.363041400909424,10.78533,106.67029
2025-09-04 09:00:00+07:00,CMT8,34.055763721466064,10.78533,106.67029
2025-09-04 10:00:00+07:00,CMT8,39.60511048634847,10.78533,106.67029
2025-09-04 11:00:00+07:00,CMT8,27.454041322072346,10.78533,106.67029
2025-09-04 12:00:00+07:00,CMT8,28.17645851771037,10.78533,106.67029
2025-09-04 13:00:00+07:00,CMT8,24.06418053309123,10.78533,106.67029
2025-09-04 14:00:00+07:00,CMT8,22.089083194732666,10.78533,106.67029
2025-09-04 15:00:00+07:00,CMT8,19.31929151217143,10.78533,106.67029
2025-09-04 16:00:00+07:00,CMT8,28.58591651916504,10.78533,106.67029
2025-09-04 17:00:00+07:00,CMT8,37.72379159927368,10.78533,106.67029
2025-09-04 18:00:00+07:00,CMT8,42.17212454477946,10.78533,106.67029
2025-09-04 19:00:00+07:00,CMT8,33.9777086575826,10.78533,106.67029
2025-09-04 20:00:00+07:00,CMT8,19.47491677602132,10.78533,106.67029
2025-09-04 21:00:00+07:00,CMT8,16.389416615168255,10.78533,106.67029
2025-09-04 22:00:00+07:00,CMT8,11.374958515167236,10.78533,106.67029
2025-09-04 23:00:00+07:00,CMT8,12.366958379745483,10.78533,106.67029
2025-09-05 00:00:00+07:00,CMT8,13.080999930699667,10.78533,106.67029
2025-09-05 01:00:00+07:00,CMT8,14.459749857584635,10.78533,106.67029
2025-09-05 02:00:00+07:00,CMT8,15.73562502861023,10.78533,106.67029
2025-09-05 03:00:00+07:00,CMT8,17.054583311080933,10.78533,106.67029
2025-09-05 04:00:00+07:00,CMT8,19.558222611745197,10.78533,106.67029
2025-09-05 05:00:00+07:00,CMT8,26.717708428700764,10.78533,106.67029
2025-09-05 06:00:00+07:00,CMT8,24.648708661397297,10.78533,106.67029
2025-09-05 07:00:00+07:00,CMT8,29.906041463216145,10.78533,106.67029
2025-09-05 08:00:00+07:00,CMT8,29.559166590372723,10.78533,106.67029
2025-09-05 09:00:00+07:00,CMT8,33.00972286860148,10.78533,106.67029
2025-09-05 10:00:00+07:00,CMT8,39.39804140726725,10.78533,106.67029
2025-09-05 11:00:00+07:00,CMT8,45.48062515258789,10.78533,106.67029
2025-09-05 12:00:00+07:00,CMT8,24.130499998728435,10.78533,106.67029
2025-09-05 13:00:00+07:00,CMT8,19.51337496439616,10.78533,106.67029
2025-09-05 14:00:00+07:00,CMT8,19.586875041325886,10.78533,106.67029
2025-09-05 15:00:00+07:00,CMT8,19.150458176930744,10.78533,106.67029
2025-09-05 16:00:00+07:00,CMT8,28.161500136057537,10.78533,106.67029
2025-09-05 17:00:00+07:00,CMT8,45.180666287740074,10.78533,106.67029
2025-09-05 18:00:00+07:00,CMT8,35.75445810953776,10.78533,106.67029
2025-09-05 19:00:00+07:00,CMT8,23.114458401997883,10.78533,106.67029
2025-09-05 20:00:00+07:00,CMT8,20.163874944051106,10.78533,106.67029
2025-09-05 21:00:00+07:00,CMT8,29.449222405751545,10.78533,106.67029
2025-09-05 22:00:00+07:00,CMT8,26.227749903996784,10.78533,106.67029
2025-09-05 23:00:00+07:00,CMT8,18.876000086466473,10.78533,106.67029
2025-09-06 00:00:00+07:00,CMT8,23.418639341990154,10.78533,106.67029
2025-09-06 01:00:00+07:00,CMT8,16.131625254948933,10.78533,106.67029
2025-09-06 02:00:00+07:00,CMT8,14.43958322207133,10.78533,106.67029
2025-09-06 03:00:00+07:00,CMT8,16.61299999554952,10.78533,106.67029
2025-09-06 04:00:00+07:00,CMT8,18.574499766031902,10.78533,106.67029
2025-09-06 05:00:00+07:00,CMT8,22.224791685740154,10.78533,106.67029
2025-09-06 06:00:00+07:00,CMT8,19.40862512588501,10.78533,106.67029
2025-09-06 07:00:00+07:00,CMT8,27.257624626159668,10.78533,106.67029
2025-09-06 08:00:00+07:00,CMT8,30.447750091552734,10.78533,106.67029
2025-09-06 09:00:00+07:00,CMT8,34.94191710154215,10.78533,106.67029
2025-09-06 10:00:00+07:00,CMT8,28.70620854695638,10.78533,106.67029
2025-09-06 11:00:00+07:00,CMT8,24.894750118255615,10.78533,106.67029
2025-09-06 12:00:00+07:00,CMT8,25.970041433970135,10.78533,106.67029
2025-09-06 13:00:00+07:00,CMT8,26.50600004196167,10.78533,106.67029
2025-09-06 14:00:00+07:00,CMT8,16.99620858828227,10.78533,106.67029
2025-09-06 15:00:00+07:00,CMT8,17.00220839182536,10.78533,106.67029
2025-09-06 16:00:00+07:00,CMT8,22.28783353169759,10.78533,106.67029
2025-09-06 17:00:00+07:00,CMT8,33.23762448628744,10.78533,106.67029
2025-09-06 18:00:00+07:00,CMT8,36.39722220102946,10.78533,106.67029
2025-09-06 19:00:00+07:00,CMT8,26.511416912078857,10.78533,106.67029
2025-09-06 20:00:00+07:00,CMT8,37.110916455586754,10.78533,106.67029
2025-09-06 21:00:00+07:00,CMT8,32.81458314259847,10.78533,106.67029
2025-09-06 22:00:00+07:00,CMT8,31.836541334788006,10.78533,106.67029
2025-09-06 23:00:00+07:00,CMT8,35.86120891571045,10.78533,106.67029
2025-09-07 00:00:00+07:00,CMT8,31.136624813079834,10.78533,106.67029
2025-09-07 01:00:00+07:00,CMT8,20.425625165303547,10.78533,106.67029
2025-09-07 02:00:00+07:00,CMT8,18.959291617075603,10.78533,106.67029
2025-09-07 03:00:00+07:00,CMT8,18.030750115712483,10.78533,106.67029
2025-09-07 04:00:00+07:00,CMT8,14.587999979654947,10.78533,106.67029
2025-09-07 05:00:00+07:00,CMT8,13.476874987284342,10.78533,106.67029
2025-09-07 06:00:00+07:00,CMT8,14.10841671625773,10.78533,106.67029
2025-09-07 07:00:00+07:00,CMT8,19.989916801452637,10.78533,106.67029
2025-09-07 08:00:00+07:00,CMT8,21.373860994974773,10.78533,106.67029
2025-09-07 09:00:00+07:00,CMT8,27.48555564880371,10.78533,106.67029
2025-09-07 10:00:00+07:00,CMT8,31.20020818710327,10.78533,106.67029
2025-09-07 11:00:00+07:00,CMT8,28.584499835968018,10.78533,106.67029
2025-09-07 12:00:00+07:00,CMT8,30.189541339874268,10.78533,106.67029
2025-09-07 13:00:00+07:00,CMT8,15.508249918619791,10.78533,106.67029
2025-09-07 14:00:00+07:00,CMT8,15.211333354314169,10.78533,106.67029
2025-09-07 15:00:00+07:00,CMT8,29.54812494913737,10.78533,106.67029
2025-09-07 16:00:00+07:00,CMT8,23.466249465942383,10.78533,106.67029
2025-09-07 17:00:00+07:00,CMT8,30.989374955495197,10.78533,106.67029
2025-09-07 18:00:00+07:00,CMT8,32.52575000127157,10.78533,106.67029
2025-09-07 19:00:00+07:00,CMT8,27.340750058492024,10.78533,106.67029
2025-09-07 20:00:00+07:00,CMT8,31.738999843597412,10.78533,106.67029
2025-09-07 21:00:00+07:00,CMT8,17.324583212534588,10.78533,106.67029
2025-09-07 22:00:00+07:00,CMT8,18.20158338546753,10.78533,106.67029
2025-09-07 23:00:00+07:00,CMT8,17.529486338297527,10.78533,106.67029
2025-09-08 00:00:00+07:00,CMT8,20.691624959309895,10.78533,106.67029
2025-09-08 01:00:00+07:00,CMT8,18.642333269119263,10.78533,106.67029
2025-09-08 02:00:00+07:00,CMT8,7.149125059445699,10.78533,106.67029
2025-09-08 03:00:00+07:00,CMT8,8.450180570284525,10.78533,106.67029
2025-09-08 04:00:00+07:00,CMT8,10.73954168955485,10.78533,106.67029
2025-09-08 05:00:00+07:00,CMT8,14.215375185012817,10.78533,106.67029
2025-09-08 06:00:00+07:00,CMT8,20.51437505086263,10.78533,106.67029
2025-09-08 07:00:00+07:00,CMT8,32.48866653442383,10.78533,106.67029
2025-09-08 08:00:00+07:00,CMT8,40.19095834096273,10.78533,106.67029
2025-09-08 09:00:00+07:00,CMT8,42.30937544504801,10.78533,106.67029
2025-09-08 10:00:00+07:00,CMT8,37.298624674479164,10.78533,106.67029
2025-09-08 11:00:00+07:00,CMT8,36.72033246358236,10.78533,106.67029
2025-09-08 12:00:00+07:00,CMT8,35.976707776387535,10.78533,106.67029
2025-09-08 13:00:00+07:00,CMT8,35.91498597462972,10.78533,106.67029
2025-09-08 14:00:00+07:00,CMT8,31.653499921162922,10.78533,106.67029
2025-09-08 15:00:00+07:00,CMT8,34.625,10.78533,106.67029
2025-09-08 16:00:00+07:00,CMT8,43.083361307779946,10.78533,106.67029
2025-09-08 17:00:00+07:00,CMT8,25.87345822652181,10.78533,106.67029
2025-09-08 23:00:00+07:00,CMT8,27.673999627431233,10.78533,106.67029
2025-09-09 00:00:00+07:00,CMT8,23.127041816711426,10.78533,106.67029
2025-09-09 01:00:00+07:00,CMT8,18.850416660308838,10.78533,106.67029
2025-09-09 02:00:00+07:00,CMT8,17.83104149500529,10.78533,106.67029
2025-09-09 03:00:00+07:00,CMT8,19.606736024220783,10.78533,106.67029
2025-09-09 04:00:00+07:00,CMT8,28.843499819437664,10.78533,106.67029
2025-09-09 05:00:00+07:00,CMT8,38.477332750956215,10.78533,106.67029
2025-09-09 06:00:00+07:00,CMT8,45.50129191080729,10.78533,106.67029
2025-09-09 07:00:00+07:00,CMT8,47.84379227956136,10.78533,106.67029
2025-09-09 08:00:00+07:00,CMT8,43.7257506052653,10.78533,106.67029
2025-09-09 09:00:00+07:00,CMT8,29.868028163909912,10.78533,106.67029
2025-09-09 10:00:00+07:00,CMT8,30.873249848683674,10.78533,106.67029
2025-09-09 11:00:00+07:00,CMT8,33.11120843887329,10.78533,106.67029
2025-09-09 12:00:00+07:00,CMT8,38.7577912012736,10.78533,106.67029
2025-09-09 13:00:00+07:00,CMT8,40.22429180145264,10.78533,106.67029
2025-09-09 14:00:00+07:00,CMT8,29.83679215113322,10.78533,106.67029
2025-09-09 15:00:00+07:00,CMT8,29.933263778686523,10.78533,106.67029
2025-09-09 16:00:00+07:00,CMT8,34.89219443003336,10.78533,106.67029
2025-09-09 17:00:00+07:00,CMT8,40.84995889663696,10.78533,106.67029
2025-09-09 18:00:00+07:00,CMT8,22.547624746958416,10.78533,106.67029
2025-09-09 19:00:00+07:00,CMT8,36.12866687774658,10.78533,106.67029
2025-09-09 20:00:00+07:00,CMT8,56.752750078837074,10.78533,106.67029
2025-09-09 21:00:00+07:00,CMT8,35.59208329518636,10.78533,106.67029
2025-09-09 22:00:00+07:00,CMT8,33.63599999745687,10.78533,106.67029
2025-09-09 23:00:00+07:00,CMT8,38.60966650644938,10.78533,106.67029
2025-09-10 00:00:00+07:00,CMT8,33.84999974568685,10.78533,106.67029
2025-09-10 01:00:00+07:00,CMT8,37.26758289337158,10.78533,106.67029
2025-09-10 02:00:00+07:00,CMT8,36.13691679636637,10.78533,106.67029
2025-09-10 03:00:00+07:00,CMT8,44.66195901234945,10.78533,106.67029
2025-09-10 04:00:00+07:00,CMT8,50.040041287740074,10.78533,106.67029
2025-09-10 05:00:00+07:00,CMT8,45.015625,10.78533,106.67029
2025-09-10 06:00:00+07:00,CMT8,40.87149969736735,10.78533,106.67029
2025-09-10 07:00:00+07:00,CMT8,48.977165857950844,10.78533,106.67029
2025-09-10 08:00:00+07:00,CMT8,49.560333251953125,10.78533,106.67029
2025-09-10 09:00:00+07:00,CMT8,48.28237533569336,10.78533,106.67029
2025-09-10 10:00:00+07:00,CMT8,42.0206667582194,10.78533,106.67029
2025-09-10 11:00:00+07:00,CMT8,43.877458572387695,10.78533,106.67029
2025-09-10 12:00:00+07:00,CMT8,44.77015240987142,10.78533,106.67029
2025-09-10 13:00:00+07:00,CMT8,43.701291720072426,10.78533,106.67029
2025-09-10 14:00:00+07:00,CMT8,37.40658378601074,10.78533,106.67029
2025-09-10 15:00:00+07:00,CMT8,31.05104160308838,10.78533,106.67029
2025-09-10 16:00:00+07:00,CMT8,27.110583623250324,10.78533,106.67029
2025-09-10 17:00:00+07:00,CMT8,30.860000133514404,10.78533,106.67029
2025-09-10 18:00:00+07:00,CMT8,40.01716677347819,10.78533,106.67029
2025-09-10 19:00:00+07:00,CMT8,40.84283320109049,10.78533,106.67029
2025-09-10 20:00:00+07:00,CMT8,40.419374783833824,10.78533,106.67029
2025-09-10 21:00:00+07:00,CMT8,32.678499698638916,10.78533,106.67029
2025-09-10 22:00:00+07:00,CMT8,24.146000226338703,10.78533,106.67029
2025-09-10 23:00:00+07:00,CMT8,21.027708371480305,10.78533,106.67029
2025-09-11 00:00:00+07:00,CMT8,27.848458131154377,10.78533,106.67029
2025-09-11 01:00:00+07:00,CMT8,25.261333147684734,10.78533,106.67029
2025-09-11 02:00:00+07:00,CMT8,25.271125157674152,10.78533,106.67029
2025-09-11 03:00:00+07:00,CMT8,29.124541600545246,10.78533,106.67029
2025-09-11 04:00:00+07:00,CMT8,31.56849988301595,10.78533,106.67029
2025-09-11 05:00:00+07:00,CMT8,33.884333769480385,10.78533,106.67029
2025-09-11 06:00:00+07:00,CMT8,41.63719495137533,10.78533,106.67029
2025-09-11 07:00:00+07:00,CMT8,51.44599978129069,10.78533,106.67029
2025-09-11 08:00:00+07:00,CMT8,75.89341735839844,10.78533,106.67029
2025-09-11 09:00:00+07:00,CMT8,65.23841667175293,10.78533,106.67029
2025-09-11 10:00:00+07:00,CMT8,75.42516613006592,10.78533,106.67029
2025-09-11 11:00:00+07:00,CMT8,78.52194309234619,10.78533,106.67029
2025-09-11 12:00:00+07:00,CMT8,55.85437456766764,10.78533,106.67029
2025-09-11 13:00:00+07:00,CMT8,48.10437456766764,10.78533,106.67029
2025-09-11 14:00:00+07:00,CMT8,57.59175046284994,10.78533,106.67029
2025-09-11 15:00:00+07:00,CMT8,59.05479176839193,10.78533,106.67029
2025-09-11 16:00:00+07:00,CMT8,59.78151353200277,10.78533,106.67029
2025-09-11 17:00:00+07:00,CMT8,35.6523331006368,10.78533,106.67029
2025-09-11 18:00:00+07:00,CMT8,37.375805695851646,10.78533,106.67029
2025-09-11 19:00:00+07:00,CMT8,36.02391656239828,10.78533,106.67029
2025-09-11 20:00:00+07:00,CMT8,30.248375097910564,10.78533,106.67029
2025-09-11 21:00:00+07:00,CMT8,40.879082997639976,10.78533,106.67029
2025-09-11 22:00:00+07:00,CMT8,37.51616716384888,10.78533,106.67029
2025-09-11 23:00:00+07:00,CMT8,43.034291903177895,10.78533,106.67029
2025-09-12 00:00:00+07:00,CMT8,35.23620875676473,10.78533,106.67029
2025-09-12 01:00:00+07:00,CMT8,38.31845808029175,10.78533,106.67029
2025-09-12 02:00:00+07:00,CMT8,41.79999955495199,10.78533,106.67029
2025-09-12 03:00:00+07:00,CMT8,36.396291414896645,10.78533,106.67029
2025-09-12 04:00:00+07:00,CMT8,40.818166732788086,10.78533,106.67029
2025-09-12 05:00:00+07:00,CMT8,64.66187477111816,10.78533,106.67029
2025-09-12 06:00:00+07:00,CMT8,63.26112461090088,10.78533,106.67029
2025-09-12 07:00:00+07:00,CMT8,55.0159584681193,10.78533,106.67029
2025-09-12 08:00:00+07:00,CMT8,55.35324923197428,10.78533,106.67029
2025-09-12 09:00:00+07:00,CMT8,55.72624969482422,10.78533,106.67029
2025-09-12 10:00:00+07:00,CMT8,55.26527786254883,10.78533,106.67029
2025-09-12 11:00:00+07:00,CMT8,54.31975015004476,10.78533,106.67029
2025-09-12 12:00:00+07:00,CMT8,40.462014039357506,10.78533,106.67029
2025-09-12 13:00:00+07:00,CMT8,35.95237509409586,10.78533,106.67029
2025-09-12 14:00:00+07:00,CMT8,30.573499997456867,10.78533,106.67029
2025-09-12 15:00:00+07:00,CMT8,24.76200008392334,10.78533,106.67029
2025-09-12 16:00:00+07:00,CMT8,20.559416611989338,10.78533,106.67029
2025-09-12 17:00:00+07:00,CMT8,26.144291559855144,10.78533,106.67029
2025-09-12 18:00:00+07:00,CMT8,22.994500160217285,10.78533,106.67029
2025-09-12 19:00:00+07:00,CMT8,21.70811112721761,10.78533,106.67029
2025-09-12 20:00:00+07:00,CMT8,23.093833208084106,10.78533,106.67029
2025-09-12 21:00:00+07:00,CMT8,24.971291383107502,10.78533,106.67029
2025-09-12 22:00:00+07:00,CMT8,24.42841641108195,10.78533,106.67029
2025-09-12 23:00:00+07:00,CMT8,30.585583368937176,10.78533,106.67029
2025-09-13 00:00:00+07:00,CMT8,27.966235955556233,10.78533,106.67029
2025-09-13 01:00:00+07:00,CMT8,19.24655556678772,10.78533,106.67029
2025-09-13 02:00:00+07:00,CMT8,25.103166580200195,10.78533,106.67029
2025-09-13 03:00:00+07:00,CMT8,56.762583096822105,10.78533,106.67029
2025-09-13 04:00:00+07:00,CMT8,36.10116704305013,10.78533,106.67029
2025-09-13 05:00:00+07:00,CMT8,36.199249903361,10.78533,106.67029
2025-09-13 06:00:00+07:00,CMT8,39.10354232788086,10.78533,106.67029
2025-09-13 07:00:00+07:00,CMT8,60.06895764668783,10.78533,106.67029
2025-09-13 08:00:00+07:00,CMT8,67.81079292297363,10.78533,106.67029
2025-09-13 09:00:00+07:00,CMT8,57.533583323160805,10.78533,106.67029
2025-09-13 10:00:00+07:00,CMT8,26.063374996185303,10.78533,106.67029
2025-09-13 11:00:00+07:00,CMT8,36.34786065419515,10.78533,106.67029
2025-09-13 12:00:00+07:00,CMT8,47.02049986521403,10.78533,106.67029
2025-09-13 13:00:00+07:00,CMT8,43.775166511535645,10.78533,106.67029
2025-09-13 14:00:00+07:00,CMT8,41.3841667175293,10.78533,106.67029
2025-09-13 15:00:00+07:00,CMT8,30.86418072382609,10.78533,106.67029
2025-09-13 16:00:00+07:00,CMT8,25.933430671691895,10.78533,106.67029
2025-09-13 17:00:00+07:00,CMT8,18.6431249777476,10.78533,106.67029
2025-09-13 18:00:00+07:00,CMT8,24.97195831934611,10.78533,106.67029
2025-09-13 19:00:00+07:00,CMT8,23.747458457946777,10.78533,106.67029
2025-09-13 20:00:00+07:00,CMT8,19.186166524887085,10.78533,106.67029
2025-09-13 21:00:00+07:00,CMT8,19.148750225702923,10.78533,106.67029
2025-09-13 22:00:00+07:00,CMT8,16.014166831970215,10.78533,106.67029
2025-09-13 23:00:00+07:00,CMT8,11.814500093460083,10.78533,106.67029
2025-09-14 00:00:00+07:00,CMT8,14.564749876658121,10.78533,106.67029
2025-09-14 01:00:00+07:00,CMT8,12.4732084274292,10.78533,106.67029
2025-09-14 02:00:00+07:00,CMT8,8.273916701475779,10.78533,106.67029
2025-09-14 03:00:00+07:00,CMT8,14.646069407463074,10.78533,106.67029
2025-09-14 04:00:00+07:00,CMT8,9.280152757962545,10.78533,106.67029
2025-09-14 05:00:00+07:00,CMT8,8.66420845190684,10.78533,106.67029
2025-09-14 06:00:00+07:00,CMT8,15.07729164759318,10.78533,106.67029
2025-09-14 07:00:00+07:00,CMT8,19.581791400909424,10.78533,106.67029
2025-09-14 08:00:00+07:00,CMT8,33.95562473932902,10.78533,106.67029
2025-09-14 09:00:00+07:00,CMT8,38.536583264668785,10.78533,106.67029
2025-09-14 10:00:00+07:00,CMT8,37.57054169972738,10.78533,106.67029
2025-09-14 11:00:00+07:00,CMT8,38.399791399637856,10.78533,106.67029
2025-09-14 12:00:00+07:00,CMT8,38.55724986394247,10.78533,106.67029
2025-09-14 13:00:00+07:00,CMT8,35.092917124430336,10.78533,106.67029
2025-09-14 14:00:00+07:00,CMT8,48.93633302052816,10.78533,106.67029
2025-09-14 15:00:00+07:00,CMT8,26.11406930287679,10.78533,106.67029
2025-09-14 16:00:00+07:00,CMT8,28.961958249409992,10.78533,106.67029
2025-09-14 17:00:00+07:00,CMT8,31.158291657765705,10.78533,106.67029
2025-09-14 18:00:00+07:00,CMT8,14.58787473042806,10.78533,106.67029
2025-09-14 19:00:00+07:00,CMT8,15.511624972025553,10.78533,106.67029
2025-09-14 20:00:00+07:00,CMT8,16.168333450953167,10.78533,106.67029
2025-09-14 21:00:00+07:00,CMT8,15.839874982833862,10.78533,106.67029
2025-09-14 22:00:00+07:00,CMT8,15.132791757583618,10.78533,106.67029
2025-09-14 23:00:00+07:00,CMT8,13.150625069936117,10.78533,106.67029
2025-09-15 00:00:00+07:00,CMT8,13.12262495358785,10.78533,106.67029
2025-09-15 01:00:00+07:00,CMT8,12.024416526158651,10.78533,106.67029
2025-09-15 02:00:00+07:00,CMT8,10.727999925613403,10.78533,106.67029
2025-09-15 03:00:00+07:00,CMT8,13.214875141779581,10.78533,106.67029
2025-09-15 04:00:00+07:00,CMT8,16.645833412806194,10.78533,106.67029
2025-09-15 05:00:00+07:00,CMT8,18.851083278656006,10.78533,106.67029
2025-09-15 06:00:00+07:00,CMT8,24.818666378657024,10.78533,106.67029
2025-09-15 07:00:00+07:00,CMT8,39.620083491007485,10.78533,106.67029
2025-09-15 08:00:00+07:00,CMT8,49.02399984995524,10.78533,106.67029
2025-09-15 09:00:00+07:00,CMT8,59.90929158528646,10.78533,106.67029
2025-09-15 10:00:00+07:00,CMT8,42.09091663360596,10.78533,106.67029
2025-09-15 11:00:00+07:00,CMT8,36.577430407206215,10.78533,106.67029
2025-09-15 12:00:00+07:00,CMT8,46.12708346048991,10.78533,106.67029
2025-09-15 13:00:00+07:00,CMT8,33.38725026448568,10.78533,106.67029
2025-09-15 14:00:00+07:00,CMT8,19.766499996185303,10.78533,106.67029
2025-09-15 15:00:00+07:00,CMT8,19.18541653951009,10.78533,106.67029
2025-09-15 16:00:00+07:00,CMT8,35.94501360257467,10.78533,106.67029
2025-09-15 17:00:00+07:00,CMT8,14.439375003178915,10.78533,106.67029
2025-09-15 18:00:00+07:00,CMT8,22.829875151316326,10.78533,106.67029
2025-09-15 19:00:00+07:00,CMT8,36.63666693369547,10.78533,106.67029
2025-09-15 20:00:00+07:00,CMT8,38.81154123942057,10.78533,106.67029
2025-09-15 21:00:00+07:00,CMT8,30.14529212315877,10.78533,106.67029
2025-09-15 22:00:00+07:00,CMT8,22.017749786376953,10.78533,106.67029
2025-09-15 23:00:00+07:00,CMT8,23.91729164123535,10.78533,106.67029
2025-09-16 00:00:00+07:00,CMT8,35.7404580116272,10.78533,106.67029
2025-09-16 01:00:00+07:00,CMT8,42.244041760762535,10.78533,106.67029
2025-09-16 02:00:00+07:00,CMT8,42.984541734059654,10.78533,106.67029
2025-09-16 03:00:00+07:00,CMT8,28.02104131380717,10.78533,106.67029
2025-09-16 04:00:00+07:00,CMT8,9.47527782122294,10.78533,106.67029
2025-09-16 05:00:00+07:00,CMT8,16.178083181381226,10.78533,106.67029
2025-09-16 06:00:00+07:00,CMT8,25.172458330790203,10.78533,106.67029
2025-09-16 07:00:00+07:00,CMT8,29.53897253672282,10.78533,106.67029
2025-09-16 08:00:00+07:00,CMT8,31.467333157857258,10.78533,106.67029
2025-09-16 09:00:00+07:00,CMT8,33.07404168446859,10.78533,106.67029
2025-09-16 10:00:00+07:00,CMT8,36.7659862836202,10.78533,106.67029
2025-09-16 11:00:00+07:00,CMT8,40.008291721343994,10.78533,106.67029
2025-09-16 12:00:00+07:00,CMT8,20.37179183959961,10.78533,106.67029
2025-09-16 13:00:00+07:00,CMT8,19.57433334986369,10.78533,106.67029
2025-09-16 14:00:00+07:00,CMT8,14.202486197153727,10.78533,106.67029
2025-09-16 15:00:00+07:00,CMT8,21.45983362197876,10.78533,106.67029
2025-09-16 16:00:00+07:00,CMT8,33.99969466527303,10.78533,106.67029
2025-09-16 17:00:00+07:00,CMT8,40.42638842264811,10.78533,106.67029
2025-09-16 18:00:00+07:00,CMT8,37.5856663386027,10.78533,106.67029
2025-09-16 19:00:00+07:00,CMT8,37.280083338419594,10.78533,106.67029
2025-09-16 20:00:00+07:00,CMT8,12.070791641871134,10.78533,106.67029
2025-09-16 21:00:00+07:00,CMT8,17.252651474692605,10.78533,106.67029
2025-09-16 22:00:00+07:00,CMT8,14.896458307902018,10.78533,106.67029
2025-09-16 23:00:00+07:00,CMT8,8.275750041007996,10.78533,106.67029
2025-09-17 00:00:00+07:00,CMT8,19.046000242233276,10.78533,106.67029
2025-09-17 01:00:00+07:00,CMT8,30.54002793629964,10.78533,106.67029
2025-09-17 02:00:00+07:00,CMT8,32.71199971979315,10.78533,106.67029
2025-09-17 03:00:00+07:00,CMT8,34.95470746358236,10.78533,106.67029
2025-09-17 04:00:00+07:00,CMT8,39.3121665318807,10.78533,106.67029
2025-09-17 05:00:00+07:00,CMT8,37.11708386739095,10.78533,106.67029
2025-09-17 06:00:00+07:00,CMT8,37.30525016784668,10.78533,106.67029
2025-09-17 07:00:00+07:00,CMT8,45.480902989705406,10.78533,106.67029
2025-09-17 08:00:00+07:00,CMT8,84.34065246582031,10.78533,106.67029
2025-09-17 09:00:00+07:00,CMT8,53.73419443766276,10.78533,106.67029
2025-09-17 10:00:00+07:00,CMT8,43.530152320861816,10.78533,106.67029
2025-09-17 11:00:00+07:00,CMT8,41.52641614278158,10.78533,106.67029
2025-09-17 12:00:00+07:00,CMT8,22.85754156112671,10.78533,106.67029
2025-09-17 13:00:00+07:00,CMT8,16.044749975204468,10.78533,106.67029
2025-09-17 14:00:00+07:00,CMT8,15.471986134847006,10.78533,106.67029
2025-09-17 15:00:00+07:00,CMT8,12.574458360671997,10.78533,106.67029
2025-09-17 16:00:00+07:00,CMT8,12.158652782440186,10.78533,106.67029
2025-09-17 17:00:00+07:00,CMT8,17.44112515449524,10.78533,106.67029
2025-09-17 18:00:00+07:00,CMT8,26.294958273569744,10.78533,106.67029
2025-09-17 19:00:00+07:00,CMT8,31.69166644414266,10.78533,106.67029
2025-09-17 20:00:00+07:00,CMT8,45.96054172515869,10.78533,106.67029
2025-09-17 21:00:00+07:00,CMT8,51.106082916259766,10.78533,106.67029
2025-09-17 22:00:00+07:00,CMT8,31.679375012715656,10.78533,106.67029
2025-09-17 23:00:00+07:00,CMT8,26.083625157674152,10.78533,106.67029
2025-09-18 00:00:00+07:00,CMT8,22.931652545928955,10.78533,106.67029
2025-09-18 01:00:00+07:00,CMT8,21.91237513224284,10.78533,106.67029
2025-09-18 02:00:00+07:00,CMT8,26.598541895548504,10.78533,106.67029
2025-09-18 03:00:00+07:00,CMT8,48.016194661458336,10.78533,106.67029
2025-09-18 04:00:00+07:00,CMT8,57.64348570505778,10.78533,106.67029
2025-09-18 05:00:00+07:00,CMT8,48.82680575052897,10.78533,106.67029
2025-09-18 06:00:00+07:00,CMT8,46.43193085988363,10.78533,106.67029
2025-09-18 07:00:00+07:00,CMT8,45.00386047363281,10.78533,106.67029
2025-09-18 08:00:00+07:00,CMT8,39.30312538146973,10.78533,106.67029
2025-09-18 09:00:00+07:00,CMT8,37.87525018056234,10.78533,106.67029
2025-09-18 10:00:00+07:00,CMT8,27.337833086649578,10.78533,106.67029
2025-09-18 11:00:00+07:00,CMT8,32.844125270843506,10.78533,106.67029
2025-09-18 12:00:00+07:00,CMT8,19.305458307266235,10.78533,106.67029
2025-09-18 13:00:00+07:00,CMT8,14.61329166094462,10.78533,106.67029
2025-09-18 14:00:00+07:00,CMT8,13.558999935785929,10.78533,106.67029
2025-09-18 15:00:00+07:00,CMT8,19.40386088689168,10.78533,106.67029
2025-09-18 16:00:00+07:00,CMT8,19.33695848782857,10.78533,106.67029
2025-09-18 17:00:00+07:00,CMT8,28.841333389282227,10.78533,106.67029
2025-09-18 18:00:00+07:00,CMT8,24.286555687586468,10.78533,106.67029
2025-09-18 19:00:00+07:00,CMT8,19.526416619618733,10.78533,106.67029
2025-09-18 20:00:00+07:00,CMT8,30.348708311716717,10.78533,106.67029
2025-09-18 21:00:00+07:00,CMT8,26.09191640218099,10.78533,106.67029
2025-09-18 22:00:00+07:00,CMT8,20.692583322525024,10.78533,106.67029
2025-09-18 23:00:00+07:00,CMT8,41.7575413386027,10.78533,106.67029
2025-09-19 00:00:00+07:00,CMT8,42.8976666132609,10.78533,106.67029
2025-09-19 01:00:00+07:00,CMT8,29.586999893188477,10.78533,106.67029
2025-09-19 02:00:00+07:00,CMT8,20.594902674357098,10.78533,106.67029
2025-09-19 03:00:00+07:00,CMT8,7.3679305712382,10.78533,106.67029
2025-09-19 04:00:00+07:00,CMT8,8.404597202936808,10.78533,106.67029
2025-09-19 05:00:00+07:00,CMT8,7.122000018755595,10.78533,106.67029
2025-09-19 06:00:00+07:00,CMT8,9.073208252588907,10.78533,106.67029
2025-09-19 07:00:00+07:00,CMT8,26.536791642506916,10.78533,106.67029
2025-09-19 08:00:00+07:00,CMT8,37.33498605092367,10.78533,106.67029
2025-09-19 09:00:00+07:00,CMT8,28.048458258310955,10.78533,106.67029
2025-09-19 10:00:00+07:00,CMT8,16.02318040529887,10.78533,106.67029
2025-09-19 11:00:00+07:00,CMT8,12.990333477656046,10.78533,106.67029
2025-09-19 12:00:00+07:00,CMT8,13.336791753768921,10.78533,106.67029
2025-09-19 13:00:00+07:00,CMT8,11.134500106175741,10.78533,106.67029
2025-09-19 14:00:00+07:00,CMT8,8.714875062306723,10.78533,106.67029
2025-09-19 15:00:00+07:00,CMT8,8.596999963124594,10.78533,106.67029
2025-09-19 16:00:00+07:00,CMT8,20.79045867919922,10.78533,106.67029
2025-09-19 17:00:00+07:00,CMT8,29.465930302937824,10.78533,106.67029
2025-09-19 18:00:00+07:00,CMT8,39.15326372782389,10.78533,106.67029
2025-09-19 19:00:00+07:00,CMT8,38.26191631952921,10.78533,106.67029
2025-09-19 20:00:00+07:00,CMT8,27.36020803451538,10.78533,106.67029
2025-09-19 21:00:00+07:00,CMT8,26.889305750528973,10.78533,106.67029
2025-09-19 22:00:00+07:00,CMT8,22.76062081076882,10.78533,106.67029
2025-09-19 23:00:00+07:00,CMT8,21.809916814168293,10.78533,106.67029
2025-09-20 00:00:00+07:00,CMT8,21.5979167620341,10.78533,106.67029
2025-09-20 01:00:00+07:00,CMT8,19.74037504196167,10.78533,106.67029
2025-09-20 02:00:00+07:00,CMT8,31.544417063395183,10.78533,106.67029
2025-09-20 03:00:00+07:00,CMT8,36.217221895853676,10.78533,106.67029
2025-09-20 04:00:00+07:00,CMT8,36.198166370391846,10.78533,106.67029
2025-09-20 05:00:00+07:00,CMT8,21.531097014745075,10.78533,106.67029
2025-09-20 06:00:00+07:00,CMT8,22.554999828338623,10.78533,106.67029
2025-09-20 07:00:00+07:00,CMT8,35.73625008265177,10.78533,106.67029
2025-09-20 08:00:00+07:00,CMT8,38.30574989318848,10.78533,106.67029
2025-09-20 09:00:00+07:00,CMT8,39.260416666666664,10.78533,106.67029
2025-09-20 10:00:00+07:00,CMT8,27.346027851104736,10.78533,106.67029
2025-09-20 11:00:00+07:00,CMT8,18.615291992823284,10.78533,106.67029
2025-09-20 12:00:00+07:00,CMT8,13.575291554133097,10.78533,106.67029
2025-09-20 13:00:00+07:00,CMT8,12.71774991353353,10.78533,106.67029
2025-09-20 14:00:00+07:00,CMT8,11.709625085194906,10.78533,106.67029
2025-09-20 15:00:00+07:00,CMT8,11.696208318074545,10.78533,106.67029
2025-09-20 16:00:00+07:00,CMT8,15.336416959762573,10.78533,106.67029
2025-09-20 17:00:00+07:00,CMT8,17.412708044052124,10.78533,106.67029
2025-09-20 18:00:00+07:00,CMT8,24.643555561701458,10.78533,106.67029
2025-09-20 19:00:00+07:00,CMT8,39.928541819254555,10.78533,106.67029
2025-09-20 20:00:00+07:00,CMT8,29.24151372909546,10.78533,106.67029
2025-09-20 21:00:00+07:00,CMT8,24.174708525339764,10.78533,106.67029
2025-09-20 22:00:00+07:00,CMT8,11.746291637420654,10.78533,106.67029
2025-09-20 23:00:00+07:00,CMT8,21.86233361562093,10.78533,106.67029
2025-09-21 00:00:00+07:00,CMT8,26.308375040690105,10.78533,106.67029
2025-09-21 01:00:00+07:00,CMT8,37.16945838928223,10.78533,106.67029
2025-09-21 02:00:00+07:00,CMT8,28.517541885375977,10.78533,106.67029
2025-09-21 03:00:00+07:00,CMT8,25.51086099942525,10.78533,106.67029
2025-09-21 04:00:00+07:00,CMT8,11.553958415985107,10.78533,106.67029
2025-09-21 05:00:00+07:00,CMT8,11.041041612625122,10.78533,106.67029
2025-09-21 06:00:00+07:00,CMT8,14.932180563608805,10.78533,106.67029
2025-09-21 07:00:00+07:00,CMT8,23.82216676076253,10.78533,106.67029
2025-09-21 08:00:00+07:00,CMT8,24.081444422403973,10.78533,106.67029
2025-09-21 09:00:00+07:00,CMT8,20.718666712443035,10.78533,106.67029
2025-09-21 10:00:00+07:00,CMT8,19.85699979464213,10.78533,106.67029
2025-09-21 11:00:00+07:00,CMT8,15.856124798456827,10.78533,106.67029
2025-09-21 12:00:00+07:00,CMT8,20.978000084559124,10.78533,106.67029
2025-09-21 13:00:00+07:00,CMT8,14.980847120285034,10.78533,106.67029
2025-09-21 14:00:00+07:00,CMT8,15.826541741689047,10.78533,106.67029
2025-09-21 15:00:00+07:00,CMT8,12.831861098607382,10.78533,106.67029
2025-09-21 16:00:00+07:00,CMT8,14.109166701634726,10.78533,106.67029
2025-09-21 17:00:00+07:00,CMT8,16.761374950408936,10.78533,106.67029
2025-09-21 18:00:00+07:00,CMT8,21.031166712443035,10.78533,106.67029
2025-09-21 19:00:00+07:00,CMT8,29.284639199574787,10.78533,106.67029
2025-09-21 20:00:00+07:00,CMT8,26.151166756947834,10.78533,106.67029
2025-09-21 21:00:00+07:00,CMT8,20.480680465698242,10.78533,106.67029
2025-09-21 22:00:00+07:00,CMT8,19.726333300272625,10.78533,106.67029
2025-09-21 23:00:00+07:00,CMT8,11.4296665986379,10.78533,106.67029
2025-09-22 00:00:00+07:00,CMT8,9.563319563865662,10.78533,106.67029
2025-09-22 01:00:00+07:00,CMT8,14.234750032424927,10.78533,106.67029
2025-09-22 02:00:00+07:00,CMT8,14.551291704177856,10.78533,106.67029
2025-09-22 03:00:00+07:00,CMT8,17.233791828155518,10.78533,106.67029
2025-09-22 04:00:00+07:00,CMT8,21.083416779836018,10.78533,106.67029
2025-09-22 05:00:00+07:00,CMT8,31.252041816711426,10.78533,106.67029
2025-09-22 06:00:00+07:00,CMT8,29.864583333333332,10.78533,106.67029
2025-09-22 07:00:00+07:00,CMT8,38.45812479654948,10.78533,106.67029
2025-09-22 08:00:00+07:00,CMT8,37.29306888580322,10.78533,106.67029
2025-09-22 09:00:00+07:00,CMT8,38.17351404825846,10.78533,106.67029
2025-09-22 10:00:00+07:00,CMT8,31.402499834696453,10.78533,106.67029
2025-09-22 11:00:00+07:00,CMT8,22.933444341023762,10.78533,106.67029
2025-09-22 12:00:00+07:00,CMT8,28.347333431243896,10.78533,106.67029
2025-09-22 13:00:00+07:00,CMT8,26.826055367787678,10.78533,106.67029
2025-09-22 14:00:00+07:00,CMT8,14.418638944625854,10.78533,106.67029
2025-09-22 15:00:00+07:00,CMT8,17.32716687520345,10.78533,106.67029
2025-09-22 16:00:00+07:00,CMT8,16.25319441159566,10.78533,106.67029
2025-09-22 17:00:00+07:00,CMT8,15.021875143051147,10.78533,106.67029
2025-09-22 18:00:00+07:00,CMT8,15.71054196357727,10.78533,106.67029
2025-09-22 19:00:00+07:00,CMT8,27.19475030899048,10.78533,106.67029
2025-09-22 20:00:00+07:00,CMT8,33.36275021235148,10.78533,106.67029
2025-09-22 21:00:00+07:00,CMT8,38.61999988555908,10.78533,106.67029
2025-09-22 22:00:00+07:00,CMT8,38.98195870717367,10.78533,106.67029
2025-09-22 23:00:00+07:00,CMT8,40.33381907145182,10.78533,106.67029
2025-09-23 00:00:00+07:00,CMT8,41.64268080393473,10.78533,106.67029
2025-09-23 01:00:00+07:00,CMT8,32.87659708658854,10.78533,106.67029
2025-09-23 02:00:00+07:00,CMT8,36.34516716003418,10.78533,106.67029
2025-09-23 03:00:00+07:00,CMT8,53.315375328063965,10.78533,106.67029
2025-09-23 04:00:00+07:00,CMT8,62.25177828470866,10.78533,106.67029
2025-09-23 05:00:00+07:00,CMT8,59.3724168141683,10.78533,106.67029
2025-09-23 06:00:00+07:00,CMT8,58.477166175842285,10.78533,106.67029
2025-09-23 07:00:00+07:00,CMT8,49.85600026448568,10.78533,106.67029
2025-09-23 08:00:00+07:00,CMT8,52.800832748413086,10.78533,106.67029
2025-09-23 09:00:00+07:00,CMT8,46.36354192097982,10.78533,106.67029
2025-09-23 10:00:00+07:00,CMT8,39.61720816294352,10.78533,106.67029
2025-09-23 11:00:00+07:00,CMT8,27.861527919769287,10.78533,106.67029
2025-09-23 12:00:00+07:00,CMT8,21.07170820236206,10.78533,106.67029
2025-09-23 13:00:00+07:00,CMT8,18.060694694519043,10.78533,106.67029
2025-09-23 14:00:00+07:00,CMT8,19.58883325258891,10.78533,106.67029
2025-09-23 15:00:00+07:00,CMT8,14.168291648228964,10.78533,106.67029
2025-09-23 16:00:00+07:00,CMT8,17.873249928156536,10.78533,106.67029
2025-09-23 17:00:00+07:00,CMT8,17.565499941507976,10.78533,106.67029
2025-09-23 18:00:00+07:00,CMT8,24.685861269632976,10.78533,106.67029
2025-09-23 19:00:00+07:00,CMT8,41.77749983469645,10.78533,106.67029
2025-09-23 20:00:00+07:00,CMT8,42.28118062019348,10.78533,106.67029
2025-09-23 21:00:00+07:00,CMT8,26.16820804278056,10.78533,106.67029
2025-09-23 22:00:00+07:00,CMT8,39.331222216288246,10.78533,106.67029
2025-09-23 23:00:00+07:00,CMT8,49.28324953715006,10.78533,106.67029
2025-09-24 00:00:00+07:00,CMT8,57.494513829549156,10.78533,106.67029
2025-09-24 01:00:00+07:00,CMT8,88.16634782155354,10.78533,106.67029
2025-09-24 02:00:00+07:00,CMT8,60.788291931152344,10.78533,106.67029
2025-09-24 03:00:00+07:00,CMT8,50.611000061035156,10.78533,106.67029
2025-09-24 04:00:00+07:00,CMT8,46.473874727884926,10.78533,106.67029
2025-09-24 05:00:00+07:00,CMT8,45.17230033874512,10.78533,106.67029
2025-09-24 06:00:00+07:00,CMT8,48.02927737765842,10.78533,106.67029
2025-09-24 07:00:00+07:00,CMT8,38.53070799509684,10.78533,106.67029
2025-09-24 08:00:00+07:00,CMT8,35.825791676839195,10.78533,106.67029
2025-09-24 09:00:00+07:00,CMT8,39.14637517929077,10.78533,106.67029
2025-09-24 10:00:00+07:00,CMT8,22.466805458068848,10.78533,106.67029
2025-09-24 11:00:00+07:00,CMT8,20.114916642506916,10.78533,106.67029
2025-09-24 12:00:00+07:00,CMT8,16.287111202875774,10.78533,106.67029
2025-09-24 13:00:00+07:00,CMT8,15.497875054677328,10.78533,106.67029
2025-09-24 14:00:00+07:00,CMT8,12.081291755040487,10.78533,106.67029
2025-09-24 15:00:00+07:00,CMT8,15.591500282287598,10.78533,106.67029
2025-09-24 16:00:00+07:00,CMT8,19.710625012715656,10.78533,106.67029
2025-09-24 17:00:00+07:00,CMT8,24.60187514623006,10.78533,106.67029
2025-09-24 18:00:00+07:00,CMT8,25.026111125946045,10.78533,106.67029
2025-09-24 19:00:00+07:00,CMT8,25.72963857650757,10.78533,106.67029
2025-09-24 20:00:00+07:00,CMT8,30.42366631825765,10.78533,106.67029
2025-09-24 21:00:00+07:00,CMT8,23.316208362579346,10.78533,106.67029
2025-09-24 22:00:00+07:00,CMT8,17.818166732788086,10.78533,106.67029
2025-09-24 23:00:00+07:00,CMT8,15.3347221215566,10.78533,106.67029
2025-09-25 00:00:00+07:00,CMT8,12.79995838801066,10.78533,106.67029
2025-09-25 01:00:00+07:00,CMT8,14.199972152709961,10.78533,106.67029
2025-09-25 02:00:00+07:00,CMT8,12.929749965667725,10.78533,106.67029
2025-09-25 03:00:00+07:00,CMT8,9.995208263397217,10.78533,106.67029
2025-09-25 04:00:00+07:00,CMT8,14.27186115582784,10.78533,106.67029
2025-09-25 05:00:00+07:00,CMT8,22.39520827929179,10.78533,106.67029
2025-09-25 06:00:00+07:00,CMT8,44.42613887786865,10.78533,106.67029
2025-09-25 07:00:00+07:00,CMT8,52.89720789591471,10.78533,106.67029
2025-09-25 08:00:00+07:00,CMT8,34.38498560587565,10.78533,106.67029
2025-09-25 09:00:00+07:00,CMT8,16.446889003117878,10.78533,106.67029
2025-09-25 10:00:00+07:00,CMT8,13.60533340771993,10.78533,106.67029
2025-09-25 11:00:00+07:00,CMT8,11.478333473205566,10.78533,106.67029
2025-09-25 12:00:00+07:00,CMT8,10.400624871253967,10.78533,106.67029
2025-09-25 13:00:00+07:00,CMT8,10.533041636149088,10.78533,106.67029
2025-09-25 14:00:00+07:00,CMT8,10.559333340326946,10.78533,106.67029
2025-09-25 15:00:00+07:00,CMT8,15.668972216712104,10.78533,106.67029
2025-09-25 16:00:00+07:00,CMT8,17.766236106554665,10.78533,106.67029
2025-09-25 17:00:00+07:00,CMT8,20.870454528115015,10.78533,106.67029
2025-09-25 18:00:00+07:00,CMT8,31.8240002155304,10.78533,106.67029
2025-09-25 19:00:00+07:00,CMT8,27.078166731198625,10.78533,106.67029
2025-09-25 20:00:00+07:00,CMT8,12.750624998410546,10.78533,106.67029
2025-09-25 21:00:00+07:00,CMT8,29.31520814100901,10.78533,106.67029
2025-09-25 22:00:00+07:00,CMT8,33.69095805486043,10.78533,106.67029
2025-09-25 23:00:00+07:00,CMT8,33.676958812607666,10.78533,106.67029
2025-09-26 00:00:00+07:00,CMT8,16.844625004132592,10.78533,106.67029
2025-09-26 01:00:00+07:00,CMT8,14.894999965031941,10.78533,106.67029
2025-09-26 02:00:00+07:00,CMT8,22.059555557039047,10.78533,106.67029
2025-09-26 03:00:00+07:00,CMT8,26.02411111195882,10.78533,106.67029
2025-09-26 04:00:00+07:00,CMT8,20.954388880729674,10.78533,106.67029
2025-09-26 05:00:00+07:00,CMT8,25.951763939857486,10.78533,106.67029
2025-09-26 06:00:00+07:00,CMT8,30.020430474811125,10.78533,106.67029
2025-09-26 07:00:00+07:00,CMT8,38.101124835014346,10.78533,106.67029
2025-09-26 08:00:00+07:00,CMT8,46.90695832570395,10.78533,106.67029
2025-09-26 09:00:00+07:00,CMT8,34.14391674200694,10.78533,106.67029
2025-09-26 10:00:00+07:00,CMT8,29.547125005722048,10.78533,106.67029
2025-09-26 11:00:00+07:00,CMT8,23.194249998198615,10.78533,106.67029
2025-09-26 12:00:00+07:00,CMT8,20.603874985376997,10.78533,106.67029
2025-09-26 13:00:00+07:00,CMT8,17.291666571299235,10.78533,106.67029
2025-09-26 14:00:00+07:00,CMT8,19.20812509059906,10.78533,106.67029
2025-09-26 15:00:00+07:00,CMT8,19.71375006834666,10.78533,106.67029
2025-09-26 16:00:00+07:00,CMT8,9.450124986966452,10.78533,106.67029
2025-09-26 17:00:00+07:00,CMT8,12.675986112488639,10.78533,106.67029
2025-09-26 18:00:00+07:00,CMT8,28.03654181162516,10.78533,106.67029
2025-09-26 19:00:00+07:00,CMT8,36.88041687011719,10.78533,106.67029
2025-09-26 20:00:00+07:00,CMT8,38.76891688505808,10.78533,106.67029
2025-09-26 21:00:00+07:00,CMT8,45.49805560641818,10.78533,106.67029
2025-09-26 22:00:00+07:00,CMT8,51.53500022888184,10.78533,106.67029
2025-09-26 23:00:00+07:00,CMT8,49.19737491607666,10.78533,106.67029
2025-09-27 00:00:00+07:00,CMT8,49.758333333333326,10.78533,106.67029
2025-09-27 01:00:00+07:00,CMT8,36.93054130077362,10.78533,106.67029
2025-09-27 02:00:00+07:00,CMT8,28.668652775552534,10.78533,106.67029
2025-09-27 03:00:00+07:00,CMT8,28.34208330313365,10.78533,106.67029
2025-09-27 04:00:00+07:00,CMT8,32.62170840104421,10.78533,106.67029
2025-09-27 05:00:00+07:00,CMT8,42.15254179636637,10.78533,106.67029
2025-09-27 06:00:00+07:00,CMT8,30.0592917283376,10.78533,106.67029
2025-09-27 07:00:00+07:00,CMT8,18.920041759808857,10.78533,106.67029
2025-09-27 08:00:00+07:00,CMT8,40.82099952697754,10.78533,106.67029
2025-09-27 09:00:00+07:00,CMT8,42.99712505340577,10.78533,106.67029
2025-09-27 10:00:00+07:00,CMT8,35.42920863628387,10.78533,106.67029
2025-09-27 11:00:00+07:00,CMT8,30.404041504859922,10.78533,106.67029
2025-09-27 12:00:00+07:00,CMT8,27.297984874609742,10.78533,106.67029
2025-09-27 13:00:00+07:00,CMT8,15.826791675885518,10.78533,106.67029
2025-09-27 14:00:00+07:00,CMT8,14.058430563078986,10.78533,106.67029
2025-09-27 15:00:00+07:00,CMT8,11.837333356009589,10.78533,106.67029
2025-09-27 16:00:00+07:00,CMT8,19.828166739145917,10.78533,106.67029
2025-09-27 19:00:00+07:00,CMT8,24.336249899864196,10.78533,106.67029
2025-09-27 20:00:00+07:00,CMT8,31.942083239555362,10.78533,106.67029
2025-09-27 21:00:00+07:00,CMT8,32.048875066969124,10.78533,106.67029
2025-09-27 22:00:00+07:00,CMT8,28.479458427429197,10.78533,106.67029
2025-09-27 23:00:00+07:00,CMT8,29.536166739463805,10.78533,106.67029
2025-09-28 00:00:00+07:00,CMT8,19.448625000317893,10.78533,106.67029
2025-09-28 01:00:00+07:00,CMT8,19.66158332824707,10.78533,106.67029
2025-09-28 02:00:00+07:00,CMT8,21.330680553118388,10.78533,106.67029
2025-09-28 03:00:00+07:00,CMT8,21.56152777141995,10.78533,106.67029
2025-09-28 04:00:00+07:00,CMT8,23.490291661686367,10.78533,106.67029
2025-09-28 05:00:00+07:00,CMT8,26.862874992688493,10.78533,106.67029
2025-09-28 06:00:00+07:00,CMT8,12.497791647911072,10.78533,106.67029
2025-09-28 07:00:00+07:00,CMT8,16.23850000699361,10.78533,106.67029
2025-09-28 08:00:00+07:00,CMT8,15.313583326339723,10.78533,106.67029
2025-09-28 09:00:00+07:00,CMT8,17.434708333015443,10.78533,106.67029
2025-09-28 10:00:00+07:00,CMT8,15.111916669209798,10.78533,106.67029
2025-09-28 11:00:00+07:00,CMT8,11.986083316802977,10.78533,106.67029
2025-09-28 12:00:00+07:00,CMT8,11.505458331108093,10.78533,106.67029
2025-09-28 13:00:00+07:00,CMT8,11.349777793884277,10.78533,106.67029
2025-09-28 14:00:00+07:00,CMT8,14.022444444232518,10.78533,106.67029
2025-09-28 15:00:00+07:00,CMT8,17.565416669845582,10.78533,106.67029
2025-09-28 19:00:00+07:00,CMT8,20.15805559158325,10.78533,106.67029
2025-09-28 20:00:00+07:00,CMT8,17.41352778010898,10.78533,106.67029
2025-09-28 21:00:00+07:00,CMT8,13.9922083457311,10.78533,106.67029
2025-09-28 22:00:00+07:00,CMT8,11.098749987284341,10.78533,106.67029
2025-09-28 23:00:00+07:00,CMT8,13.960416666666667,10.78533,106.67029
2025-09-29 00:00:00+07:00,CMT8,9.97645833492279,10.78533,106.67029
2025-09-29 01:00:00+07:00,CMT8,4.263583326339722,10.78533,106.67029
2025-09-29 02:00:00+07:00,CMT8,5.6806250015894575,10.78533,106.67029
2025-09-29 03:00:00+07:00,CMT8,5.2841944376627605,10.78533,106.67029
2025-09-29 04:00:00+07:00,CMT8,5.734958322842917,10.78533,106.67029
2025-09-29 05:00:00+07:00,CMT8,3.118833340207736,10.78533,106.67029
2025-09-29 06:00:00+07:00,CMT8,14.143708364168804,10.78533,106.67029
2025-09-29 07:00:00+07:00,CMT8,22.773875006039933,10.78533,106.67029
2025-09-29 08:00:00+07:00,CMT8,23.987375013033546,10.78533,106.67029
2025-09-29 09:00:00+07:00,CMT8,18.867666673660278,10.78533,106.67029
2025-09-29 10:00:00+07:00,CMT8,21.74231944349077,10.78533,106.67029
2025-09-29 11:00:00+07:00,CMT8,16.861708267529803,10.78533,106.67029
2025-09-29 12:00:00+07:00,CMT8,24.09556950728098,10.78533,106.67029
2025-09-29 13:00:00+07:00,CMT8,11.870791665712991,10.78533,106.67029
2025-09-29 14:00:00+07:00,CMT8,14.303152781062655,10.78533,106.67029
2025-09-29 15:00:00+07:00,CMT8,12.334750000635784,10.78533,106.67029
2025-09-29 16:00:00+07:00,CMT8,11.699736105071175,10.78533,106.67029
2025-09-29 17:00:00+07:00,CMT8,11.129805588722228,10.78533,106.67029
2025-09-29 18:00:00+07:00,CMT8,13.630833355585736,10.78533,106.67029
2025-09-29 20:00:00+07:00,CMT8,31.50206961631775,10.78533,106.67029
2025-09-29 21:00:00+07:00,CMT8,17.384541702270507,10.78533,106.67029
2025-09-29 22:00:00+07:00,CMT8,10.886736114819845,10.78533,106.67029
2025-09-29 23:00:00+07:00,CMT8,14.022250000635784,10.78533,106.67029
2025-09-30 00:00:00+07:00,CMT8,12.976666673024496,10.78533,106.67029
2025-09-30 01:00:00+07:00,CMT8,11.834958338737488,10.78533,106.67029
2025-09-30 02:00:00+07:00,CMT8,13.451499991946749,10.78533,106.67029
2025-09-30 03:00:00+07:00,CMT8,11.948833338419595,10.78533,106.67029
2025-09-30 04:00:00+07:00,CMT8,16.013708329200742,10.78533,106.67029
2025-09-30 05:00:00+07:00,CMT8,25.89483332633972,10.78533,106.67029
2025-09-30 06:00:00+07:00,CMT8,34.2390971077813,10.78533,106.67029
2025-09-30 07:00:00+07:00,CMT8,41.34501383039687,10.78533,106.67029
2025-09-30 08:00:00+07:00,CMT8,41.41458333333333,10.78533,106.67029
2025-09-30 09:00:00+07:00,CMT8,33.72162469228109,10.78533,106.67029
2025-09-30 10:00:00+07:00,CMT8,57.67231963475544,10.78533,106.67029
2025-09-30 11:00:00+07:00,CMT8,31.730097087224323,10.78533,106.67029
2025-09-30 12:00:00+07:00,CMT8,23.884999995761447,10.78533,106.67029
2025-09-30 13:00:00+07:00,CMT8,15.377666664123536,10.78533,106.67029
2025-09-30 14:00:00+07:00,CMT8,12.568333339691163,10.78533,106.67029
2025-09-30 15:00:00+07:00,CMT8,10.531930560535855,10.78533,106.67029
2025-09-30 16:00:00+07:00,CMT8,11.435791659355163,10.78533,106.67029
2025-09-30 17:00:00+07:00,CMT8,11.397680566045972,10.78533,106.67029
2025-09-30 18:00:00+07:00,CMT8,16.76386110517714,10.78533,106.67029
2025-09-30 19:00:00+07:00,CMT8,20.139625006251865,10.78533,106.67029
2025-09-30 20:00:00+07:00,CMT8,27.785680577490066,10.78533,106.67029
2025-09-30 21:00:00+07:00,CMT8,36.52245863278707,10.78533,106.67029
2025-09-30 23:00:00+07:00,CMT8,39.4592780219184,10.78533,106.67029
2025-10-01 00:00:00+07:00,CMT8,35.569875144958495,10.78533,106.67029
2025-10-01 01:00:00+07:00,CMT8,36.995319588979086,10.78533,106.67029
2025-10-01 02:00:00+07:00,CMT8,49.58059732649062,10.78533,106.67029
2025-10-01 03:00:00+07:00,CMT8,51.2814998626709,10.78533,106.67029
2025-10-01 04:00:00+07:00,CMT8,59.80737514495849,10.78533,106.67029
2025-10-01 05:00:00+07:00,CMT8,57.226424569794624,10.78533,106.67029
2025-10-01 06:00:00+07:00,CMT8,55.6674862967597,10.78533,106.67029
2025-10-01 07:00:00+07:00,CMT8,62.62912502288818,10.78533,106.67029
2025-10-01 08:00:00+07:00,CMT8,64.33154150644938,10.78533,106.67029
2025-10-01 09:00:00+07:00,CMT8,62.55820840199789,10.78533,106.67029
2025-10-01 10:00:00+07:00,CMT8,62.52333335876465,10.78533,106.67029
2025-10-01 11:00:00+07:00,CMT8,54.85458348592122,10.78533,106.67029
2025-10-01 12:00:00+07:00,CMT8,61.039166895548504,10.78533,106.67029
2025-10-01 13:00:00+07:00,CMT8,60.147708193461106,10.78533,106.67029
2025-10-01 14:00:00+07:00,CMT8,34.16858326064216,10.78533,106.67029
2025-10-01 15:00:00+07:00,CMT8,25.40387487411499,10.78533,106.67029
2025-10-01 16:00:00+07:00,CMT8,34.397652795579695,10.78533,106.67029
2025-10-01 17:00:00+07:00,CMT8,42.91192448933919,10.78533,106.67029
2025-10-01 18:00:00+07:00,CMT8,47.458749771118164,10.78533,106.67029
2025-10-01 19:00:00+07:00,CMT8,36.61386118200091,10.78533,106.67029
2025-10-01 20:00:00+07:00,CMT8,9.055569455358718,10.78533,106.67029
2025-10-01 21:00:00+07:00,CMT8,13.913166660732694,10.78533,106.67029
2025-10-01 22:00:00+07:00,CMT8,28.72579174836477,10.78533,106.67029
2025-10-01 23:00:00+07:00,CMT8,47.72195847829183,10.78533,106.67029
2025-10-02 00:00:00+07:00,CMT8,40.876194678412546,10.78533,106.67029
2025-10-02 01:00:00+07:00,CMT8,48.26936340332031,10.78533,106.67029
2025-10-02 02:00:00+07:00,CMT8,41.79647212558322,10.78533,106.67029
2025-10-02 03:00:00+07:00,CMT8,40.78575019836426,10.78533,106.67029
2025-10-02 04:00:00+07:00,CMT8,44.95406962500678,10.78533,106.67029
2025-10-02 05:00:00+07:00,CMT8,49.1839163462321,10.78533,106.67029
2025-10-02 06:00:00+07:00,CMT8,53.002125358581544,10.78533,106.67029
2025-10-02 07:00:00+07:00,CMT8,68.72562503814699,10.78533,106.67029
2025-10-02 08:00:00+07:00,CMT8,76.9173749923706,10.78533,106.67029
2025-10-02 09:00:00+07:00,CMT8,74.80799980163575,10.78533,106.67029
2025-10-02 10:00:00+07:00,CMT8,57.75029188791911,10.78533,106.67029
2025-10-02 11:00:00+07:00,CMT8,51.21479193369549,10.78533,106.67029
2025-10-02 12:00:00+07:00,CMT8,53.42508354187012,10.78533,106.67029
2025-10-02 13:00:00+07:00,CMT8,53.40154196421304,10.78533,106.67029
2025-10-02 14:00:00+07:00,CMT8,53.33622776378285,10.78533,106.67029
2025-10-02 15:00:00+07:00,CMT8,52.441250228881835,10.78533,106.67029
2025-10-02 16:00:00+07:00,CMT8,48.63887538909913,10.78533,106.67029
2025-10-02 17:00:00+07:00,CMT8,39.76487483978271,10.78533,106.67029
2025-10-02 18:00:00+07:00,CMT8,40.229333623250334,10.78533,106.67029
2025-10-02 19:00:00+07:00,CMT8,32.140499909718834,10.78533,106.67029
2025-10-02 20:00:00+07:00,CMT8,25.695333327187438,10.78533,106.67029
2025-10-02 21:00:00+07:00,CMT8,20.808909069408074,10.78533,106.67029
2025-10-02 22:00:00+07:00,CMT8,18.462125007311506,10.78533,106.67029
2025-10-02 23:00:00+07:00,CMT8,15.103347224659393,10.78533,106.67029
2025-10-03 00:00:00+07:00,CMT8,16.75229167143504,10.78533,106.67029
2025-10-03 01:00:00+07:00,CMT8,17.38762499756283,10.78533,106.67029
2025-10-03 02:00:00+07:00,CMT8,22.37452778286404,10.78533,106.67029
2025-10-03 03:00:00+07:00,CMT8,35.5829721238878,10.78533,106.67029
2025-10-03 04:00:00+07:00,CMT8,40.93416659037272,10.78533,106.67029
2025-10-03 05:00:00+07:00,CMT8,37.90175018310547,10.78533,106.67029
2025-10-03 06:00:00+07:00,CMT8,41.334263759189184,10.78533,106.67029
2025-10-03 07:00:00+07:00,CMT8,43.40362517038981,10.78533,106.67029
2025-10-03 08:00:00+07:00,CMT8,47.22187519073486,10.78533,106.67029
2025-10-03 09:00:00+07:00,CMT8,42.42077793545193,10.78533,106.67029
2025-10-03 10:00:00+07:00,CMT8,44.98786129421657,10.78533,106.67029
2025-10-03 11:00:00+07:00,CMT8,37.04862523873647,10.78533,106.67029
2025-10-03 12:00:00+07:00,CMT8,36.81459724638197,10.78533,106.67029
2025-10-03 13:00:00+07:00,CMT8,47.94287509918214,10.78533,106.67029
2025-10-03 14:00:00+07:00,CMT8,18.901402703921,10.78533,106.67029
2025-10-03 15:00:00+07:00,CMT8,15.442958331108095,10.78533,106.67029
2025-10-03 16:00:00+07:00,CMT8,27.56773607201046,10.78533,106.67029
2025-10-03 17:00:00+07:00,CMT8,38.60945860544841,10.78533,106.67029
2025-10-03 18:00:00+07:00,CMT8,33.76758329868317,10.78533,106.67029
2025-10-03 19:00:00+07:00,CMT8,35.34931962754991,10.78533,106.67029
2025-10-03 20:00:00+07:00,CMT8,34.11416648228963,10.78533,106.67029
2025-10-03 21:00:00+07:00,CMT8,32.11777781380548,10.78533,106.67029
2025-10-03 22:00:00+07:00,CMT8,31.637458237012225,10.78533,106.67029
2025-10-03 23:00:00+07:00,CMT8,35.69279143015543,10.78533,106.67029
2025-10-04 00:00:00+07:00,CMT8,40.09384729597304,10.78533,106.67029
2025-10-04 01:00:00+07:00,CMT8,46.360735935635034,10.78533,106.67029
2025-10-04 02:00:00+07:00,CMT8,45.47673592037625,10.78533,106.67029
2025-10-04 03:00:00+07:00,CMT8,43.91920808156332,10.78533,106.67029
2025-10-04 04:00:00+07:00,CMT8,46.11766688028971,10.78533,106.67029
2025-10-04 05:00:00+07:00,CMT8,74.05645821889242,10.78533,106.67029
2025-10-04 06:00:00+07:00,CMT8,107.11533355712889,10.78533,106.67029
2025-10-04 07:00:00+07:00,CMT8,122.07254187266032,10.78533,106.67029
2025-10-04 08:00:00+07:00,CMT8,95.27331985897489,10.78533,106.67029
2025-10-04 09:00:00+07:00,CMT8,53.24447220696342,10.78533,106.67029
2025-10-04 10:00:00+07:00,CMT8,46.48474998474122,10.78533,106.67029
2025-10-04 11:00:00+07:00,CMT8,64.56079120635987,10.78533,106.67029
2025-10-04 12:00:00+07:00,CMT8,36.74483343760172,10.78533,106.67029
2025-10-04 13:00:00+07:00,CMT8,33.576847137345204,10.78533,106.67029
2025-10-04 15:00:00+07:00,CMT8,20.464930584695605,10.78533,106.67029
2025-10-04 16:00:00+07:00,CMT8,17.230986046791077,10.78533,106.67029
2025-10-04 17:00:00+07:00,CMT8,14.941569484604727,10.78533,106.67029
2025-10-04 18:00:00+07:00,CMT8,22.85873614682092,10.78533,106.67029
2025-10-04 19:00:00+07:00,CMT8,33.77370371641936,10.78533,106.67029
2025-10-04 20:00:00+07:00,CMT8,30.179472393459747,10.78533,106.67029
2025-10-04 21:00:00+07:00,CMT8,28.616250054041544,10.78533,106.67029
2025-10-04 22:00:00+07:00,CMT8,26.98037499586741,10.78533,106.67029
2025-10-04 23:00:00+07:00,CMT8,22.92258332570394,10.78533,106.67029
2025-10-05 00:00:00+07:00,CMT8,21.28362499078115,10.78533,106.67029
2025-10-05 01:00:00+07:00,CMT8,18.469666671752933,10.78533,106.67029
2025-10-05 02:00:00+07:00,CMT8,28.266791693369544,10.78533,106.67029
2025-10-05 03:00:00+07:00,CMT8,36.80250040690104,10.78533,106.67029
2025-10-05 04:00:00+07:00,CMT8,36.11125027338664,10.78533,106.67029
2025-10-05 05:00:00+07:00,CMT8,28.21819444232517,10.78533,106.67029
2025-10-05 06:00:00+07:00,CMT8,28.496736115879486,10.78533,106.67029
2025-10-05 07:00:00+07:00,CMT8,30.40541648864746,10.78533,106.67029
2025-10-05 08:00:00+07:00,CMT8,31.13166672653622,10.78533,106.67029
2025-10-05 09:00:00+07:00,CMT8,31.925791729821096,10.78533,106.67029
2025-10-05 10:00:00+07:00,CMT8,26.211708354949945,10.78533,106.67029
2025-10-05 11:00:00+07:00,CMT8,18.74316666391161,10.78533,106.67029
2025-10-05 12:00:00+07:00,CMT8,17.201027801301745,10.78533,106.67029
2025-10-05 13:00:00+07:00,CMT8,13.6552916765213,10.78533,106.67029
2025-10-05 14:00:00+07:00,CMT8,11.687999963760376,10.78533,106.67029
2025-10-05 15:00:00+07:00,CMT8,12.505152747366163,10.78533,106.67029
2025-10-05 16:00:00+07:00,CMT8,17.631625008583068,10.78533,106.67029
2025-10-05 17:00:00+07:00,CMT8,16.343583329518637,10.78533,106.67029
2025-10-05 18:00:00+07:00,CMT8,23.995666726430258,10.78533,106.67029
2025-10-05 19:00:00+07:00,CMT8,39.753777649667526,10.78533,106.67029
2025-10-05 20:00:00+07:00,CMT8,41.43783355553945,10.78533,106.67029
2025-10-05 21:00:00+07:00,CMT8,19.00275001525879,10.78533,106.67029
2025-10-05 22:00:00+07:00,CMT8,18.44400000572205,10.78533,106.67029
2025-10-05 23:00:00+07:00,CMT8,23.66362502574921,10.78533,106.67029
2025-10-06 00:00:00+07:00,CMT8,25.546833324432374,10.78533,106.67029
2025-10-06 01:00:00+07:00,CMT8,28.226499875386555,10.78533,106.67029
2025-10-06 02:00:00+07:00,CMT8,26.710749975840255,10.78533,106.67029
2025-10-06 03:00:00+07:00,CMT8,22.10641665458679,10.78533,106.67029
2025-10-06 04:00:00+07:00,CMT8,18.183916648228962,10.78533,106.67029
2025-10-06 05:00:00+07:00,CMT8,15.12787500752343,10.78533,106.67029
2025-10-06 06:00:00+07:00,CMT8,17.760611126157972,10.78533,106.67029
2025-10-06 07:00:00+07:00,CMT8,25.736666777398852,10.78533,106.67029
2025-10-06 08:00:00+07:00,CMT8,30.011166866620382,10.78533,106.67029
2025-10-06 09:00:00+07:00,CMT8,31.449111239115396,10.78533,106.67029
2025-10-06 10:00:00+07:00,CMT8,28.04176399707794,10.78533,106.67029
2025-10-06 11:00:00+07:00,CMT8,30.731458457310996,10.78533,106.67029
2025-10-06 12:00:00+07:00,CMT8,25.311347285906475,10.78533,106.67029
2025-10-06 13:00:00+07:00,CMT8,17.743486094474793,10.78533,106.67029
2025-10-06 14:00:00+07:00,CMT8,21.866833326551646,10.78533,106.67029
2025-10-06 15:00:00+07:00,CMT8,22.22462495697869,10.78533,106.67029
2025-10-06 16:00:00+07:00,CMT8,22.68311106363932,10.78533,106.67029
2025-10-06 17:00:00+07:00,CMT8,22.814500069618223,10.78533,106.67029
2025-10-06 18:00:00+07:00,CMT8,32.785958425203965,10.78533,106.67029
2025-10-06 19:00:00+07:00,CMT8,35.51083347797394,10.78533,106.67029
2025-10-06 20:00:00+07:00,CMT8,23.205611064698957,10.78533,106.67029
2025-10-06 21:00:00+07:00,CMT8,19.023958325386047,10.78533,106.67029
2025-10-06 22:00:00+07:00,CMT8,28.245027796427408,10.78533,106.67029
2025-10-06 23:00:00+07:00,CMT8,29.282194508446583,10.78533,106.67029
2025-10-07 00:00:00+07:00,CMT8,38.8165002822876,10.78533,106.67029
2025-10-07 01:00:00+07:00,CMT8,30.375208210945132,10.78533,106.67029
2025-10-07 02:00:00+07:00,CMT8,34.78462487061818,10.78533,106.67029
2025-10-07 03:00:00+07:00,CMT8,26.40706944730547,10.78533,106.67029
2025-10-07 04:00:00+07:00,CMT8,20.821166658401488,10.78533,106.67029
2025-10-07 05:00:00+07:00,CMT8,24.47166666984558,10.78533,106.67029
2025-10-07 06:00:00+07:00,CMT8,29.570916716257727,10.78533,106.67029
2025-10-07 07:00:00+07:00,CMT8,42.42445863087972,10.78533,106.67029
2025-10-07 08:00:00+07:00,CMT8,46.462791506449385,10.78533,106.67029
2025-10-07 09:00:00+07:00,CMT8,36.39808330535889,10.78533,106.67029
2025-10-07 10:00:00+07:00,CMT8,24.813291652997336,10.78533,106.67029
2025-10-07 11:00:00+07:00,CMT8,22.001583348380194,10.78533,106.67029
2025-10-07 12:00:00+07:00,CMT8,21.19220844639672,10.78533,106.67029
2025-10-07 13:00:00+07:00,CMT8,15.161166667938232,10.78533,106.67029
2025-10-07 14:00:00+07:00,CMT8,16.610222254859078,10.78533,106.67029
2025-10-07 15:00:00+07:00,CMT8,15.32984721660614,10.78533,106.67029
2025-10-07 16:00:00+07:00,CMT8,16.867583322525025,10.78533,106.67029
2025-10-07 17:00:00+07:00,CMT8,23.72870832284292,10.78533,106.67029
2025-10-07 18:00:00+07:00,CMT8,18.560999965667722,10.78533,106.67029
2025-10-07 19:00:00+07:00,CMT8,22.4332083357705,10.78533,106.67029
2025-10-07 20:00:00+07:00,CMT8,26.842486135164894,10.78533,106.67029
2025-10-07 21:00:00+07:00,CMT8,30.44137503306071,10.78533,106.67029
2025-10-07 22:00:00+07:00,CMT8,30.03325004577637,10.78533,106.67029
2025-10-07 23:00:00+07:00,CMT8,28.86766665776571,10.78533,106.67029
2025-10-08 00:00:00+07:00,CMT8,33.937249843279524,10.78533,106.67029
2025-10-08 01:00:00+07:00,CMT8,29.80120820204417,10.78533,106.67029
2025-10-08 02:00:00+07:00,CMT8,25.44219444062975,10.78533,106.67029
2025-10-08 03:00:00+07:00,CMT8,22.49691668616401,10.78533,106.67029
2025-10-08 04:00:00+07:00,CMT8,22.93274998664856,10.78533,106.67029
2025-10-08 05:00:00+07:00,CMT8,29.99011114968194,10.78533,106.67029
2025-10-08 06:00:00+07:00,CMT8,43.06054159800211,10.78533,106.67029
2025-10-08 07:00:00+07:00,CMT8,46.96441675821939,10.78533,106.67029
2025-10-08 08:00:00+07:00,CMT8,40.71588880750868,10.78533,106.67029
2025-10-08 09:00:00+07:00,CMT8,44.94058316548666,10.78533,106.67029
2025-10-08 10:00:00+07:00,CMT8,38.51045792897543,10.78533,106.67029
2025-10-08 11:00:00+07:00,CMT8,39.8081667582194,10.78533,106.67029
2025-10-08 12:00:00+07:00,CMT8,41.47170861562093,10.78533,106.67029
2025-10-08 13:00:00+07:00,CMT8,39.34954153696696,10.78533,106.67029
2025-10-08 14:00:00+07:00,CMT8,35.68198561138577,10.78533,106.67029
2025-10-08 15:00:00+07:00,CMT8,38.76908353169759,10.78533,106.67029
2025-10-08 16:00:00+07:00,CMT8,43.002069579230415,10.78533,106.67029
2025-10-08 17:00:00+07:00,CMT8,38.6681666692098,10.78533,106.67029
2025-10-08 18:00:00+07:00,CMT8,39.283902719285756,10.78533,106.67029
2025-10-08 19:00:00+07:00,CMT8,35.47099994818369,10.78533,106.67029
2025-10-08 20:00:00+07:00,CMT8,25.606013888782925,10.78533,106.67029
2025-10-08 21:00:00+07:00,CMT8,24.726708351241214,10.78533,106.67029
2025-10-08 22:00:00+07:00,CMT8,29.953041934967043,10.78533,106.67029
2025-10-08 23:00:00+07:00,CMT8,36.88312505086263,10.78533,106.67029
2025-10-09 00:00:00+07:00,CMT8,36.6327915430069,10.78533,106.67029
2025-10-09 01:00:00+07:00,CMT8,25.230541666348774,10.78533,106.67029
2025-10-09 02:00:00+07:00,CMT8,28.875291721026105,10.78533,106.67029
2025-10-09 03:00:00+07:00,CMT8,28.075250005722044,10.78533,106.67029
2025-10-09 04:00:00+07:00,CMT8,33.22033349672953,10.78533,106.67029
2025-10-09 05:00:00+07:00,CMT8,35.960208415985115,10.78533,106.67029
2025-10-09 06:00:00+07:00,CMT8,44.39488877190484,10.78533,106.67029
2025-10-09 07:00:00+07:00,CMT8,47.26233317057291,10.78533,106.67029
2025-10-09 08:00:00+07:00,Care Centre,43.95424938201904,10.774491,106.661026
2025-10-09 08:00:00+07:00,CMT8,48.27312526702881,10.78533,106.67029
2025-10-09 09:00:00+07:00,Care Centre,34.7184165318807,10.774491,106.661026
2025-10-09 09:00:00+07:00,CMT8,39.47783327102661,10.78533,106.67029
2025-10-09 10:00:00+07:00,CMT8,34.638166745503746,10.78533,106.67029
2025-10-09 10:00:00+07:00,Care Centre,29.533361434936523,10.774491,106.661026
2025-10-09 11:00:00+07:00,Care Centre,30.821874459584553,10.774491,106.661026
2025-10-09 11:00:00+07:00,CMT8,35.47283341089884,10.78533,106.67029
2025-10-09 12:00:00+07:00,Care Centre,36.2614164352417,10.774491,106.661026
2025-10-09 12:00:00+07:00,CMT8,40.86925010681152,10.78533,106.67029
2025-10-09 13:00:00+07:00,Care Centre,43.33458391825358,10.774491,106.661026
2025-10-09 13:00:00+07:00,CMT8,45.50120843251546,10.78533,106.67029
2025-10-09 14:00:00+07:00,Care Centre,53.58515230814616,10.774491,106.661026
2025-10-09 14:00:00+07:00,CMT8,53.62424964904786,10.78533,106.67029
2025-10-09 15:00:00+07:00,Care Centre,40.54983345667521,10.774491,106.661026
2025-10-09 15:00:00+07:00,CMT8,41.28770821889241,10.78533,106.67029
2025-10-09 16:00:00+07:00,Care Centre,34.882999897003174,10.774491,106.661026
2025-10-09 16:00:00+07:00,CMT8,35.60879170099894,10.78533,106.67029
2025-10-09 17:00:00+07:00,CMT8,47.274083836873366,10.78533,106.67029
2025-10-09 17:00:00+07:00,Care Centre,41.04015286763509,10.774491,106.661026
2025-10-09 18:00:00+07:00,CMT8,61.340292040506995,10.78533,106.67029
2025-10-09 18:00:00+07:00,Care Centre,53.064416567484535,10.774491,106.661026
2025-10-09 19:00:00+07:00,CMT8,52.4929583867391,10.78533,106.67029
2025-10-09 19:00:00+07:00,Care Centre,51.591124852498375,10.774491,106.661026
2025-10-09 20:00:00+07:00,Care Centre,32.38504139582316,10.774491,106.661026
2025-10-09 20:00:00+07:00,CMT8,37.329458173116045,10.78533,106.67029
2025-10-09 21:00:00+07:00,Care Centre,27.87375020980835,10.774491,106.661026
2025-10-09 21:00:00+07:00,CMT8,31.443638647927177,10.78533,106.67029
2025-10-09 22:00:00+07:00,Care Centre,25.20336119333903,10.774491,106.661026
2025-10-09 22:00:00+07:00,CMT8,25.924875028928124,10.78533,106.67029
2025-10-09 23:00:00+07:00,Care Centre,26.67983325322469,10.774491,106.661026
2025-10-09 23:00:00+07:00,CMT8,28.200749905904143,10.78533,106.67029
2025-10-10 00:00:00+07:00,Care Centre,32.94562530517578,10.774491,106.661026
2025-10-10 00:00:00+07:00,CMT8,32.16008299986522,10.78533,106.67029
2025-10-10 01:00:00+07:00,CMT8,23.327208375930784,10.78533,106.67029
2025-10-10 01:00:00+07:00,Care Centre,23.042166868845623,10.774491,106.661026
2025-10-10 02:00:00+07:00,CMT8,22.328666671117148,10.78533,106.67029
2025-10-10 02:00:00+07:00,Care Centre,23.723041375478108,10.774491,106.661026
2025-10-10 03:00:00+07:00,CMT8,25.779319670465256,10.78533,106.67029
2025-10-10 03:00:00+07:00,Care Centre,25.351999918619793,10.774491,106.661026
2025-10-10 04:00:00+07:00,CMT8,17.266208322842914,10.78533,106.67029
2025-10-10 04:00:00+07:00,Care Centre,19.44416658083598,10.774491,106.661026
2025-10-10 05:00:00+07:00,Care Centre,23.42816686630249,10.774491,106.661026
2025-10-10 05:00:00+07:00,CMT8,26.867916833029852,10.78533,106.67029
2025-10-10 06:00:00+07:00,Care Centre,36.19013865788778,10.774491,106.661026
2025-10-10 06:00:00+07:00,CMT8,43.40783322652181,10.78533,106.67029
2025-10-10 07:00:00+07:00,Care Centre,44.28626410166422,10.774491,106.661026
2025-10-10 07:00:00+07:00,CMT8,47.54265274471707,10.78533,106.67029
2025-10-10 08:00:00+07:00,CMT8,60.08362483978272,10.78533,106.67029
2025-10-10 08:00:00+07:00,Care Centre,47.776000340779625,10.774491,106.661026
2025-10-10 09:00:00+07:00,Care Centre,55.53591664632162,10.774491,106.661026
2025-10-10 09:00:00+07:00,CMT8,59.55987491607666,10.78533,106.67029
2025-10-10 10:00:00+07:00,Care Centre,44.93195788065592,10.774491,106.661026
2025-10-10 10:00:00+07:00,CMT8,63.44466616312662,10.78533,106.67029
2025-10-10 11:00:00+07:00,Care Centre,36.84362522761027,10.774491,106.661026
2025-10-10 11:00:00+07:00,CMT8,46.587916819254566,10.78533,106.67029
2025-10-10 12:00:00+07:00,CMT8,39.80719443427191,10.78533,106.67029
2025-10-10 12:00:00+07:00,Care Centre,29.659291585286457,10.774491,106.661026
2025-10-10 13:00:00+07:00,Care Centre,32.568750063578285,10.774491,106.661026
2025-10-10 13:00:00+07:00,CMT8,35.57620833714804,10.78533,106.67029
2025-10-10 14:00:00+07:00,CMT8,30.05141680240631,10.78533,106.67029
2025-10-10 14:00:00+07:00,Care Centre,22.144097010294598,10.774491,106.661026
2025-10-10 15:00:00+07:00,Care Centre,8.858666698137919,10.774491,106.661026
2025-10-10 15:00:00+07:00,CMT8,15.672083314259849,10.78533,106.67029
2025-10-10 16:00:00+07:00,CMT8,18.818986111217075,10.78533,106.67029
2025-10-10 16:00:00+07:00,Care Centre,13.356805404027304,10.774491,106.661026
2025-10-10 17:00:00+07:00,Care Centre,11.746708393096924,10.774491,106.661026
2025-10-10 17:00:00+07:00,CMT8,27.28409713374244,10.78533,106.67029
2025-10-10 18:00:00+07:00,Care Centre,26.13516664505005,10.774491,106.661026
2025-10-10 18:00:00+07:00,CMT8,33.17112507820129,10.78533,106.67029
2025-10-10 19:00:00+07:00,Care Centre,27.297791798909504,10.774491,106.661026
2025-10-10 19:00:00+07:00,CMT8,32.78919458654192,10.78533,106.67029
2025-10-10 20:00:00+07:00,Care Centre,25.564277807871502,10.774491,106.661026
2025-10-10 20:00:00+07:00,CMT8,31.140250102678937,10.78533,106.67029
2025-10-10 21:00:00+07:00,Care Centre,19.0,10.774491,106.661026
2025-10-10 21:00:00+07:00,CMT8,28.07112503846486,10.78533,106.67029
2025-10-10 22:00:00+07:00,CMT8,27.62720850308736,10.78533,106.67029
2025-10-10 23:00:00+07:00,CMT8,33.077499914169316,10.78533,106.67029
2025-10-11 00:00:00+07:00,CMT8,35.58395799001058,10.78533,106.67029
2025-10-11 01:00:00+07:00,CMT8,35.15229161580403,10.78533,106.67029
2025-10-11 02:00:00+07:00,CMT8,51.57383321126303,10.78533,106.67029
2025-10-11 03:00:00+07:00,CMT8,88.60508321126302,10.78533,106.67029
2025-10-11 04:00:00+07:00,CMT8,106.5805000305176,10.78533,106.67029
2025-10-11 05:00:00+07:00,CMT8,123.88587512969968,10.78533,106.67029
2025-10-11 06:00:00+07:00,CMT8,108.60258344014487,10.78533,106.67029
2025-10-11 07:00:00+07:00,CMT8,111.60891672770181,10.78533,106.67029
2025-10-11 08:00:00+07:00,CMT8,112.38187465667725,10.78533,106.67029
2025-10-11 09:00:00+07:00,CMT8,88.99666659037273,10.78533,106.67029
2025-10-11 10:00:00+07:00,CMT8,30.15391670068105,10.78533,106.67029
2025-10-11 11:00:00+07:00,CMT8,25.091125061776903,10.78533,106.67029
2025-10-11 12:00:00+07:00,CMT8,32.21970813274384,10.78533,106.67029
2025-10-11 13:00:00+07:00,CMT8,36.33662509918212,10.78533,106.67029
2025-10-11 14:00:00+07:00,CMT8,21.94862500031789,10.78533,106.67029
2025-10-11 15:00:00+07:00,CMT8,17.47795833746592,10.78533,106.67029
2025-10-11 16:00:00+07:00,CMT8,21.502902701165937,10.78533,106.67029
2025-10-11 17:00:00+07:00,CMT8,37.72562500635783,10.78533,106.67029
2025-10-11 18:00:00+07:00,CMT8,30.222666690084676,10.78533,106.67029
2025-10-11 20:00:00+07:00,CMT8,24.85854168732961,10.78533,106.67029
2025-10-11 21:00:00+07:00,CMT8,24.616499980290737,10.78533,106.67029
2025-10-11 22:00:00+07:00,CMT8,20.834694465001423,10.78533,106.67029
2025-10-11 23:00:00+07:00,CMT8,20.049152790175544,10.78533,106.67029
2025-10-12 00:00:00+07:00,CMT8,23.693347202406986,10.78533,106.67029
2025-10-12 01:00:00+07:00,CMT8,28.74533336957295,10.78533,106.67029
2025-10-12 02:00:00+07:00,CMT8,39.490791773796076,10.78533,106.67029
2025-10-12 03:00:00+07:00,CMT8,38.99469468858507,10.78533,106.67029
2025-10-12 04:00:00+07:00,CMT8,39.091652658250595,10.78533,106.67029
2025-10-12 05:00:00+07:00,CMT8,39.60912456512451,10.78533,106.67029
2025-10-12 06:00:00+07:00,CMT8,45.617958005269365,10.78533,106.67029
2025-10-12 07:00:00+07:00,CMT8,49.28773610856799,10.78533,106.67029
2025-10-12 08:00:00+07:00,CMT8,42.74720846811931,10.78533,106.67029
2025-10-12 09:00:00+07:00,Care Centre,52.18199968338013,10.774491,106.661026
2025-10-12 09:00:00+07:00,CMT8,58.21506981319852,10.78533,106.67029
2025-10-12 10:00:00+07:00,CMT8,69.28095849355061,10.78533,106.67029
2025-10-12 10:00:00+07:00,Care Centre,66.61991628011067,10.774491,106.661026
2025-10-12 11:00:00+07:00,CMT8,63.57858327229818,10.78533,106.67029
2025-10-12 11:00:00+07:00,Care Centre,59.92852783203125,10.774491,106.661026
2025-10-12 12:00:00+07:00,CMT8,68.44791628519694,10.78533,106.67029
2025-10-12 12:00:00+07:00,Care Centre,60.710083961486816,10.774491,106.661026
2025-10-12 13:00:00+07:00,CMT8,61.30395832061768,10.78533,106.67029
2025-10-12 13:00:00+07:00,Care Centre,59.94250011444092,10.774491,106.661026
2025-10-12 14:00:00+07:00,Care Centre,46.23709774017334,10.774491,106.661026
2025-10-12 14:00:00+07:00,CMT8,43.90824966430663,10.78533,106.67029
2025-10-12 15:00:00+07:00,Care Centre,52.68150043487549,10.774491,106.661026
2025-10-12 15:00:00+07:00,CMT8,51.45908330281575,10.78533,106.67029
2025-10-12 16:00:00+07:00,CMT8,36.2959169626236,10.78533,106.67029
2025-10-12 16:00:00+07:00,Care Centre,27.467305342356365,10.774491,106.661026
2025-10-12 17:00:00+07:00,Care Centre,30.369930903116863,10.774491,106.661026
2025-10-12 17:00:00+07:00,CMT8,38.98950010935466,10.78533,106.67029
2025-10-12 18:00:00+07:00,CMT8,37.5771666208903,10.78533,106.67029
2025-10-12 18:00:00+07:00,Care Centre,30.549416700998943,10.774491,106.661026
2025-10-12 19:00:00+07:00,Care Centre,21.44326368967692,10.774491,106.661026
2025-10-12 19:00:00+07:00,CMT8,29.39683340390523,10.78533,106.67029
2025-10-12 20:00:00+07:00,Care Centre,20.087041695912678,10.774491,106.661026
2025-10-12 20:00:00+07:00,CMT8,26.83158331447177,10.78533,106.67029
2025-10-12 21:00:00+07:00,Care Centre,16.70687500635783,10.774491,106.661026
2025-10-12 21:00:00+07:00,CMT8,32.64959732691447,10.78533,106.67029
2025-10-12 22:00:00+07:00,CMT8,22.385249990887115,10.78533,106.67029
2025-10-12 22:00:00+07:00,Care Centre,13.63426391283671,10.774491,106.661026
2025-10-12 23:00:00+07:00,CMT8,24.222250040372217,10.78533,106.67029
2025-10-12 23:00:00+07:00,Care Centre,16.590222040812176,10.774491,106.661026
2025-10-13 00:00:00+07:00,CMT8,21.276625005404156,10.78533,106.67029
2025-10-13 00:00:00+07:00,Care Centre,17.26920811335246,10.774491,106.661026
2025-10-13 01:00:00+07:00,Care Centre,18.970125039418537,10.774491,106.661026
2025-10-13 01:00:00+07:00,CMT8,20.66374998622471,10.78533,106.67029
2025-10-13 02:00:00+07:00,CMT8,14.184041666984557,10.78533,106.67029
2025-10-13 02:00:00+07:00,Care Centre,10.287555615107218,10.774491,106.661026
2025-10-13 03:00:00+07:00,CMT8,15.742986114819843,10.78533,106.67029
2025-10-13 03:00:00+07:00,Care Centre,11.42662501335144,10.774491,106.661026
2025-10-13 04:00:00+07:00,CMT8,15.683444441689387,10.78533,106.67029
2025-10-13 04:00:00+07:00,Care Centre,11.755375067392984,10.774491,106.661026
2025-10-13 05:00:00+07:00,CMT8,20.46158333354526,10.78533,106.67029
2025-10-13 05:00:00+07:00,Care Centre,19.96868085861206,10.774491,106.661026
2025-10-13 06:00:00+07:00,CMT8,33.259708518452115,10.78533,106.67029
2025-10-13 06:00:00+07:00,Care Centre,24.81552743911743,10.774491,106.661026
2025-10-13 07:00:00+07:00,Care Centre,37.81723610560099,10.774491,106.661026
2025-10-13 07:00:00+07:00,CMT8,39.67293933521617,10.78533,106.67029
2025-10-13 08:00:00+07:00,Care Centre,38.34772237141927,10.774491,106.661026
2025-10-13 08:00:00+07:00,CMT8,46.49808324178059,10.78533,106.67029
2025-10-13 09:00:00+07:00,CMT8,45.577916590372716,10.78533,106.67029
2025-10-13 09:00:00+07:00,Care Centre,35.58822250366211,10.774491,106.661026
2025-10-13 10:00:00+07:00,CMT8,39.78391672770182,10.78533,106.67029
2025-10-13 10:00:00+07:00,Care Centre,32.475041230519615,10.774491,106.661026
2025-10-13 11:00:00+07:00,Care Centre,31.69522190093994,10.774491,106.661026
2025-10-13 11:00:00+07:00,CMT8,41.3611252784729,10.78533,106.67029
2025-10-13 12:00:00+07:00,Care Centre,22.025833129882812,10.774491,106.661026
2025-10-13 12:00:00+07:00,CMT8,29.236277776294283,10.78533,106.67029
2025-10-13 13:00:00+07:00,CMT8,25.555972173478864,10.78533,106.67029
2025-10-13 13:00:00+07:00,Care Centre,20.63829167683919,10.774491,106.661026
2025-10-13 14:00:00+07:00,CMT8,32.76341677506765,10.78533,106.67029
2025-10-13 14:00:00+07:00,Care Centre,34.95740222930908,10.774491,106.661026
2025-10-13 15:00:00+07:00,CMT8,51.226472303602435,10.78533,106.67029
2025-10-13 15:00:00+07:00,Care Centre,39.54249986012777,10.774491,106.661026
2025-10-13 16:00:00+07:00,CMT8,40.719125175476066,10.78533,106.67029
2025-10-13 16:00:00+07:00,Care Centre,37.91386063893636,10.774491,106.661026
2025-10-13 17:00:00+07:00,CMT8,41.35129172007243,10.78533,106.67029
2025-10-13 17:00:00+07:00,Care Centre,33.10818068186442,10.774491,106.661026
2025-10-13 18:00:00+07:00,CMT8,46.25902765062121,10.78533,106.67029
2025-10-13 18:00:00+07:00,Care Centre,40.130791346232094,10.774491,106.661026
2025-10-13 19:00:00+07:00,CMT8,39.46891667048137,10.78533,106.67029
2025-10-13 19:00:00+07:00,Care Centre,30.57938861846924,10.774491,106.661026
2025-10-13 20:00:00+07:00,CMT8,46.666625022888184,10.78533,106.67029
2025-10-13 20:00:00+07:00,Care Centre,42.356874783833824,10.774491,106.661026
2025-10-13 21:00:00+07:00,CMT8,52.30652749803331,10.78533,106.67029
2025-10-13 21:00:00+07:00,Care Centre,45.12983417510986,10.774491,106.661026
2025-10-13 22:00:00+07:00,Care Centre,44.10913944244385,10.774491,106.661026
2025-10-13 22:00:00+07:00,CMT8,41.184291489919026,10.78533,106.67029
2025-10-13 23:00:00+07:00,Care Centre,23.60137478510539,10.774491,106.661026
2025-10-13 23:00:00+07:00,CMT8,50.808319282531734,10.78533,106.67029
2025-10-14 00:00:00+07:00,Care Centre,15.976486206054688,10.774491,106.661026
2025-10-14 00:00:00+07:00,CMT8,26.194639020495945,10.78533,106.67029
2025-10-14 01:00:00+07:00,CMT8,13.797277763154773,10.78533,106.67029
2025-10-14 01:00:00+07:00,Care Centre,7.510069370269775,10.774491,106.661026
2025-10-14 02:00:00+07:00,CMT8,6.956916681925456,10.78533,106.67029
2025-10-14 02:00:00+07:00,Care Centre,1.3345000110566616,10.774491,106.661026
2025-10-14 03:00:00+07:00,Care Centre,0.9250000044703484,10.774491,106.661026
2025-10-14 03:00:00+07:00,CMT8,6.709499994913737,10.78533,106.67029
2025-10-14 04:00:00+07:00,CMT8,8.520291670163472,10.78533,106.67029
2025-10-14 04:00:00+07:00,Care Centre,0.4242916740477085,10.774491,106.661026
2025-10-14 05:00:00+07:00,CMT8,16.954083331425988,10.78533,106.67029
2025-10-14 05:00:00+07:00,Care Centre,4.05483337243398,10.774491,106.661026
2025-10-14 06:00:00+07:00,CMT8,15.771416664123535,10.78533,106.67029
2025-10-14 06:00:00+07:00,Care Centre,6.848291635513306,10.774491,106.661026
2025-10-14 07:00:00+07:00,Care Centre,13.359708309173584,10.774491,106.661026
2025-10-14 07:00:00+07:00,CMT8,21.508680537011895,10.78533,106.67029
2025-10-14 08:00:00+07:00,Care Centre,18.638750076293945,10.774491,106.661026
2025-10-14 08:00:00+07:00,CMT8,20.807375025749206,10.78533,106.67029
2025-10-14 09:00:00+07:00,Care Centre,24.51580556233724,10.774491,106.661026
2025-10-14 09:00:00+07:00,CMT8,34.57304148674012,10.78533,106.67029
2025-10-14 10:00:00+07:00,CMT8,34.55976376798418,10.78533,106.67029
2025-10-14 10:00:00+07:00,Care Centre,24.550124804178875,10.774491,106.661026
2025-10-14 11:00:00+07:00,CMT8,35.87162497838339,10.78533,106.67029
2025-10-14 11:00:00+07:00,Care Centre,27.565958340962727,10.774491,106.661026
2025-10-14 12:00:00+07:00,Care Centre,24.89370822906494,10.774491,106.661026
2025-10-14 12:00:00+07:00,CMT8,35.997874991099046,10.78533,106.67029
2025-10-14 13:00:00+07:00,Care Centre,26.407652775446575,10.774491,106.661026
2025-10-14 13:00:00+07:00,CMT8,36.59658353328705,10.78533,106.67029
2025-10-14 14:00:00+07:00,Care Centre,15.04366652170817,10.774491,106.661026
2025-10-14 14:00:00+07:00,CMT8,35.45504160722097,10.78533,106.67029
2025-10-14 15:00:00+07:00,CMT8,26.810625211397806,10.78533,106.67029
2025-10-14 15:00:00+07:00,Care Centre,22.982666492462158,10.774491,106.661026
2025-10-14 16:00:00+07:00,Care Centre,32.41820844014486,10.774491,106.661026
2025-10-14 16:00:00+07:00,CMT8,36.85633290608724,10.78533,106.67029
2025-10-14 17:00:00+07:00,CMT8,34.286610900031185,10.78533,106.67029
2025-10-14 17:00:00+07:00,Care Centre,29.165569464365642,10.774491,106.661026
2025-10-14 18:00:00+07:00,CMT8,23.9653194559945,10.78533,106.67029
2025-10-14 18:00:00+07:00,Care Centre,20.06541697184245,10.774491,106.661026
2025-10-14 19:00:00+07:00,CMT8,22.36020827293396,10.78533,106.67029
2025-10-14 19:00:00+07:00,Care Centre,14.866847276687622,10.774491,106.661026
2025-10-14 20:00:00+07:00,Care Centre,12.279000043869019,10.774491,106.661026
2025-10-14 20:00:00+07:00,CMT8,28.939486000272964,10.78533,106.67029
2025-10-14 21:00:00+07:00,CMT8,33.917363756353204,10.78533,106.67029
2025-10-14 21:00:00+07:00,Care Centre,29.467250029246014,10.774491,106.661026
2025-10-14 22:00:00+07:00,Care Centre,36.227166970570885,10.774491,106.661026
2025-10-14 22:00:00+07:00,CMT8,39.726930512322326,10.78533,106.67029
2025-10-14 23:00:00+07:00,Care Centre,35.200416564941406,10.774491,106.661026
2025-10-14 23:00:00+07:00,CMT8,36.2407917658488,10.78533,106.67029
2025-10-15 00:00:00+07:00,CMT8,28.039694484074904,10.78533,106.67029
2025-10-15 00:00:00+07:00,Care Centre,27.130083084106445,10.774491,106.661026
2025-10-15 01:00:00+07:00,CMT8,26.522319436073303,10.78533,106.67029
2025-10-15 01:00:00+07:00,Care Centre,31.312514146169026,10.774491,106.661026
2025-10-15 02:00:00+07:00,CMT8,34.923680739932585,10.78533,106.67029
2025-10-15 02:00:00+07:00,Care Centre,36.220306078592934,10.774491,106.661026
2025-10-15 03:00:00+07:00,CMT8,35.12888875537448,10.78533,106.67029
2025-10-15 03:00:00+07:00,Care Centre,35.58893076578776,10.774491,106.661026
2025-10-15 04:00:00+07:00,CMT8,54.38941688537599,10.78533,106.67029
2025-10-15 04:00:00+07:00,Care Centre,48.591346740722656,10.774491,106.661026
2025-10-15 05:00:00+07:00,CMT8,64.86691691080729,10.78533,106.67029
2025-10-15 05:00:00+07:00,Care Centre,60.54062430063883,10.774491,106.661026
2025-10-15 06:00:00+07:00,CMT8,67.99087467193603,10.78533,106.67029
2025-10-15 06:00:00+07:00,Care Centre,64.68520927429199,10.774491,106.661026
2025-10-15 07:00:00+07:00,CMT8,66.2449305428399,10.78533,106.67029
2025-10-15 07:00:00+07:00,Care Centre,61.708236376444496,10.774491,106.661026
2025-10-15 08:00:00+07:00,Care Centre,43.8478749593099,10.774491,106.661026
2025-10-15 08:00:00+07:00,CMT8,46.589083480834965,10.78533,106.67029
2025-10-15 09:00:00+07:00,CMT8,36.745041680335994,10.78533,106.67029
2025-10-15 09:00:00+07:00,Care Centre,28.24725039800008,10.774491,106.661026
2025-10-15 10:00:00+07:00,Care Centre,31.00688902537028,10.774491,106.661026
2025-10-15 10:00:00+07:00,CMT8,35.24624978701274,10.78533,106.67029
2025-10-15 11:00:00+07:00,Care Centre,28.002666473388672,10.774491,106.661026
2025-10-15 11:00:00+07:00,CMT8,36.98183336257935,10.78533,106.67029
2025-10-15 12:00:00+07:00,Care Centre,20.336472352345783,10.774491,106.661026
2025-10-15 12:00:00+07:00,CMT8,25.915958333015443,10.78533,106.67029
2025-10-15 13:00:00+07:00,Care Centre,22.311458269755047,10.774491,106.661026
2025-10-15 13:00:00+07:00,CMT8,28.012750069300335,10.78533,106.67029
2025-10-15 14:00:00+07:00,Care Centre,21.096416632334392,10.774491,106.661026
2025-10-15 14:00:00+07:00,CMT8,27.085583368937176,10.78533,106.67029
2025-10-15 15:00:00+07:00,CMT8,24.262194453345405,10.78533,106.67029
2025-10-15 15:00:00+07:00,Care Centre,18.5578195254008,10.774491,106.661026
2025-10-15 16:00:00+07:00,Care Centre,16.208666563034058,10.774491,106.661026
2025-10-15 16:00:00+07:00,CMT8,21.41831945048438,10.78533,106.67029
2025-10-15 17:00:00+07:00,CMT8,28.687708322207133,10.78533,106.67029
2025-10-15 17:00:00+07:00,Care Centre,21.574291706085205,10.774491,106.661026
2025-10-15 18:00:00+07:00,CMT8,18.847583325703937,10.78533,106.67029
2025-10-15 18:00:00+07:00,Care Centre,10.510075829245828,10.774491,106.661026
2025-10-15 19:00:00+07:00,Care Centre,21.789424202658914,10.774491,106.661026
2025-10-15 19:00:00+07:00,CMT8,23.083958331743872,10.78533,106.67029
2025-10-15 20:00:00+07:00,CMT8,34.30222178565132,10.78533,106.67029
2025-10-15 20:00:00+07:00,Care Centre,30.946763674418133,10.774491,106.661026
2025-10-15 21:00:00+07:00,Care Centre,30.867083072662354,10.774491,106.661026
2025-10-15 21:00:00+07:00,CMT8,37.25365136464437,10.78533,106.67029
2025-10-15 22:00:00+07:00,Care Centre,31.458861351013184,10.774491,106.661026
2025-10-15 22:00:00+07:00,CMT8,33.74804176489512,10.78533,106.67029
2025-10-15 23:00:00+07:00,Care Centre,27.067277669906616,10.774491,106.661026
2025-10-15 23:00:00+07:00,CMT8,27.72865278985765,10.78533,106.67029
2025-10-16 00:00:00+07:00,Care Centre,12.92941681543986,10.774491,106.661026
2025-10-16 00:00:00+07:00,CMT8,21.00708334181044,10.78533,106.67029
2025-10-16 01:00:00+07:00,Care Centre,24.203388849894207,10.774491,106.661026
2025-10-16 01:00:00+07:00,CMT8,27.46793050765991,10.78533,106.67029
2025-10-16 02:00:00+07:00,CMT8,28.15640281041463,10.78533,106.67029
2025-10-16 02:00:00+07:00,Care Centre,33.1414163907369,10.774491,106.661026
2025-10-16 03:00:00+07:00,Care Centre,25.593083540598553,10.774491,106.661026
2025-10-16 03:00:00+07:00,CMT8,21.235597226354813,10.78533,106.67029
2025-10-16 04:00:00+07:00,Care Centre,25.68662468592326,10.774491,106.661026
2025-10-16 04:00:00+07:00,CMT8,31.37397216690911,10.78533,106.67029
2025-10-16 05:00:00+07:00,CMT8,31.822805484135944,10.78533,106.67029
2025-10-16 05:00:00+07:00,Care Centre,31.266846815745037,10.774491,106.661026
2025-10-16 06:00:00+07:00,CMT8,32.35266668796539,10.78533,106.67029
2025-10-16 06:00:00+07:00,Care Centre,33.49324941635132,10.774491,106.661026
2025-10-16 07:00:00+07:00,CMT8,34.38612463209364,10.78533,106.67029
2025-10-16 07:00:00+07:00,Care Centre,36.40016667048136,10.774491,106.661026
2025-10-16 08:00:00+07:00,Care Centre,36.40562470753988,10.774491,106.661026
2025-10-16 08:00:00+07:00,CMT8,38.1369166135788,10.78533,106.67029
2025-10-16 09:00:00+07:00,CMT8,49.98319413926867,10.78533,106.67029
2025-10-16 09:00:00+07:00,Care Centre,46.48508326212565,10.774491,106.661026
2025-10-16 10:00:00+07:00,Care Centre,48.720750172932945,10.774491,106.661026
2025-10-16 10:00:00+07:00,CMT8,51.36418052249484,10.78533,106.67029
2025-10-16 11:00:00+07:00,CMT8,33.44320805072785,10.78533,106.67029
2025-10-16 11:00:00+07:00,Care Centre,25.672555764516193,10.774491,106.661026
2025-10-16 12:00:00+07:00,CMT8,22.521458371480307,10.78533,106.67029
2025-10-16 12:00:00+07:00,Care Centre,18.20358331998189,10.774491,106.661026
2025-10-16 13:00:00+07:00,Care Centre,15.986958384513855,10.774491,106.661026
2025-10-16 13:00:00+07:00,CMT8,23.43870823383331,10.78533,106.67029
2025-10-16 14:00:00+07:00,CMT8,16.604680588510302,10.78533,106.67029
2025-10-16 14:00:00+07:00,Care Centre,8.387499888737997,10.774491,106.661026
2025-10-16 15:00:00+07:00,CMT8,21.634416691462196,10.78533,106.67029
2025-10-16 15:00:00+07:00,Care Centre,12.427777767181396,10.774491,106.661026
2025-10-16 16:00:00+07:00,CMT8,24.20049997965495,10.78533,106.67029
2025-10-16 16:00:00+07:00,Care Centre,20.355944474538166,10.774491,106.661026
2025-10-16 17:00:00+07:00,CMT8,20.123333326975505,10.78533,106.67029
2025-10-16 17:00:00+07:00,Care Centre,12.853999853134155,10.774491,106.661026
2025-10-16 18:00:00+07:00,CMT8,29.442749969164527,10.78533,106.67029
2025-10-16 18:00:00+07:00,Care Centre,18.556333144505818,10.774491,106.661026
2025-10-16 19:00:00+07:00,Care Centre,33.5658745765686,10.774491,106.661026
2025-10-16 19:00:00+07:00,CMT8,50.076416746775315,10.78533,106.67029
2025-10-16 20:00:00+07:00,CMT8,33.28769460519155,10.78533,106.67029
2025-10-16 20:00:00+07:00,Care Centre,23.29300022125244,10.774491,106.661026
2025-10-16 21:00:00+07:00,Care Centre,24.80697218577067,10.774491,106.661026
2025-10-16 21:00:00+07:00,CMT8,26.973055582576325,10.78533,106.67029
2025-10-16 22:00:00+07:00,CMT8,21.779333305358886,10.78533,106.67029
2025-10-16 22:00:00+07:00,Care Centre,21.338958422342937,10.774491,106.661026
2025-10-16 23:00:00+07:00,CMT8,29.69884719318814,10.78533,106.67029
2025-10-16 23:00:00+07:00,Care Centre,19.59872229894002,10.774491,106.661026
2025-10-17 00:00:00+07:00,CMT8,36.60041670269436,10.78533,106.67029
2025-10-17 00:00:00+07:00,Care Centre,21.273694276809692,10.774491,106.661026
2025-10-17 01:00:00+07:00,Care Centre,60.47177759806315,10.774491,106.661026
2025-10-17 01:00:00+07:00,CMT8,50.58504174550374,10.78533,106.67029
2025-10-17 02:00:00+07:00,Care Centre,58.867874463399254,10.774491,106.661026
2025-10-17 02:00:00+07:00,CMT8,50.68629182179769,10.78533,106.67029
2025-10-17 03:00:00+07:00,Care Centre,54.70540269215902,10.774491,106.661026
2025-10-17 03:00:00+07:00,CMT8,48.246930588616266,10.78533,106.67029
2025-10-17 04:00:00+07:00,Care Centre,34.60366678237915,10.774491,106.661026
2025-10-17 04:00:00+07:00,CMT8,35.485875034332274,10.78533,106.67029
2025-10-17 05:00:00+07:00,Care Centre,39.83718045552572,10.774491,106.661026
2025-10-17 05:00:00+07:00,CMT8,42.39429175059001,10.78533,106.67029
2025-10-17 06:00:00+07:00,Care Centre,45.55620797475179,10.774491,106.661026
2025-10-17 06:00:00+07:00,CMT8,44.30236133999295,10.78533,106.67029
2025-10-17 07:00:00+07:00,Care Centre,49.37462488810221,10.774491,106.661026
2025-10-17 07:00:00+07:00,CMT8,49.05079199473064,10.78533,106.67029
2025-10-17 08:00:00+07:00,Care Centre,44.43137454986572,10.774491,106.661026
2025-10-17 08:00:00+07:00,CMT8,51.16077757941352,10.78533,106.67029
2025-10-17 09:00:00+07:00,Care Centre,46.1785691579183,10.774491,106.661026
2025-10-17 09:00:00+07:00,CMT8,49.41231903500027,10.78533,106.67029
2025-10-17 10:00:00+07:00,CMT8,43.12708333333333,10.78533,106.67029
2025-10-17 10:00:00+07:00,Care Centre,38.278958320617676,10.774491,106.661026
2025-10-17 11:00:00+07:00,CMT8,36.02220799128215,10.78533,106.67029
2025-10-17 11:00:00+07:00,Care Centre,32.992139180501304,10.774491,106.661026
2025-10-17 12:00:00+07:00,CMT8,32.97158326307933,10.78533,106.67029
2025-10-17 12:00:00+07:00,Care Centre,28.4388329188029,10.774491,106.661026
2025-10-17 13:00:00+07:00,Care Centre,21.409944534301758,10.774491,106.661026
2025-10-17 13:00:00+07:00,CMT8,26.066749938329057,10.78533,106.67029
2025-10-17 14:00:00+07:00,Care Centre,19.648652871449787,10.774491,106.661026
2025-10-17 14:00:00+07:00,CMT8,23.154097215334573,10.78533,106.67029
2025-10-17 15:00:00+07:00,CMT8,28.65733342965444,10.78533,106.67029
2025-10-17 15:00:00+07:00,Care Centre,22.894208431243896,10.774491,106.661026
2025-10-17 16:00:00+07:00,Care Centre,18.29895830154419,10.774491,106.661026
2025-10-17 16:00:00+07:00,CMT8,21.354527743657428,10.78533,106.67029
2025-10-17 17:00:00+07:00,Care Centre,7.078055540720622,10.774491,106.661026
2025-10-17 17:00:00+07:00,CMT8,17.506708391507466,10.78533,106.67029
2025-10-17 18:00:00+07:00,Care Centre,16.745874961217243,10.774491,106.661026
2025-10-17 18:00:00+07:00,CMT8,23.442597227626376,10.78533,106.67029
2025-10-17 19:00:00+07:00,Care Centre,23.132166862487793,10.774491,106.661026
2025-10-17 19:00:00+07:00,CMT8,28.995583359400428,10.78533,106.67029
2025-10-17 20:00:00+07:00,CMT8,30.357499837875366,10.78533,106.67029
2025-10-17 20:00:00+07:00,Care Centre,26.869208176930744,10.774491,106.661026
2025-10-17 21:00:00+07:00,Care Centre,28.458110809326172,10.774491,106.661026
2025-10-17 21:00:00+07:00,CMT8,33.04452752537198,10.78533,106.67029
2025-10-17 22:00:00+07:00,Care Centre,32.93048572540283,10.774491,106.661026
2025-10-17 22:00:00+07:00,CMT8,36.7219168027242,10.78533,106.67029
2025-10-17 23:00:00+07:00,CMT8,39.868207867940264,10.78533,106.67029
2025-10-17 23:00:00+07:00,Care Centre,37.219041188557945,10.774491,106.661026
2025-10-18 00:00:00+07:00,CMT8,40.51990278032091,10.78533,106.67029
2025-10-18 00:00:00+07:00,Care Centre,37.4799165725708,10.774491,106.661026
2025-10-18 01:00:00+07:00,CMT8,41.802791659037275,10.78533,106.67029
2025-10-18 01:00:00+07:00,Care Centre,40.673708279927574,10.774491,106.661026
2025-10-18 02:00:00+07:00,CMT8,53.20524978637695,10.78533,106.67029
2025-10-18 02:00:00+07:00,Care Centre,47.24079163869222,10.774491,106.661026
2025-10-18 03:00:00+07:00,Care Centre,48.48701413472494,10.774491,106.661026
2025-10-18 03:00:00+07:00,CMT8,45.02533327738444,10.78533,106.67029
2025-10-18 04:00:00+07:00,Care Centre,37.37712446848551,10.774491,106.661026
2025-10-18 04:00:00+07:00,CMT8,41.11137523651123,10.78533,106.67029
2025-10-18 05:00:00+07:00,CMT8,43.8230832417806,10.78533,106.67029
2025-10-18 05:00:00+07:00,Care Centre,39.119263648986816,10.774491,106.661026
2025-10-18 06:00:00+07:00,Care Centre,45.18920771280924,10.774491,106.661026
2025-10-18 06:00:00+07:00,CMT8,46.00837497711181,10.78533,106.67029
2025-10-18 07:00:00+07:00,CMT8,46.56549962361654,10.78533,106.67029
2025-10-18 07:00:00+07:00,Care Centre,45.80524984995524,10.774491,106.661026
2025-10-18 08:00:00+07:00,Care Centre,54.16698614756266,10.774491,106.661026
2025-10-18 08:00:00+07:00,CMT8,57.47647217644586,10.78533,106.67029
2025-10-18 09:00:00+07:00,CMT8,60.61894421047635,10.78533,106.67029
2025-10-18 09:00:00+07:00,Care Centre,51.87565326690674,10.774491,106.661026
2025-10-18 10:00:00+07:00,CMT8,40.783541933695474,10.78533,106.67029
2025-10-18 10:00:00+07:00,Care Centre,37.39379199345907,10.774491,106.661026
2025-10-18 11:00:00+07:00,CMT8,40.9388472451104,10.78533,106.67029
2025-10-18 11:00:00+07:00,Care Centre,32.7915415763855,10.774491,106.661026
2025-10-18 12:00:00+07:00,CMT8,36.41473577287463,10.78533,106.67029
2025-10-18 12:00:00+07:00,Care Centre,31.265291690826416,10.774491,106.661026
2025-10-18 13:00:00+07:00,CMT8,35.717166678110765,10.78533,106.67029
2025-10-18 13:00:00+07:00,Care Centre,29.505750338236492,10.774491,106.661026
2025-10-18 14:00:00+07:00,CMT8,34.15786121156481,10.78533,106.67029
2025-10-18 14:00:00+07:00,Care Centre,31.289708773295086,10.774491,106.661026
2025-10-18 15:00:00+07:00,CMT8,29.902833247184756,10.78533,106.67029
2025-10-18 15:00:00+07:00,Care Centre,32.98222176233927,10.774491,106.661026
2025-10-18 16:00:00+07:00,CMT8,26.149027723736236,10.78533,106.67029
2025-10-18 16:00:00+07:00,Care Centre,20.620694438616436,10.774491,106.661026
2025-10-18 17:00:00+07:00,Care Centre,27.254833062489826,10.774491,106.661026
2025-10-18 17:00:00+07:00,CMT8,31.002916574478146,10.78533,106.67029
2025-10-18 18:00:00+07:00,Care Centre,45.48741658528646,10.774491,106.661026
2025-10-18 18:00:00+07:00,CMT8,46.75466639200847,10.78533,106.67029
2025-10-18 19:00:00+07:00,Care Centre,38.901041666666664,10.774491,106.661026
2025-10-18 19:00:00+07:00,CMT8,38.876332918802895,10.78533,106.67029
2025-10-18 20:00:00+07:00,CMT8,29.786749958992008,10.78533,106.67029
2025-10-18 20:00:00+07:00,Care Centre,28.189083099365234,10.774491,106.661026
2025-10-18 21:00:00+07:00,CMT8,40.30472221639421,10.78533,106.67029
2025-10-18 21:00:00+07:00,Care Centre,34.45820824305216,10.774491,106.661026
2025-10-18 22:00:00+07:00,Care Centre,76.36916605631511,10.774491,106.661026
2025-10-18 22:00:00+07:00,CMT8,73.5791665395101,10.78533,106.67029
2025-10-18 23:00:00+07:00,Care Centre,65.07351303100586,10.774491,106.661026
2025-10-18 23:00:00+07:00,CMT8,65.7548888736301,10.78533,106.67029
2025-10-19 00:00:00+07:00,CMT8,46.60098595089383,10.78533,106.67029
2025-10-19 00:00:00+07:00,Care Centre,50.470930417378746,10.774491,106.661026
2025-10-19 01:00:00+07:00,CMT8,39.13595854441325,10.78533,106.67029
2025-10-19 01:00:00+07:00,Care Centre,40.85688908894857,10.774491,106.661026
2025-10-19 02:00:00+07:00,CMT8,44.24513876173231,10.78533,106.67029
2025-10-19 02:00:00+07:00,Care Centre,46.91820812225342,10.774491,106.661026
2025-10-19 03:00:00+07:00,Care Centre,45.161291440327965,10.774491,106.661026
2025-10-19 03:00:00+07:00,CMT8,44.35881968604195,10.78533,106.67029
2025-10-19 04:00:00+07:00,Care Centre,46.32900015513102,10.774491,106.661026
2025-10-19 04:00:00+07:00,CMT8,47.94741655985515,10.78533,106.67029
2025-10-19 05:00:00+07:00,Care Centre,45.7745558420817,10.774491,106.661026
2025-10-19 05:00:00+07:00,CMT8,47.74563886854384,10.78533,106.67029
2025-10-19 06:00:00+07:00,CMT8,42.86094415452744,10.78533,106.67029
2025-10-19 06:00:00+07:00,Care Centre,42.448041915893555,10.774491,106.661026
2025-10-19 07:00:00+07:00,Care Centre,44.662124951680504,10.774491,106.661026
2025-10-19 07:00:00+07:00,CMT8,44.5411529329088,10.78533,106.67029
2025-10-19 08:00:00+07:00,CMT8,51.92593093448215,10.78533,106.67029
2025-10-19 08:00:00+07:00,Care Centre,52.37813917795817,10.774491,106.661026
2025-10-19 09:00:00+07:00,CMT8,54.87216669718425,10.78533,106.67029
2025-10-19 09:00:00+07:00,Care Centre,45.94715277353922,10.774491,106.661026
2025-10-19 10:00:00+07:00,CMT8,27.83838899930318,10.78533,106.67029
2025-10-19 10:00:00+07:00,Care Centre,28.111958185831707,10.774491,106.661026
2025-10-19 11:00:00+07:00,CMT8,15.934999990463256,10.78533,106.67029
2025-10-19 11:00:00+07:00,Care Centre,21.730000178019207,10.774491,106.661026
2025-10-19 12:00:00+07:00,CMT8,21.16341667175293,10.78533,106.67029
2025-10-19 12:00:00+07:00,Care Centre,19.30168040593465,10.774491,106.661026
2025-10-19 13:00:00+07:00,CMT8,20.87262501451704,10.78533,106.67029
2025-10-19 13:00:00+07:00,Care Centre,19.576416492462158,10.774491,106.661026
2025-10-19 14:00:00+07:00,CMT8,25.50220840771993,10.78533,106.67029
2025-10-19 14:00:00+07:00,Care Centre,20.104652722676594,10.774491,106.661026
2025-10-19 15:00:00+07:00,Care Centre,23.319000244140625,10.774491,106.661026
2025-10-19 15:00:00+07:00,CMT8,32.39716662565867,10.78533,106.67029
2025-10-19 16:00:00+07:00,Care Centre,23.249958356221516,10.774491,106.661026
2025-10-19 16:00:00+07:00,CMT8,33.67187476158142,10.78533,106.67029
2025-10-19 17:00:00+07:00,Care Centre,18.46524985631307,10.774491,106.661026
2025-10-19 17:00:00+07:00,CMT8,20.72236113548279,10.78533,106.67029
2025-10-19 18:00:00+07:00,Care Centre,6.243458350499471,10.774491,106.661026
2025-10-19 18:00:00+07:00,CMT8,18.46212503910065,10.78533,106.67029
2025-10-19 19:00:00+07:00,CMT8,25.910374991099044,10.78533,106.67029
2025-10-19 19:00:00+07:00,Care Centre,21.27187490463257,10.774491,106.661026
2025-10-19 20:00:00+07:00,CMT8,41.686180395550195,10.78533,106.67029
2025-10-19 20:00:00+07:00,Care Centre,29.14887523651123,10.774491,106.661026
2025-10-19 21:00:00+07:00,CMT8,36.51861102845934,10.78533,106.67029
2025-10-19 21:00:00+07:00,Care Centre,29.038041591644287,10.774491,106.661026
2025-10-19 22:00:00+07:00,Care Centre,31.57151397069295,10.774491,106.661026
2025-10-19 22:00:00+07:00,CMT8,33.987527320120066,10.78533,106.67029
2025-10-19 23:00:00+07:00,CMT8,35.477527946896025,10.78533,106.67029
2025-10-19 23:00:00+07:00,Care Centre,36.959208488464355,10.774491,106.661026
2025-10-20 00:00:00+07:00,Care Centre,47.85498587290446,10.774491,106.661026
2025-10-20 00:00:00+07:00,CMT8,60.77713885837131,10.78533,106.67029
2025-10-20 01:00:00+07:00,Care Centre,44.57373650868734,10.774491,106.661026
2025-10-20 01:00:00+07:00,CMT8,46.6201804055108,10.78533,106.67029
2025-10-20 02:00:00+07:00,CMT8,43.97206927405463,10.78533,106.67029
2025-10-20 02:00:00+07:00,Care Centre,42.33847268422445,10.774491,106.661026
2025-10-20 03:00:00+07:00,Care Centre,32.302333196004234,10.774491,106.661026
2025-10-20 03:00:00+07:00,CMT8,32.96579157511393,10.78533,106.67029
2025-10-20 04:00:00+07:00,Care Centre,28.960708300272625,10.774491,106.661026
2025-10-20 04:00:00+07:00,CMT8,33.93361095057593,10.78533,106.67029
2025-10-20 05:00:00+07:00,Care Centre,31.180583635965984,10.774491,106.661026
2025-10-20 05:00:00+07:00,CMT8,33.723514053556656,10.78533,106.67029
2025-10-20 06:00:00+07:00,Care Centre,36.24805545806885,10.774491,106.661026
2025-10-20 06:00:00+07:00,CMT8,38.17943053775364,10.78533,106.67029
2025-10-20 07:00:00+07:00,Care Centre,40.99276383717855,10.774491,106.661026
2025-10-20 07:00:00+07:00,CMT8,44.710916773478196,10.78533,106.67029
2025-10-20 08:00:00+07:00,CMT8,45.77345841725668,10.78533,106.67029
2025-10-20 08:00:00+07:00,Care Centre,40.49205525716146,10.774491,106.661026
2025-10-20 09:00:00+07:00,Care Centre,36.078916231791176,10.774491,106.661026
2025-10-20 09:00:00+07:00,CMT8,40.31770811080933,10.78533,106.67029
2025-10-20 10:00:00+07:00,CMT8,24.086263812912836,10.78533,106.67029
2025-10-20 10:00:00+07:00,Care Centre,24.286499977111816,10.774491,106.661026
2025-10-20 11:00:00+07:00,Care Centre,22.83312479654948,10.774491,106.661026
2025-10-20 11:00:00+07:00,CMT8,27.401874876022337,10.78533,106.67029
2025-10-20 12:00:00+07:00,Care Centre,27.591805458068848,10.774491,106.661026
2025-10-20 12:00:00+07:00,CMT8,31.903583439191177,10.78533,106.67029
2025-10-20 16:00:00+07:00,Care Centre,9.005319476127625,10.774491,106.661026
2025-10-20 16:00:00+07:00,CMT8,25.3096248626709,10.78533,106.67029
2025-10-20 17:00:00+07:00,CMT8,27.8514443927341,10.78533,106.67029
2025-10-20 17:00:00+07:00,Care Centre,24.5760555267334,10.774491,106.661026
2025-10-20 18:00:00+07:00,CMT8,35.90211120181613,10.78533,106.67029
2025-10-20 18:00:00+07:00,Care Centre,26.350333372751873,10.774491,106.661026
2025-10-20 19:00:00+07:00,Care Centre,28.70293076833089,10.774491,106.661026
2025-10-20 19:00:00+07:00,CMT8,38.86141653855642,10.78533,106.67029
2025-10-20 20:00:00+07:00,Care Centre,31.231250286102295,10.774491,106.661026
2025-10-20 20:00:00+07:00,CMT8,34.968000021847814,10.78533,106.67029
2025-10-20 21:00:00+07:00,Care Centre,29.98983383178711,10.774491,106.661026
2025-10-20 21:00:00+07:00,CMT8,35.300666395823164,10.78533,106.67029
2025-10-20 22:00:00+07:00,Care Centre,34.10930554072062,10.774491,106.661026
2025-10-20 22:00:00+07:00,CMT8,34.02618039713966,10.78533,106.67029
2025-10-20 23:00:00+07:00,CMT8,35.275472185346814,10.78533,106.67029
2025-10-20 23:00:00+07:00,Care Centre,31.80823628107707,10.774491,106.661026
2025-10-21 00:00:00+07:00,Care Centre,26.1264165242513,10.774491,106.661026
2025-10-21 00:00:00+07:00,CMT8,29.81850004196167,10.78533,106.67029
2025-10-21 01:00:00+07:00,CMT8,26.562430516878763,10.78533,106.67029
2025-10-21 01:00:00+07:00,Care Centre,23.26733334859212,10.774491,106.661026
2025-10-21 02:00:00+07:00,Care Centre,18.93037494023641,10.774491,106.661026
2025-10-21 02:00:00+07:00,CMT8,24.823833327823213,10.78533,106.67029
2025-10-21 03:00:00+07:00,Care Centre,20.94194444020589,10.774491,106.661026
2025-10-21 03:00:00+07:00,CMT8,24.244263879458106,10.78533,106.67029
2025-10-21 04:00:00+07:00,CMT8,26.280736094050937,10.78533,106.67029
2025-10-21 04:00:00+07:00,Care Centre,26.087791601816814,10.774491,106.661026
2025-10-21 05:00:00+07:00,CMT8,27.330363637750803,10.78533,106.67029
2025-10-21 05:00:00+07:00,Care Centre,28.55441649754842,10.774491,106.661026
2025-10-21 06:00:00+07:00,Care Centre,33.595235188802086,10.774491,106.661026
2025-10-21 06:00:00+07:00,CMT8,35.791513718499075,10.78533,106.67029
2025-10-21 07:00:00+07:00,Care Centre,39.32095813751221,10.774491,106.661026
2025-10-21 07:00:00+07:00,CMT8,43.08924980163575,10.78533,106.67029
2025-10-21 08:00:00+07:00,Care Centre,44.85776424407959,10.774491,106.661026
2025-10-21 08:00:00+07:00,CMT8,47.352068943447534,10.78533,106.67029
2025-10-21 09:00:00+07:00,Care Centre,47.64981937408447,10.774491,106.661026
2025-10-21 09:00:00+07:00,CMT8,54.9330000559489,10.78533,106.67029
2025-10-21 10:00:00+07:00,Care Centre,40.43191655476888,10.774491,106.661026
2025-10-21 10:00:00+07:00,CMT8,44.28858311971029,10.78533,106.67029
2025-10-21 11:00:00+07:00,Care Centre,37.0803476969401,10.774491,106.661026
2025-10-21 11:00:00+07:00,CMT8,38.09761089748806,10.78533,106.67029
2025-10-21 12:00:00+07:00,Care Centre,30.06606960296631,10.774491,106.661026
2025-10-21 12:00:00+07:00,CMT8,32.371152716212805,10.78533,106.67029
2025-10-21 13:00:00+07:00,Care Centre,22.36684735616048,10.774491,106.661026
2025-10-21 13:00:00+07:00,CMT8,24.99627777205573,10.78533,106.67029
2025-10-21 14:00:00+07:00,Care Centre,21.659541447957356,10.774491,106.661026
2025-10-21 14:00:00+07:00,CMT8,24.867708293596905,10.78533,106.67029
2025-10-21 15:00:00+07:00,CMT8,32.447750242551166,10.78533,106.67029
2025-10-21 15:00:00+07:00,Care Centre,23.062333424886067,10.774491,106.661026
2025-10-21 16:00:00+07:00,Care Centre,24.67870833873749,10.774491,106.661026
2025-10-21 16:00:00+07:00,CMT8,35.26124978065491,10.78533,106.67029
2025-10-21 17:00:00+07:00,Care Centre,28.439652784665427,10.774491,106.661026
2025-10-21 17:00:00+07:00,CMT8,42.32383324305217,10.78533,106.67029
2025-10-21 18:00:00+07:00,CMT8,57.08454138437907,10.78533,106.67029
2025-10-21 18:00:00+07:00,Care Centre,34.857458082834874,10.774491,106.661026
2025-10-21 19:00:00+07:00,CMT8,44.54484712812636,10.78533,106.67029
2025-10-21 19:00:00+07:00,Care Centre,35.54462490081787,10.774491,106.661026
2025-10-21 20:00:00+07:00,Care Centre,34.15419427818723,10.774491,106.661026
2025-10-21 20:00:00+07:00,CMT8,38.04420846303304,10.78533,106.67029
2025-10-21 21:00:00+07:00,Care Centre,33.45159759521484,10.774491,106.661026
2025-10-21 21:00:00+07:00,CMT8,36.547958413759865,10.78533,106.67029
2025-10-21 22:00:00+07:00,Care Centre,7.370291723310946,10.774491,106.661026
2025-10-21 22:00:00+07:00,CMT8,9.662374981244406,10.78533,106.67029
2025-10-21 23:00:00+07:00,Care Centre,9.091597215334575,10.774491,106.661026
2025-10-21 23:00:00+07:00,CMT8,23.38450001080831,10.78533,106.67029
2025-10-22 00:00:00+07:00,Care Centre,22.711416657765707,10.774491,106.661026
2025-10-22 00:00:00+07:00,CMT8,28.114458301332263,10.78533,106.67029
2025-10-22 01:00:00+07:00,Care Centre,28.790180563926697,10.774491,106.661026
2025-10-22 01:00:00+07:00,CMT8,31.40315280225542,10.78533,106.67029
2025-10-22 02:00:00+07:00,Care Centre,30.618916622797652,10.774491,106.661026
2025-10-22 02:00:00+07:00,CMT8,32.91997233231862,10.78533,106.67029
2025-10-22 03:00:00+07:00,Care Centre,26.68562497297923,10.774491,106.661026
2025-10-22 03:00:00+07:00,CMT8,30.53788874414232,10.78533,106.67029
2025-10-22 04:00:00+07:00,Care Centre,32.09987507661184,10.774491,106.661026
2025-10-22 04:00:00+07:00,CMT8,36.766458259688484,10.78533,106.67029
2025-10-22 05:00:00+07:00,Care Centre,43.86533330281576,10.774491,106.661026
2025-10-22 05:00:00+07:00,CMT8,50.72355558607313,10.78533,106.67029
2025-10-22 06:00:00+07:00,Care Centre,50.1790833791097,10.774491,106.661026
2025-10-22 06:00:00+07:00,CMT8,55.314000320434566,10.78533,106.67029
2025-10-22 07:00:00+07:00,CMT8,74.87055545383029,10.78533,106.67029
2025-10-22 07:00:00+07:00,Care Centre,76.8478333791097,10.774491,106.661026
2025-10-22 08:00:00+07:00,Care Centre,125.82925046284991,10.774491,106.661026
2025-10-22 08:00:00+07:00,CMT8,108.62038887871637,10.78533,106.67029
2025-10-22 09:00:00+07:00,CMT8,119.72774230494643,10.78533,106.67029
2025-10-22 09:00:00+07:00,Care Centre,131.04393083784316,10.774491,106.661026
2025-10-22 10:00:00+07:00,CMT8,127.43912499745686,10.78533,106.67029
2025-10-22 10:00:00+07:00,Care Centre,102.21679134368897,10.774491,106.661026
2025-10-22 11:00:00+07:00,CMT8,63.38848620520698,10.78533,106.67029
2025-10-22 11:00:00+07:00,Care Centre,43.391527599758575,10.774491,106.661026
2025-10-22 12:00:00+07:00,CMT8,78.34998624589709,10.78533,106.67029
2025-10-22 12:00:00+07:00,Care Centre,72.77638927035862,10.774491,106.661026
2025-10-22 13:00:00+07:00,CMT8,33.99404181639353,10.78533,106.67029
2025-10-22 13:00:00+07:00,Care Centre,29.81240290535821,10.774491,106.661026
2025-10-22 14:00:00+07:00,Care Centre,44.79499969482422,10.774491,106.661026
2025-10-22 14:00:00+07:00,CMT8,43.23438907199435,10.78533,106.67029
2025-10-22 15:00:00+07:00,CMT8,43.453899688720696,10.78533,106.67029
2025-10-22 15:00:00+07:00,Care Centre,44.01555015563965,10.774491,106.661026
2025-10-22 16:00:00+07:00,CMT8,43.096291414896655,10.78533,106.67029
2025-10-22 16:00:00+07:00,Care Centre,40.628846889071994,10.774491,106.661026
2025-10-22 17:00:00+07:00,CMT8,47.464805560641814,10.78533,106.67029
2025-10-22 17:00:00+07:00,Care Centre,45.739041837056476,10.774491,106.661026
2025-10-22 18:00:00+07:00,Care Centre,45.62063626376065,10.774491,106.661026
2025-10-22 18:00:00+07:00,CMT8,44.68559091741388,10.78533,106.67029
2025-10-22 19:00:00+07:00,Care Centre,38.9844089161266,10.774491,106.661026
2025-10-22 19:00:00+07:00,CMT8,39.88107575792255,10.78533,106.67029
2025-10-22 20:00:00+07:00,CMT8,31.482416661580405,10.78533,106.67029
2025-10-22 20:00:00+07:00,Care Centre,32.814500037829085,10.774491,106.661026
2025-10-22 21:00:00+07:00,CMT8,25.10787493652768,10.78533,106.67029
2025-10-22 21:00:00+07:00,Care Centre,22.96090278360579,10.774491,106.661026
2025-10-22 22:00:00+07:00,Care Centre,19.104430561595493,10.774491,106.661026
2025-10-22 22:00:00+07:00,CMT8,25.119416708416406,10.78533,106.67029
2025-10-22 23:00:00+07:00,CMT8,18.03589394598296,10.78533,106.67029
2025-10-22 23:00:00+07:00,Care Centre,9.81912500858307,10.774491,106.661026
2025-10-23 00:00:00+07:00,Care Centre,6.709652776188321,10.774491,106.661026
2025-10-23 00:00:00+07:00,CMT8,12.535805564456515,10.78533,106.67029
2025-10-23 01:00:00+07:00,Care Centre,2.378069443090095,10.774491,106.661026
2025-10-23 01:00:00+07:00,CMT8,6.61833332379659,10.78533,106.67029
2025-10-23 02:00:00+07:00,Care Centre,1.392805567300982,10.774491,106.661026
2025-10-23 02:00:00+07:00,CMT8,6.651541670163474,10.78533,106.67029
2025-10-23 03:00:00+07:00,Care Centre,5.909916667143505,10.774491,106.661026
2025-10-23 03:00:00+07:00,CMT8,12.623000001907348,10.78533,106.67029
2025-10-23 04:00:00+07:00,Care Centre,13.62783335049947,10.774491,106.661026
2025-10-23 04:00:00+07:00,CMT8,21.37890275584327,10.78533,106.67029
2025-10-23 05:00:00+07:00,CMT8,31.974041644732157,10.78533,106.67029
2025-10-23 05:00:00+07:00,Care Centre,24.583458336194354,10.774491,106.661026
2025-10-23 06:00:00+07:00,Care Centre,32.33016661008199,10.774491,106.661026
2025-10-23 06:00:00+07:00,CMT8,33.38266661961874,10.78533,106.67029
2025-10-23 07:00:00+07:00,CMT8,38.534721840752496,10.78533,106.67029
2025-10-23 07:00:00+07:00,Care Centre,36.85158373514811,10.774491,106.661026
2025-10-23 08:00:00+07:00,Care Centre,40.90983327229817,10.774491,106.661026
2025-10-23 08:00:00+07:00,CMT8,44.42062511444092,10.78533,106.67029
2025-10-23 09:00:00+07:00,Care Centre,37.79576367272271,10.774491,106.661026
2025-10-23 09:00:00+07:00,CMT8,39.820722283257375,10.78533,106.67029
2025-10-23 10:00:00+07:00,Care Centre,38.71676358116998,10.774491,106.661026
2025-10-23 10:00:00+07:00,CMT8,41.58020814259847,10.78533,106.67029
2025-10-23 11:00:00+07:00,Care Centre,45.11274986267089,10.774491,106.661026
2025-10-23 11:00:00+07:00,CMT8,44.582125155131024,10.78533,106.67029
2025-10-23 12:00:00+07:00,Care Centre,53.653791491190596,10.774491,106.661026
2025-10-23 12:00:00+07:00,CMT8,56.73775024414062,10.78533,106.67029
2025-10-23 13:00:00+07:00,CMT8,67.60051347944471,10.78533,106.67029
2025-10-23 13:00:00+07:00,Care Centre,58.90490288204617,10.774491,106.661026
2025-10-23 14:00:00+07:00,CMT8,47.84679190317791,10.78533,106.67029
2025-10-23 14:00:00+07:00,Care Centre,40.23858350118002,10.774491,106.661026
2025-10-23 15:00:00+07:00,Care Centre,36.324875100453696,10.774491,106.661026
2025-10-23 15:00:00+07:00,CMT8,40.23137493133545,10.78533,106.67029
2025-10-23 16:00:00+07:00,CMT8,38.40793891675545,10.78533,106.67029
2025-10-23 16:00:00+07:00,Care Centre,34.99950041337447,10.774491,106.661026
2025-10-23 17:00:00+07:00,Care Centre,30.592458391189577,10.774491,106.661026
2025-10-23 17:00:00+07:00,CMT8,40.70479170481364,10.78533,106.67029
2025-10-23 18:00:00+07:00,Care Centre,32.279611261685695,10.774491,106.661026
2025-10-23 18:00:00+07:00,CMT8,40.66216646830241,10.78533,106.67029
2025-10-23 19:00:00+07:00,Care Centre,22.78079154491424,10.774491,106.661026
2025-10-23 19:00:00+07:00,CMT8,32.965708470344545,10.78533,106.67029
2025-10-23 20:00:00+07:00,CMT8,24.57594447135925,10.78533,106.67029
2025-10-23 20:00:00+07:00,Care Centre,16.340499999788076,10.774491,106.661026
2025-10-23 21:00:00+07:00,CMT8,18.525999991099038,10.78533,106.67029
2025-10-23 21:00:00+07:00,Care Centre,12.786083337995741,10.774491,106.661026
2025-10-23 22:00:00+07:00,Care Centre,31.195319663153754,10.774491,106.661026
2025-10-23 22:00:00+07:00,CMT8,37.69556915495131,10.78533,106.67029
2025-10-23 23:00:00+07:00,CMT8,26.241861041386926,10.78533,106.67029
2025-10-23 23:00:00+07:00,Care Centre,25.282277796003555,10.774491,106.661026
2025-10-24 00:00:00+07:00,Care Centre,11.276124993960062,10.774491,106.661026
2025-10-24 00:00:00+07:00,CMT8,16.815277756585015,10.78533,106.67029
2025-10-24 01:00:00+07:00,Care Centre,18.520513897471957,10.774491,106.661026
2025-10-24 01:00:00+07:00,CMT8,20.574236098925272,10.78533,106.67029
2025-10-24 02:00:00+07:00,Care Centre,12.934375013245479,10.774491,106.661026
2025-10-24 02:00:00+07:00,CMT8,13.561375011338129,10.78533,106.67029
2025-10-24 03:00:00+07:00,Care Centre,11.292541654904687,10.774491,106.661026
2025-10-24 03:00:00+07:00,CMT8,16.968347218301563,10.78533,106.67029
2025-10-24 04:00:00+07:00,Care Centre,20.535736129018993,10.774491,106.661026
2025-10-24 04:00:00+07:00,CMT8,23.171736105283102,10.78533,106.67029
2025-10-24 05:00:00+07:00,CMT8,36.52486115561591,10.78533,106.67029
2025-10-24 05:00:00+07:00,Care Centre,30.33820842107137,10.774491,106.661026
2025-10-24 06:00:00+07:00,Care Centre,46.49325014750164,10.774491,106.661026
2025-10-24 06:00:00+07:00,CMT8,49.80543049706355,10.78533,106.67029
2025-10-24 07:00:00+07:00,CMT8,59.659708468119305,10.78533,106.67029
2025-10-24 07:00:00+07:00,Care Centre,51.90295861562094,10.774491,106.661026
2025-10-24 08:00:00+07:00,CMT8,53.002319696214464,10.78533,106.67029
2025-10-24 08:00:00+07:00,Care Centre,47.44251380496555,10.774491,106.661026
2025-10-24 09:00:00+07:00,CMT8,45.41949996948242,10.78533,106.67029
2025-10-24 09:00:00+07:00,Care Centre,37.063287610718696,10.774491,106.661026
2025-10-24 10:00:00+07:00,Care Centre,38.513013988071016,10.774491,106.661026
2025-10-24 10:00:00+07:00,CMT8,39.15479170481364,10.78533,106.67029
2025-10-24 11:00:00+07:00,CMT8,44.368277910020616,10.78533,106.67029
2025-10-24 11:00:00+07:00,Care Centre,40.69994422064887,10.774491,106.661026
2025-10-24 12:00:00+07:00,Care Centre,34.84661112096574,10.774491,106.661026
2025-10-24 12:00:00+07:00,CMT8,41.38963873121474,10.78533,106.67029
2025-10-24 13:00:00+07:00,Care Centre,40.04108289082845,10.774491,106.661026
2025-10-24 13:00:00+07:00,CMT8,45.163207944234216,10.78533,106.67029
2025-10-24 14:00:00+07:00,Care Centre,41.00566673278809,10.774491,106.661026
2025-10-24 14:00:00+07:00,CMT8,48.46300010681153,10.78533,106.67029
2025-10-24 15:00:00+07:00,Care Centre,39.40212497711182,10.774491,106.661026
2025-10-24 15:00:00+07:00,CMT8,45.58199996948242,10.78533,106.67029
2025-10-24 16:00:00+07:00,Care Centre,35.33258310953776,10.774491,106.661026
2025-10-24 16:00:00+07:00,CMT8,40.37722217771743,10.78533,106.67029
2025-10-24 17:00:00+07:00,CMT8,44.727431000603566,10.78533,106.67029
2025-10-24 17:00:00+07:00,Care Centre,39.87693076663547,10.774491,106.661026
2025-10-24 18:00:00+07:00,Care Centre,41.28130527072483,10.774491,106.661026
2025-10-24 18:00:00+07:00,CMT8,47.188416926066076,10.78533,106.67029
2025-10-24 19:00:00+07:00,Care Centre,48.50686128404406,10.774491,106.661026
2025-10-24 19:00:00+07:00,CMT8,49.455333455403654,10.78533,106.67029
2025-10-24 20:00:00+07:00,Care Centre,46.00048622555203,10.774491,106.661026
2025-10-24 20:00:00+07:00,CMT8,44.1665833791097,10.78533,106.67029
2025-10-24 21:00:00+07:00,Care Centre,36.32651369306776,10.774491,106.661026
2025-10-24 21:00:00+07:00,CMT8,38.10937480926514,10.78533,106.67029
2025-10-24 22:00:00+07:00,CMT8,30.691749954223635,10.78533,106.67029
2025-10-24 22:00:00+07:00,Care Centre,28.37170837720235,10.774491,106.661026
2025-10-24 23:00:00+07:00,CMT8,37.79033330281576,10.78533,106.67029
2025-10-24 23:00:00+07:00,Care Centre,32.31597185664707,10.774491,106.661026
2025-10-25 00:00:00+07:00,CMT8,30.7714720302158,10.78533,106.67029
2025-10-25 00:00:00+07:00,Care Centre,29.38443059391446,10.774491,106.661026
2025-10-25 01:00:00+07:00,Care Centre,30.985430502891543,10.774491,106.661026
2025-10-25 01:00:00+07:00,CMT8,29.89008324146271,10.78533,106.67029
2025-10-25 02:00:00+07:00,CMT8,32.98620836734772,10.78533,106.67029
2025-10-25 02:00:00+07:00,Care Centre,30.736041511429676,10.774491,106.661026
2025-10-25 03:00:00+07:00,CMT8,45.02469448513455,10.78533,106.67029
2025-10-25 03:00:00+07:00,Care Centre,42.35808308919271,10.774491,106.661026
2025-10-25 04:00:00+07:00,CMT8,42.51816660563151,10.78533,106.67029
2025-10-25 04:00:00+07:00,Care Centre,41.86287479400635,10.774491,106.661026
2025-10-25 05:00:00+07:00,CMT8,39.44386054144966,10.78533,106.67029
2025-10-25 05:00:00+07:00,Care Centre,35.96258328755697,10.774491,106.661026
2025-10-25 06:00:00+07:00,Care Centre,44.04541664123534,10.774491,106.661026
2025-10-25 06:00:00+07:00,CMT8,42.949208386739095,10.78533,106.67029
2025-10-25 07:00:00+07:00,CMT8,46.83491694132488,10.78533,106.67029
2025-10-25 07:00:00+07:00,Care Centre,43.46791661580403,10.774491,106.661026
2025-10-25 08:00:00+07:00,CMT8,47.43004118601481,10.78533,106.67029
2025-10-25 08:00:00+07:00,Care Centre,42.638500213623054,10.774491,106.661026
2025-10-25 09:00:00+07:00,Care Centre,40.73154150644938,10.774491,106.661026
2025-10-25 09:00:00+07:00,CMT8,44.89766654968262,10.78533,106.67029
2025-10-25 10:00:00+07:00,Care Centre,39.781069035000264,10.774491,106.661026
2025-10-25 10:00:00+07:00,CMT8,46.02654196421306,10.78533,106.67029
2025-10-25 11:00:00+07:00,CMT8,41.26049995422363,10.78533,106.67029
2025-10-25 11:00:00+07:00,Care Centre,39.23652767605252,10.774491,106.661026
2025-10-25 12:00:00+07:00,CMT8,45.87791659037273,10.78533,106.67029
2025-10-25 12:00:00+07:00,Care Centre,40.465791638692224,10.774491,106.661026
2025-10-25 13:00:00+07:00,CMT8,47.91816660563151,10.78533,106.67029
2025-10-25 13:00:00+07:00,Care Centre,44.47449989318849,10.774491,106.661026
2025-10-25 14:00:00+07:00,CMT8,50.90144441392687,10.78533,106.67029
2025-10-25 14:00:00+07:00,Care Centre,46.806263626946354,10.774491,106.661026
2025-10-25 15:00:00+07:00,Care Centre,44.199916966756184,10.774491,106.661026
2025-10-25 15:00:00+07:00,CMT8,49.92316691080729,10.78533,106.67029
2025-10-25 16:00:00+07:00,Care Centre,47.15741640726725,10.774491,106.661026
2025-10-25 16:00:00+07:00,CMT8,52.58458340962728,10.78533,106.67029
2025-10-25 17:00:00+07:00,Care Centre,47.580624707539876,10.774491,106.661026
2025-10-25 17:00:00+07:00,CMT8,52.28822195265028,10.78533,106.67029
2025-10-25 18:00:00+07:00,CMT8,43.53045841852824,10.78533,106.67029
2025-10-25 18:00:00+07:00,Care Centre,43.018583162625625,10.774491,106.661026
2025-10-25 19:00:00+07:00,CMT8,31.08729186852773,10.78533,106.67029
2025-10-25 19:00:00+07:00,Care Centre,31.00740262932248,10.774491,106.661026
2025-10-25 20:00:00+07:00,CMT8,32.95837512016296,10.78533,106.67029
2025-10-25 20:00:00+07:00,Care Centre,32.346736145019534,10.774491,106.661026
2025-10-25 21:00:00+07:00,Care Centre,38.7959166208903,10.774491,106.661026
2025-10-25 21:00:00+07:00,CMT8,40.18730566236707,10.78533,106.67029
2025-10-25 22:00:00+07:00,CMT8,41.41474990844727,10.78533,106.67029
2025-10-25 22:00:00+07:00,Care Centre,38.02369452582465,10.774491,106.661026
2025-10-25 23:00:00+07:00,CMT8,45.87562503814698,10.78533,106.67029
2025-10-25 23:00:00+07:00,Care Centre,43.642097240024135,10.774491,106.661026
2025-10-26 00:00:00+07:00,Care Centre,88.75197241041396,10.774491,106.661026
2025-10-26 00:00:00+07:00,CMT8,66.34516665140787,10.78533,106.67029
2025-10-26 01:00:00+07:00,Care Centre,52.3299584945043,10.774491,106.661026
2025-10-26 01:00:00+07:00,CMT8,68.6452918926875,10.78533,106.67029
2025-10-26 02:00:00+07:00,CMT8,5.303791658083598,10.78533,106.67029
2025-10-26 02:00:00+07:00,Care Centre,2.2506666707495846,10.774491,106.661026
2025-10-26 03:00:00+07:00,CMT8,2.9454166616002717,10.78533,106.67029
2025-10-26 03:00:00+07:00,Care Centre,0.14011111193233064,10.774491,106.661026
2025-10-26 04:00:00+07:00,Care Centre,1.1322777839170561,10.774491,106.661026
2025-10-26 04:00:00+07:00,CMT8,5.516402771737841,10.78533,106.67029
2025-10-26 05:00:00+07:00,Care Centre,0.6096250087022782,10.774491,106.661026
2025-10-26 05:00:00+07:00,CMT8,7.355458315213522,10.78533,106.67029
2025-10-26 07:00:00+07:00,Care Centre,3.2643749852975215,10.774491,106.661026
2025-10-26 07:00:00+07:00,CMT8,13.24565277894338,10.78533,106.67029
2025-10-26 08:00:00+07:00,Care Centre,10.287166659037272,10.774491,106.661026
2025-10-26 08:00:00+07:00,CMT8,17.524291666348777,10.78533,106.67029
2025-10-26 09:00:00+07:00,CMT8,30.013666701316836,10.78533,106.67029
2025-10-26 09:00:00+07:00,Care Centre,25.994124992688498,10.774491,106.661026
2025-10-26 10:00:00+07:00,Care Centre,37.18654181162516,10.774491,106.661026
2025-10-26 10:00:00+07:00,CMT8,37.96888881259493,10.78533,106.67029
2025-10-26 11:00:00+07:00,Care Centre,44.921527777777776,10.774491,106.661026
2025-10-26 11:00:00+07:00,CMT8,47.38083356221517,10.78533,106.67029
2025-10-26 12:00:00+07:00,CMT8,50.76312503814697,10.78533,106.67029
2025-10-26 12:00:00+07:00,Care Centre,48.37587490081788,10.774491,106.661026
2025-10-26 13:00:00+07:00,CMT8,46.399722247653536,10.78533,106.67029
2025-10-26 13:00:00+07:00,Care Centre,42.06433347066244,10.774491,106.661026
2025-10-26 14:00:00+07:00,CMT8,44.768916575113934,10.78533,106.67029
2025-10-26 14:00:00+07:00,Care Centre,41.459291521708174,10.774491,106.661026
2025-10-26 15:00:00+07:00,CMT8,49.19587497711182,10.78533,106.67029
2025-10-26 15:00:00+07:00,Care Centre,45.291930537753636,10.774491,106.661026
2025-10-26 16:00:00+07:00,Care Centre,41.54516703287761,10.774491,106.661026
2025-10-26 16:00:00+07:00,CMT8,48.76033299763997,10.78533,106.67029
2025-10-26 17:00:00+07:00,Care Centre,37.36763886345757,10.774491,106.661026
2025-10-26 17:00:00+07:00,CMT8,49.00508321126302,10.78533,106.67029
2025-10-26 18:00:00+07:00,CMT8,48.340958340962736,10.78533,106.67029
2025-10-26 18:00:00+07:00,Care Centre,39.4548190858629,10.774491,106.661026
2025-10-26 19:00:00+07:00,Care Centre,39.484208615620936,10.774491,106.661026
2025-10-26 19:00:00+07:00,CMT8,45.98779188791911,10.78533,106.67029
2025-10-26 20:00:00+07:00,Care Centre,37.815333175659184,10.774491,106.661026
2025-10-26 20:00:00+07:00,CMT8,44.36838883293999,10.78533,106.67029
2025-10-26 21:00:00+07:00,Care Centre,25.566680618044405,10.774491,106.661026
2025-10-26 21:00:00+07:00,CMT8,30.661166699727378,10.78533,106.67029
2025-10-26 22:00:00+07:00,Care Centre,1.880375002655718,10.774491,106.661026
2025-10-26 22:00:00+07:00,CMT8,14.11616668701172,10.78533,106.67029
2025-10-26 23:00:00+07:00,Care Centre,4.664458326664236,10.774491,106.661026
2025-10-26 23:00:00+07:00,CMT8,11.005402768982782,10.78533,106.67029
2025-10-27 00:00:00+07:00,CMT8,12.18133332994249,10.78533,106.67029
2025-10-27 00:00:00+07:00,Care Centre,8.907499996821086,10.774491,106.661026
2025-10-27 01:00:00+07:00,CMT8,17.266458392143253,10.78533,106.67029
2025-10-27 01:00:00+07:00,Care Centre,8.37688889503479,10.774491,106.661026
2025-10-27 02:00:00+07:00,CMT8,28.156680634286673,10.78533,106.67029
2025-10-27 02:00:00+07:00,Care Centre,28.34636114968194,10.774491,106.661026
2025-10-27 03:00:00+07:00,CMT8,31.56665274567074,10.78533,106.67029
2025-10-27 03:00:00+07:00,Care Centre,33.238680574629036,10.774491,106.661026
2025-10-27 04:00:00+07:00,CMT8,34.92691672643026,10.78533,106.67029
2025-10-27 04:00:00+07:00,Care Centre,38.118916956583654,10.774491,106.661026
2025-10-27 05:00:00+07:00,CMT8,32.813791624705,10.78533,106.67029
2025-10-27 05:00:00+07:00,Care Centre,38.06298647986518,10.774491,106.661026
2025-10-27 06:00:00+07:00,CMT8,34.203333791097,10.78533,106.67029
2025-10-27 06:00:00+07:00,Care Centre,37.55513860914443,10.774491,106.661026
2025-10-27 07:00:00+07:00,CMT8,38.81113881005181,10.78533,106.67029
2025-10-27 07:00:00+07:00,Care Centre,38.47290278540717,10.774491,106.661026
2025-10-27 08:00:00+07:00,Care Centre,40.084041913350426,10.774491,106.661026
2025-10-27 08:00:00+07:00,CMT8,43.99533360799154,10.78533,106.67029
2025-10-27 09:00:00+07:00,Care Centre,37.554374885559085,10.774491,106.661026
2025-10-27 09:00:00+07:00,CMT8,42.16406909094916,10.78533,106.67029
2025-10-27 10:00:00+07:00,Care Centre,29.505666582512138,10.774491,106.661026
2025-10-27 10:00:00+07:00,CMT8,33.04091665744781,10.78533,106.67029
2025-10-27 11:00:00+07:00,CMT8,27.06754152244992,10.78533,106.67029
2025-10-27 11:00:00+07:00,Care Centre,23.002763888570996,10.774491,106.661026
2025-10-27 12:00:00+07:00,Care Centre,25.47333332697551,10.774491,106.661026
2025-10-27 12:00:00+07:00,CMT8,30.652166763941448,10.78533,106.67029
2025-10-27 13:00:00+07:00,CMT8,28.435472249984745,10.78533,106.67029
2025-10-27 13:00:00+07:00,Care Centre,26.876749976476034,10.774491,106.661026
2025-10-27 14:00:00+07:00,CMT8,25.265361097123886,10.78533,106.67029
2025-10-27 14:00:00+07:00,Care Centre,24.766916672388717,10.774491,106.661026
2025-10-27 15:00:00+07:00,Care Centre,28.75933350192176,10.774491,106.661026
2025-10-27 15:00:00+07:00,CMT8,28.96462509632111,10.78533,106.67029
2025-10-27 16:00:00+07:00,CMT8,28.53631954722934,10.78533,106.67029
2025-10-27 16:00:00+07:00,Care Centre,22.742847217453846,10.774491,106.661026
2025-10-27 17:00:00+07:00,CMT8,29.019291639328003,10.78533,106.67029
2025-10-27 17:00:00+07:00,Care Centre,25.625569446881613,10.774491,106.661026
2025-10-27 18:00:00+07:00,CMT8,41.07912515004477,10.78533,106.67029
2025-10-27 18:00:00+07:00,Care Centre,30.257291687859432,10.774491,106.661026
2025-10-27 19:00:00+07:00,CMT8,43.72020791371663,10.78533,106.67029
2025-10-27 19:00:00+07:00,Care Centre,32.856138965818616,10.774491,106.661026
2025-10-27 20:00:00+07:00,Care Centre,28.859944476021663,10.774491,106.661026
2025-10-27 20:00:00+07:00,CMT8,32.248416614532466,10.78533,106.67029
2025-10-27 21:00:00+07:00,Care Centre,17.809083334604896,10.774491,106.661026
2025-10-27 21:00:00+07:00,CMT8,21.30566668510437,10.78533,106.67029
2025-10-27 22:00:00+07:00,CMT8,21.48069443702698,10.78533,106.67029
2025-10-27 22:00:00+07:00,Care Centre,16.700763906372924,10.774491,106.661026
2025-10-27 23:00:00+07:00,CMT8,18.083041675885518,10.78533,106.67029
2025-10-27 23:00:00+07:00,Care Centre,13.286291670799256,10.774491,106.661026
2025-10-28 00:00:00+07:00,Care Centre,19.368777778413563,10.774491,106.661026
2025-10-28 00:00:00+07:00,CMT8,23.217000002331204,10.78533,106.67029
2025-10-28 01:00:00+07:00,Care Centre,28.91273610062069,10.774491,106.661026
2025-10-28 01:00:00+07:00,CMT8,33.019666555192735,10.78533,106.67029
2025-10-28 02:00:00+07:00,CMT8,32.79662501017253,10.78533,106.67029
2025-10-28 02:00:00+07:00,Care Centre,33.148458472887675,10.774491,106.661026
2025-10-28 03:00:00+07:00,CMT8,37.71637503306071,10.78533,106.67029
2025-10-28 03:00:00+07:00,Care Centre,38.84706927405463,10.774491,106.661026
2025-10-28 04:00:00+07:00,Care Centre,20.867680599954394,10.774491,106.661026
2025-10-28 04:00:00+07:00,CMT8,23.799375012185838,10.78533,106.67029
2025-10-28 05:00:00+07:00,CMT8,26.498541699515446,10.78533,106.67029
2025-10-28 05:00:00+07:00,Care Centre,25.889083327187436,10.774491,106.661026
2025-10-28 06:00:00+07:00,CMT8,33.193680548667906,10.78533,106.67029
2025-10-28 06:00:00+07:00,Care Centre,23.079347221056622,10.774491,106.661026
2025-10-28 07:00:00+07:00,CMT8,39.0447918176651,10.78533,106.67029
2025-10-28 07:00:00+07:00,Care Centre,34.28906959957546,10.774491,106.661026
2025-10-28 08:00:00+07:00,Care Centre,25.46056944794125,10.774491,106.661026
2025-10-28 08:00:00+07:00,CMT8,32.064166673024495,10.78533,106.67029
2025-10-28 09:00:00+07:00,Care Centre,22.70891661643982,10.774491,106.661026
2025-10-28 09:00:00+07:00,CMT8,27.619888771904836,10.78533,106.67029
2025-10-28 10:00:00+07:00,Care Centre,32.04270839691163,10.774491,106.661026
2025-10-28 10:00:00+07:00,CMT8,37.346874849001566,10.78533,106.67029
2025-10-28 11:00:00+07:00,Care Centre,30.097930651240876,10.774491,106.661026
2025-10-28 11:00:00+07:00,CMT8,35.26563923094008,10.78533,106.67029
2025-10-28 12:00:00+07:00,Care Centre,29.52013900809818,10.774491,106.661026
2025-10-28 12:00:00+07:00,CMT8,40.011944113837345,10.78533,106.67029
2025-10-28 13:00:00+07:00,Care Centre,36.88188844256931,10.774491,106.661026
2025-10-28 13:00:00+07:00,CMT8,45.537291399637866,10.78533,106.67029
2025-10-28 14:00:00+07:00,Care Centre,33.50912504461076,10.774491,106.661026
2025-10-28 14:00:00+07:00,CMT8,39.94604167938232,10.78533,106.67029
2025-10-28 15:00:00+07:00,Care Centre,29.59845832188924,10.774491,106.661026
2025-10-28 15:00:00+07:00,CMT8,37.01148600048489,10.78533,106.67029
2025-10-28 16:00:00+07:00,Care Centre,40.777041308085124,10.774491,106.661026
2025-10-28 16:00:00+07:00,CMT8,44.2321667989095,10.78533,106.67029
2025-10-28 17:00:00+07:00,CMT8,49.3101389143202,10.78533,106.67029
2025-10-28 17:00:00+07:00,Care Centre,43.703291765848796,10.774491,106.661026
2025-10-28 18:00:00+07:00,CMT8,57.18962497711181,10.78533,106.67029
2025-10-28 18:00:00+07:00,Care Centre,43.017416636149086,10.774491,106.661026
2025-10-28 19:00:00+07:00,CMT8,58.68545831044515,10.78533,106.67029
2025-10-28 19:00:00+07:00,Care Centre,42.953541628519694,10.774491,106.661026
2025-10-28 20:00:00+07:00,Care Centre,47.78356931474474,10.774491,106.661026
2025-10-28 20:00:00+07:00,CMT8,57.829958661397306,10.78533,106.67029
2025-10-28 21:00:00+07:00,Care Centre,69.069319513109,10.774491,106.661026
2025-10-28 21:00:00+07:00,CMT8,71.15658353169759,10.78533,106.67029
2025-10-28 22:00:00+07:00,Care Centre,81.57425003051758,10.774491,106.661026
2025-10-28 22:00:00+07:00,CMT8,85.22040288713244,10.78533,106.67029
2025-10-28 23:00:00+07:00,Care Centre,59.22824999491374,10.774491,106.661026
2025-10-28 23:00:00+07:00,CMT8,69.09429175059,10.78533,106.67029
2025-10-29 00:00:00+07:00,Care Centre,50.48747198316786,10.774491,106.661026
2025-10-29 00:00:00+07:00,CMT8,52.761430507236064,10.78533,106.67029
2025-10-29 01:00:00+07:00,Care Centre,51.938083012898765,10.774491,106.661026
2025-10-29 01:00:00+07:00,CMT8,54.056999969482426,10.78533,106.67029
2025-10-29 02:00:00+07:00,Care Centre,56.20441678365072,10.774491,106.661026
2025-10-29 02:00:00+07:00,CMT8,57.6947360780504,10.78533,106.67029
2025-10-29 03:00:00+07:00,CMT8,49.9691804462009,10.78533,106.67029
2025-10-29 03:00:00+07:00,Care Centre,50.54201357099745,10.774491,106.661026
2025-10-29 04:00:00+07:00,CMT8,37.150736247168645,10.78533,106.67029
2025-10-29 04:00:00+07:00,Care Centre,39.568263901604546,10.774491,106.661026
2025-10-29 05:00:00+07:00,CMT8,37.430069584316676,10.78533,106.67029
2025-10-29 05:00:00+07:00,Care Centre,36.39131938086616,10.774491,106.661026
2025-10-29 06:00:00+07:00,CMT8,35.98497221204969,10.78533,106.67029
2025-10-29 06:00:00+07:00,Care Centre,34.32027795579698,10.774491,106.661026
2025-10-29 07:00:00+07:00,CMT8,39.819096904330785,10.78533,106.67029
2025-10-29 07:00:00+07:00,Care Centre,34.188916524251304,10.774491,106.661026
2025-10-29 08:00:00+07:00,CMT8,36.47099990049998,10.78533,106.67029
2025-10-29 08:00:00+07:00,Care Centre,28.3702500184377,10.774491,106.661026
2025-10-29 09:00:00+07:00,CMT8,28.75476373301612,10.78533,106.67029
2025-10-29 09:00:00+07:00,Care Centre,21.200083335240684,10.774491,106.661026
2025-10-29 10:00:00+07:00,Care Centre,12.567569459809198,10.774491,106.661026
2025-10-29 10:00:00+07:00,CMT8,26.27705552313063,10.78533,106.67029
2025-10-29 11:00:00+07:00,CMT8,42.1656666914622,10.78533,106.67029
2025-10-29 11:00:00+07:00,Care Centre,21.198388867908054,10.774491,106.661026
2025-10-29 12:00:00+07:00,CMT8,20.946249930063885,10.78533,106.67029
2025-10-29 12:00:00+07:00,Care Centre,15.913083341386583,10.774491,106.661026
2025-10-29 13:00:00+07:00,Care Centre,18.95379167397817,10.774491,106.661026
2025-10-29 13:00:00+07:00,CMT8,24.98099999427795,10.78533,106.67029
2025-10-29 14:00:00+07:00,CMT8,23.20854165554046,10.78533,106.67029
2025-10-29 14:00:00+07:00,Care Centre,15.468027777141996,10.774491,106.661026
2025-10-29 15:00:00+07:00,Care Centre,11.584277778201633,10.774491,106.661026
2025-10-29 15:00:00+07:00,CMT8,20.41306943098704,10.78533,106.67029
2025-10-29 16:00:00+07:00,CMT8,26.885611147350733,10.78533,106.67029
2025-10-29 16:00:00+07:00,Care Centre,22.56059721575843,10.774491,106.661026
2025-10-29 17:00:00+07:00,CMT8,30.300250093142196,10.78533,106.67029
2025-10-29 17:00:00+07:00,Care Centre,26.228638892703586,10.774491,106.661026
2025-10-29 18:00:00+07:00,Care Centre,18.827291660838657,10.774491,106.661026
2025-10-29 18:00:00+07:00,CMT8,24.09308336575826,10.78533,106.67029
2025-10-29 19:00:00+07:00,CMT8,27.430708320935565,10.78533,106.67029
2025-10-29 19:00:00+07:00,Care Centre,24.142166662216187,10.774491,106.661026
2025-10-29 20:00:00+07:00,CMT8,29.258375032742823,10.78533,106.67029
2025-10-29 20:00:00+07:00,Care Centre,25.565500031577212,10.774491,106.661026
2025-10-29 21:00:00+07:00,Care Centre,27.34700000551012,10.774491,106.661026
2025-10-29 21:00:00+07:00,CMT8,29.588958406448366,10.78533,106.67029
2025-10-29 22:00:00+07:00,CMT8,25.14540277322133,10.78533,106.67029
2025-10-29 22:00:00+07:00,Care Centre,22.52941667238871,10.774491,106.661026
2025-10-29 23:00:00+07:00,CMT8,29.6767916282018,10.78533,106.67029
2025-10-29 23:00:00+07:00,Care Centre,25.574833329518636,10.774491,106.661026
2025-10-30 00:00:00+07:00,CMT8,20.84141667683919,10.78533,106.67029
2025-10-30 00:00:00+07:00,Care Centre,20.47411110666063,10.774491,106.661026
2025-10-30 01:00:00+07:00,CMT8,18.696986116303336,10.78533,106.67029
2025-10-30 01:00:00+07:00,Care Centre,13.653805568483142,10.774491,106.661026
2025-10-30 02:00:00+07:00,CMT8,9.541874988873799,10.78533,106.67029
2025-10-30 02:00:00+07:00,Care Centre,5.414999993642172,10.774491,106.661026
2025-10-30 03:00:00+07:00,CMT8,14.056569446457758,10.78533,106.67029
2025-10-30 03:00:00+07:00,Care Centre,9.354444450802275,10.774491,106.661026
2025-10-30 04:00:00+07:00,CMT8,13.375624982515971,10.78533,106.67029
2025-10-30 04:00:00+07:00,Care Centre,9.504027790493435,10.774491,106.661026
2025-10-30 05:00:00+07:00,CMT8,12.490583340326944,10.78533,106.67029
2025-10-30 05:00:00+07:00,Care Centre,9.378041662110222,10.774491,106.661026
2025-10-30 06:00:00+07:00,CMT8,27.907972055011328,10.78533,106.67029
2025-10-30 06:00:00+07:00,Care Centre,28.8545833269755,10.774491,106.661026
2025-10-30 07:00:00+07:00,Care Centre,36.16083318392436,10.774491,106.661026
2025-10-30 07:00:00+07:00,CMT8,38.93738894992405,10.78533,106.67029
2025-10-30 08:00:00+07:00,Care Centre,33.72633310953776,10.774491,106.661026
2025-10-30 08:00:00+07:00,CMT8,37.22429164250692,10.78533,106.67029
2025-10-30 09:00:00+07:00,CMT8,35.57183304627737,10.78533,106.67029
2025-10-30 09:00:00+07:00,Care Centre,24.743597224023606,10.774491,106.661026
2025-10-30 10:00:00+07:00,Care Centre,26.149916664759317,10.774491,106.661026
2025-10-30 10:00:00+07:00,CMT8,39.32868082258437,10.78533,106.67029
2025-10-30 11:00:00+07:00,Care Centre,28.05334722201029,10.774491,106.661026
2025-10-30 11:00:00+07:00,CMT8,47.91062488555909,10.78533,106.67029
2025-10-30 12:00:00+07:00,CMT8,33.1501667022705,10.78533,106.67029
2025-10-30 12:00:00+07:00,Care Centre,25.340833330154414,10.774491,106.661026
2025-10-30 13:00:00+07:00,CMT8,24.14841666221619,10.78533,106.67029
2025-10-30 13:00:00+07:00,Care Centre,17.174347233772277,10.774491,106.661026
2025-10-30 14:00:00+07:00,Care Centre,29.66384721861945,10.774491,106.661026
2025-10-30 14:00:00+07:00,CMT8,34.055388832092284,10.78533,106.67029
2025-10-30 15:00:00+07:00,Care Centre,31.685227142680773,10.774491,106.661026
2025-10-30 15:00:00+07:00,CMT8,38.403605857039935,10.78533,106.67029
2025-10-30 16:00:00+07:00,Care Centre,30.22690275245242,10.774491,106.661026
2025-10-30 16:00:00+07:00,CMT8,34.49548608197106,10.78533,106.67029
2025-10-30 17:00:00+07:00,Care Centre,30.100874996185297,10.774491,106.661026
2025-10-30 17:00:00+07:00,CMT8,38.11495825449626,10.78533,106.67029
2025-10-30 18:00:00+07:00,Care Centre,33.67770845095316,10.774491,106.661026
2025-10-30 18:00:00+07:00,CMT8,44.66862468719483,10.78533,106.67029
2025-10-30 19:00:00+07:00,Care Centre,36.365582911173504,10.774491,106.661026
2025-10-30 19:00:00+07:00,CMT8,47.29062480926513,10.78533,106.67029
2025-10-30 20:00:00+07:00,Care Centre,41.890596919589576,10.774491,106.661026
2025-10-30 20:00:00+07:00,CMT8,55.49533322652181,10.78533,106.67029
2025-10-30 21:00:00+07:00,Care Centre,75.12954158782959,10.774491,106.661026
2025-10-30 21:00:00+07:00,CMT8,78.4550694571601,10.78533,106.67029
2025-10-30 22:00:00+07:00,CMT8,71.1911114162869,10.78533,106.67029
2025-10-30 22:00:00+07:00,Care Centre,70.17844433254666,10.774491,106.661026
2025-10-30 23:00:00+07:00,Care Centre,71.36301386091445,10.774491,106.661026
2025-10-30 23:00:00+07:00,CMT8,83.95191637674968,10.78533,106.67029
2025-10-31 00:00:00+07:00,Care Centre,33.45045839415656,10.774491,106.661026
2025-10-31 00:00:00+07:00,CMT8,39.35218042267693,10.78533,106.67029
2025-10-31 01:00:00+07:00,Care Centre,14.768597236110105,10.774491,106.661026
2025-10-31 01:00:00+07:00,CMT8,18.0909305440055,10.78533,106.67029
2025-10-31 02:00:00+07:00,Care Centre,3.1519027849038443,10.774491,106.661026
2025-10-31 02:00:00+07:00,CMT8,6.669125008583069,10.78533,106.67029
2025-10-31 03:00:00+07:00,Care Centre,4.42401389280955,10.774491,106.661026
2025-10-31 03:00:00+07:00,CMT8,10.14668054845598,10.78533,106.67029
2025-10-31 04:00:00+07:00,CMT8,14.363402777247957,10.78533,106.67029
2025-10-31 04:00:00+07:00,Care Centre,6.190930554601881,10.774491,106.661026
2025-10-31 05:00:00+07:00,CMT8,24.031499920950996,10.78533,106.67029
2025-10-31 05:00:00+07:00,Care Centre,20.376484876690487,10.774491,106.661026
2025-10-31 06:00:00+07:00,Care Centre,33.594569487041895,10.774491,106.661026
2025-10-31 06:00:00+07:00,CMT8,42.214291699727376,10.78533,106.67029
2025-10-31 07:00:00+07:00,Care Centre,38.83350003560384,10.774491,106.661026
2025-10-31 07:00:00+07:00,CMT8,49.30443028344049,10.78533,106.67029
2025-10-31 08:00:00+07:00,CMT8,43.375096787346735,10.78533,106.67029
2025-10-31 08:00:00+07:00,Care Centre,29.98441651132372,10.774491,106.661026
2025-10-31 09:00:00+07:00,CMT8,29.594625035921734,10.78533,106.67029
2025-10-31 09:00:00+07:00,Care Centre,15.323541665077208,10.774491,106.661026
2025-10-31 10:00:00+07:00,CMT8,25.199263919724356,10.78533,106.67029
2025-10-31 10:00:00+07:00,Care Centre,11.730583349863688,10.774491,106.661026
2025-10-31 11:00:00+07:00,CMT8,21.35244444741143,10.78533,106.67029
2025-10-31 11:00:00+07:00,Care Centre,7.209527783923679,10.774491,106.661026
2025-10-31 12:00:00+07:00,CMT8,19.968125033378602,10.78533,106.67029
2025-10-31 12:00:00+07:00,Care Centre,6.605513893233405,10.774491,106.661026
2025-10-31 13:00:00+07:00,CMT8,9.934347229533726,10.78533,106.67029
2025-10-31 13:00:00+07:00,Care Centre,2.6962499991059303,10.774491,106.661026
2025-10-31 14:00:00+07:00,CMT8,7.69856945938534,10.78533,106.67029
2025-10-31 14:00:00+07:00,Care Centre,2.0415694427159097,10.774491,106.661026
2025-10-31 15:00:00+07:00,CMT8,9.670375005404154,10.78533,106.67029
2025-10-31 15:00:00+07:00,Care Centre,2.672083338101705,10.774491,106.661026
2025-10-31 16:00:00+07:00,Care Centre,13.120388884014554,10.774491,106.661026
2025-10-31 16:00:00+07:00,CMT8,20.812347213427227,10.78533,106.67029
2025-10-31 17:00:00+07:00,Care Centre,19.445291675461664,10.774491,106.661026
2025-10-31 17:00:00+07:00,CMT8,33.61479145685832,10.78533,106.67029
2025-10-31 18:00:00+07:00,CMT8,31.859291553497314,10.78533,106.67029
2025-10-31 18:00:00+07:00,Care Centre,21.515750010808308,10.774491,106.661026
2025-10-31 19:00:00+07:00,CMT8,34.57608381907145,10.78533,106.67029
2025-10-31 19:00:00+07:00,Care Centre,30.14399994214376,10.774491,106.661026
2025-10-31 20:00:00+07:00,CMT8,40.78454176584879,10.78533,106.67029
2025-10-31 20:00:00+07:00,Care Centre,37.360389158460826,10.774491,106.661026
2025-10-31 21:00:00+07:00,CMT8,38.914333470662434,10.78533,106.67029
2025-10-31 21:00:00+07:00,Care Centre,37.2541526582506,10.774491,106.661026
2025-10-31 22:00:00+07:00,Care Centre,45.99049987792969,10.774491,106.661026
2025-10-31 22:00:00+07:00,CMT8,42.28112481435141,10.78533,106.67029
2025-10-31 23:00:00+07:00,CMT8,43.70291659037272,10.78533,106.67029
2025-10-31 23:00:00+07:00,Care Centre,47.31390277014839,10.774491,106.661026
2025-11-01 00:00:00+07:00,CMT8,48.88295841217042,10.78533,106.67029
2025-11-01 00:00:00+07:00,Care Centre,46.569486215379506,10.774491,106.661026
2025-11-01 01:00:00+07:00,CMT8,51.3814444647895,10.78533,106.67029
2025-11-01 01:00:00+07:00,Care Centre,49.2962223900689,10.774491,106.661026
2025-11-01 02:00:00+07:00,CMT8,59.58624992370605,10.78533,106.67029
2025-11-01 02:00:00+07:00,Care Centre,56.818930456373415,10.774491,106.661026
2025-11-01 03:00:00+07:00,CMT8,76.1765832265218,10.78533,106.67029
2025-11-01 03:00:00+07:00,Care Centre,71.07716700236001,10.774491,106.661026
2025-11-01 04:00:00+07:00,CMT8,77.05555530124239,10.78533,106.67029
2025-11-01 04:00:00+07:00,Care Centre,74.49949989318849,10.774491,106.661026
2025-11-01 05:00:00+07:00,CMT8,69.38370812733969,10.78533,106.67029
2025-11-01 05:00:00+07:00,Care Centre,68.25362491607665,10.774491,106.661026
2025-11-01 06:00:00+07:00,Care Centre,65.7455410639445,10.774491,106.661026
2025-11-01 06:00:00+07:00,CMT8,55.365791384379065,10.78533,106.67029
2025-11-01 07:00:00+07:00,Care Centre,51.78866678873698,10.774491,106.661026
2025-11-01 07:00:00+07:00,CMT8,54.32245820363363,10.78533,106.67029
2025-11-01 08:00:00+07:00,CMT8,62.54033330281575,10.78533,106.67029
2025-11-01 08:00:00+07:00,Care Centre,55.091625022888174,10.774491,106.661026
2025-11-01 09:00:00+07:00,Care Centre,55.259444342719185,10.774491,106.661026
2025-11-01 09:00:00+07:00,CMT8,63.8836664835612,10.78533,106.67029
2025-11-01 10:00:00+07:00,CMT8,58.662375068664545,10.78533,106.67029
2025-11-01 10:00:00+07:00,Care Centre,49.94972199334038,10.774491,106.661026
2025-11-01 11:00:00+07:00,Care Centre,47.49309684965346,10.774491,106.661026
2025-11-01 11:00:00+07:00,CMT8,64.99154132207234,10.78533,106.67029
2025-11-01 12:00:00+07:00,Care Centre,28.23070832888285,10.774491,106.661026
2025-11-01 12:00:00+07:00,CMT8,40.254374639193216,10.78533,106.67029
2025-11-01 13:00:00+07:00,Care Centre,47.13919427659777,10.774491,106.661026
2025-11-01 13:00:00+07:00,CMT8,48.70045833587647,10.78533,106.67029
2025-11-01 14:00:00+07:00,Care Centre,44.51184732649062,10.774491,106.661026
2025-11-01 14:00:00+07:00,CMT8,44.74012521107991,10.78533,106.67029
2025-11-01 15:00:00+07:00,Care Centre,40.480666605631505,10.774491,106.661026
2025-11-01 15:00:00+07:00,CMT8,47.1751661936442,10.78533,106.67029
2025-11-01 16:00:00+07:00,CMT8,44.31058311462402,10.78533,106.67029
2025-11-01 16:00:00+07:00,Care Centre,44.799833043416335,10.774491,106.661026
2025-11-01 17:00:00+07:00,CMT8,45.1449171702067,10.78533,106.67029
2025-11-01 17:00:00+07:00,Care Centre,42.6220417658488,10.774491,106.661026
2025-11-01 18:00:00+07:00,CMT8,22.253624847200182,10.78533,106.67029
2025-11-01 18:00:00+07:00,Care Centre,11.73261126163933,10.774491,106.661026
2025-11-01 19:00:00+07:00,CMT8,17.75855558183458,10.78533,106.67029
2025-11-01 19:00:00+07:00,Care Centre,10.38506944709354,10.774491,106.661026
2025-11-01 20:00:00+07:00,CMT8,18.8210417509079,10.78533,106.67029
2025-11-01 20:00:00+07:00,Care Centre,18.548791670799254,10.774491,106.661026
2025-11-01 21:00:00+07:00,CMT8,20.320958336194355,10.78533,106.67029
2025-11-01 21:00:00+07:00,Care Centre,23.65919443766276,10.774491,106.661026
2025-11-01 22:00:00+07:00,Care Centre,23.654597221480476,10.774491,106.661026
2025-11-01 22:00:00+07:00,CMT8,24.682013837496445,10.78533,106.67029
2025-11-01 23:00:00+07:00,CMT8,42.971874936421706,10.78533,106.67029
2025-11-01 23:00:00+07:00,Care Centre,42.42619426515367,10.774491,106.661026
2025-11-02 00:00:00+07:00,Care Centre,46.76691652933757,10.774491,106.661026
2025-11-02 00:00:00+07:00,CMT8,51.783625348409025,10.78533,106.67029
2025-11-02 01:00:00+07:00,Care Centre,54.32675018310547,10.774491,106.661026
2025-11-02 01:00:00+07:00,CMT8,60.039361360337985,10.78533,106.67029
2025-11-02 02:00:00+07:00,Care Centre,55.69798594580757,10.774491,106.661026
2025-11-02 02:00:00+07:00,CMT8,58.13941637674967,10.78533,106.67029
2025-11-02 03:00:00+07:00,CMT8,51.67436133490668,10.78533,106.67029
2025-11-02 03:00:00+07:00,Care Centre,52.20462474822998,10.774491,106.661026
2025-11-02 04:00:00+07:00,Care Centre,46.21490260230171,10.774491,106.661026
2025-11-02 04:00:00+07:00,CMT8,48.27983373006185,10.78533,106.67029
2025-11-02 05:00:00+07:00,Care Centre,46.32825012207032,10.774491,106.661026
2025-11-02 05:00:00+07:00,CMT8,48.514208539326994,10.78533,106.67029
2025-11-02 06:00:00+07:00,CMT8,50.62279211680095,10.78533,106.67029
2025-11-02 06:00:00+07:00,Care Centre,45.30511135525174,10.774491,106.661026
2025-11-02 07:00:00+07:00,CMT8,70.46937503814698,10.78533,106.67029
2025-11-02 07:00:00+07:00,Care Centre,58.81209693484837,10.774491,106.661026
2025-11-02 08:00:00+07:00,Care Centre,72.38158353169759,10.774491,106.661026
2025-11-02 08:00:00+07:00,CMT8,79.3041387769911,10.78533,106.67029
2025-11-02 09:00:00+07:00,Care Centre,51.59227744208442,10.774491,106.661026
2025-11-02 09:00:00+07:00,CMT8,61.57108319600423,10.78533,106.67029
2025-11-02 10:00:00+07:00,Care Centre,39.50122218661838,10.774491,106.661026
2025-11-02 10:00:00+07:00,CMT8,48.64108339945475,10.78533,106.67029
2025-11-02 11:00:00+07:00,Care Centre,39.39136089748806,10.774491,106.661026
2025-11-02 11:00:00+07:00,CMT8,42.61654122670492,10.78533,106.67029
2025-11-02 12:00:00+07:00,Care Centre,36.561166763305664,10.774491,106.661026
2025-11-02 12:00:00+07:00,CMT8,38.48350009918212,10.78533,106.67029
2025-11-02 13:00:00+07:00,Care Centre,33.358055400848386,10.774491,106.661026
2025-11-02 13:00:00+07:00,CMT8,34.76008350054423,10.78533,106.67029
2025-11-02 14:00:00+07:00,CMT8,23.045902726385332,10.78533,106.67029
2025-11-02 14:00:00+07:00,Care Centre,13.551222213109336,10.774491,106.661026
2025-11-02 15:00:00+07:00,Care Centre,5.562062513828278,10.774491,106.661026
2025-11-02 15:00:00+07:00,CMT8,14.101187503337862,10.78533,106.67029
2025-11-02 16:00:00+07:00,Care Centre,14.042222213745116,10.774491,106.661026
2025-11-02 16:00:00+07:00,CMT8,25.272583421071367,10.78533,106.67029
2025-11-02 17:00:00+07:00,Care Centre,10.625666681925455,10.774491,106.661026
2025-11-02 17:00:00+07:00,CMT8,22.238569532500374,10.78533,106.67029
2025-11-02 18:00:00+07:00,CMT8,23.147166665395105,10.78533,106.67029
2025-11-02 18:00:00+07:00,Care Centre,17.8688333246443,10.774491,106.661026
2025-11-02 19:00:00+07:00,CMT8,27.94362499184078,10.78533,106.67029
2025-11-02 19:00:00+07:00,Care Centre,24.476708340644834,10.774491,106.661026
2025-11-02 20:00:00+07:00,Care Centre,23.714583317438763,10.774491,106.661026
2025-11-02 20:00:00+07:00,CMT8,29.12424984773,10.78533,106.67029
2025-11-02 21:00:00+07:00,CMT8,24.340750058492024,10.78533,106.67029
2025-11-02 21:00:00+07:00,Care Centre,15.326416683197019,10.774491,106.661026
2025-11-02 22:00:00+07:00,CMT8,27.90816667344835,10.78533,106.67029
2025-11-02 22:00:00+07:00,Care Centre,22.84329166147444,10.774491,106.661026
2025-11-02 23:00:00+07:00,Care Centre,7.713166666030884,10.774491,106.661026
2025-11-02 23:00:00+07:00,CMT8,11.635958329836527,10.78533,106.67029
2025-11-03 00:00:00+07:00,CMT8,13.207791670163472,10.78533,106.67029
2025-11-03 00:00:00+07:00,Care Centre,5.952916669845581,10.774491,106.661026
2025-11-03 01:00:00+07:00,Care Centre,4.148833322525024,10.774491,106.661026
2025-11-03 01:00:00+07:00,CMT8,9.422458322842916,10.78533,106.67029
2025-11-03 02:00:00+07:00,Care Centre,5.507847219705582,10.774491,106.661026
2025-11-03 02:00:00+07:00,CMT8,9.690624992052713,10.78533,106.67029
2025-11-03 03:00:00+07:00,Care Centre,24.445499997668794,10.774491,106.661026
2025-11-03 03:00:00+07:00,CMT8,12.218208336830138,10.78533,106.67029
2025-11-03 04:00:00+07:00,Care Centre,19.033013881577386,10.774491,106.661026
2025-11-03 04:00:00+07:00,CMT8,19.886041665077208,10.78533,106.67029
2025-11-03 05:00:00+07:00,Care Centre,14.49433332019382,10.774491,106.661026
2025-11-03 05:00:00+07:00,CMT8,21.518125001589457,10.78533,106.67029
2025-11-03 06:00:00+07:00,Care Centre,39.45320822397868,10.774491,106.661026
2025-11-03 06:00:00+07:00,CMT8,34.10304152170817,10.78533,106.67029
2025-11-03 07:00:00+07:00,CMT8,49.64002816942003,10.78533,106.67029
2025-11-03 07:00:00+07:00,Care Centre,41.92366650899252,10.774491,106.661026
2025-11-03 08:00:00+07:00,CMT8,39.46475025812784,10.78533,106.67029
2025-11-03 08:00:00+07:00,Care Centre,34.02629193464915,10.774491,106.661026
2025-11-03 09:00:00+07:00,Care Centre,37.846152718861894,10.774491,106.661026
2025-11-03 09:00:00+07:00,CMT8,39.53470834096272,10.78533,106.67029
2025-11-03 10:00:00+07:00,Care Centre,18.832999992370606,10.774491,106.661026
2025-11-03 10:00:00+07:00,CMT8,30.745999868710836,10.78533,106.67029
2025-11-03 11:00:00+07:00,Care Centre,13.453583335876466,10.774491,106.661026
2025-11-03 11:00:00+07:00,CMT8,22.33258329232534,10.78533,106.67029
2025-11-03 12:00:00+07:00,Care Centre,19.83029166062673,10.774491,106.661026
2025-11-03 12:00:00+07:00,CMT8,23.126166661580402,10.78533,106.67029
2025-11-03 13:00:00+07:00,CMT8,28.754250025749204,10.78533,106.67029
2025-11-03 13:00:00+07:00,Care Centre,20.109333324432374,10.774491,106.661026
2025-11-03 14:00:00+07:00,Care Centre,21.664875006675718,10.774491,106.661026
2025-11-03 14:00:00+07:00,CMT8,24.558083232243856,10.78533,106.67029
2025-11-03 15:00:00+07:00,Care Centre,28.94986353787509,10.774491,106.661026
2025-11-03 15:00:00+07:00,CMT8,28.664409160614014,10.78533,106.67029
2025-11-03 16:00:00+07:00,CMT8,23.507874997456867,10.78533,106.67029
2025-11-03 16:00:00+07:00,Care Centre,9.006500005722046,10.774491,106.661026
2025-11-03 17:00:00+07:00,CMT8,25.024249966939294,10.78533,106.67029
2025-11-03 17:00:00+07:00,Care Centre,11.789000002543133,10.774491,106.661026
2025-11-03 18:00:00+07:00,Care Centre,10.460749986436632,10.774491,106.661026
2025-11-03 18:00:00+07:00,CMT8,31.39991679986318,10.78533,106.67029
2025-11-03 19:00:00+07:00,CMT8,29.64805547926161,10.78533,106.67029
2025-11-03 19:00:00+07:00,Care Centre,18.22519447538588,10.774491,106.661026
2025-11-03 20:00:00+07:00,CMT8,31.413847128550216,10.78533,106.67029
2025-11-03 20:00:00+07:00,Care Centre,22.597638909022013,10.774491,106.661026
2025-11-03 21:00:00+07:00,Care Centre,29.37359710004594,10.774491,106.661026
2025-11-03 21:00:00+07:00,CMT8,40.65587517420451,10.78533,106.67029
2025-11-03 22:00:00+07:00,Care Centre,41.279972034030486,10.774491,106.661026
2025-11-03 22:00:00+07:00,CMT8,40.368319553799104,10.78533,106.67029
2025-11-03 23:00:00+07:00,Care Centre,53.089652612474225,10.774491,106.661026
2025-11-03 23:00:00+07:00,CMT8,56.746889199150935,10.78533,106.67029
2025-11-04 00:00:00+07:00,Care Centre,50.741902648078074,10.774491,106.661026
2025-11-04 00:00:00+07:00,CMT8,46.59391657511393,10.78533,106.67029
2025-11-04 01:00:00+07:00,Care Centre,41.46220849355061,10.774491,106.661026
2025-11-04 01:00:00+07:00,CMT8,36.49204184214274,10.78533,106.67029
2025-11-04 02:00:00+07:00,Care Centre,39.15570824941,10.774491,106.661026
2025-11-04 02:00:00+07:00,CMT8,48.03037509918212,10.78533,106.67029
2025-11-04 03:00:00+07:00,CMT8,53.978250122070314,10.78533,106.67029
2025-11-04 03:00:00+07:00,Care Centre,45.601416651407874,10.774491,106.661026
2025-11-04 04:00:00+07:00,Care Centre,49.870583089192706,10.774491,106.661026
2025-11-04 04:00:00+07:00,CMT8,60.18687496185302,10.78533,106.67029
2025-11-04 05:00:00+07:00,Care Centre,57.53437480926514,10.774491,106.661026
2025-11-04 05:00:00+07:00,CMT8,68.57099952697753,10.78533,106.67029
2025-11-04 06:00:00+07:00,Care Centre,67.47670853932699,10.774491,106.661026
2025-11-04 06:00:00+07:00,CMT8,70.50395844777425,10.78533,106.67029
2025-11-04 07:00:00+07:00,Care Centre,74.78120835622151,10.774491,106.661026
2025-11-04 07:00:00+07:00,CMT8,92.31595834096272,10.78533,106.67029
2025-11-04 08:00:00+07:00,Care Centre,64.39023587968614,10.774491,106.661026
2025-11-04 08:00:00+07:00,CMT8,71.62258326212564,10.78533,106.67029
2025-11-04 09:00:00+07:00,Care Centre,41.80245812733968,10.774491,106.661026
2025-11-04 09:00:00+07:00,CMT8,47.22722240024143,10.78533,106.67029
2025-11-04 10:00:00+07:00,Care Centre,32.660791563987736,10.774491,106.661026
2025-11-04 10:00:00+07:00,CMT8,37.98451387617323,10.78533,106.67029
2025-11-04 11:00:00+07:00,CMT8,26.410555495156178,10.78533,106.67029
2025-11-04 11:00:00+07:00,Care Centre,25.178208327293394,10.774491,106.661026
2025-11-04 12:00:00+07:00,CMT8,32.03799987634023,10.78533,106.67029
2025-11-04 12:00:00+07:00,Care Centre,26.807666667302453,10.774491,106.661026
2025-11-04 13:00:00+07:00,Care Centre,22.659555567635433,10.774491,106.661026
2025-11-04 13:00:00+07:00,CMT8,27.696625073750813,10.78533,106.67029
2025-11-04 14:00:00+07:00,CMT8,19.01447223557366,10.78533,106.67029
2025-11-04 14:00:00+07:00,Care Centre,17.82495833237966,10.774491,106.661026
2025-11-04 15:00:00+07:00,CMT8,27.093458374341328,10.78533,106.67029
2025-11-04 15:00:00+07:00,Care Centre,28.9082500298818,10.774491,106.661026
2025-11-04 16:00:00+07:00,CMT8,26.708500003814695,10.78533,106.67029
2025-11-04 16:00:00+07:00,Care Centre,21.262958327929177,10.774491,106.661026
2025-11-04 17:00:00+07:00,Care Centre,14.725708333651221,10.774491,106.661026
2025-11-04 17:00:00+07:00,CMT8,25.58973599804772,10.78533,106.67029
2025-11-04 18:00:00+07:00,Care Centre,22.47554167376624,10.774491,106.661026
2025-11-04 18:00:00+07:00,CMT8,35.256388865576845,10.78533,106.67029
2025-11-04 19:00:00+07:00,CMT8,40.37469431824154,10.78533,106.67029
2025-11-04 19:00:00+07:00,Care Centre,29.39462495644888,10.774491,106.661026
2025-11-04 20:00:00+07:00,Care Centre,51.051041857401536,10.774491,106.661026
2025-11-04 20:00:00+07:00,CMT8,54.13729178110757,10.78533,106.67029
2025-11-04 21:00:00+07:00,Care Centre,37.95020821889242,10.774491,106.661026
2025-11-04 21:00:00+07:00,CMT8,46.60037479400635,10.78533,106.67029
2025-11-04 22:00:00+07:00,Care Centre,26.016708262761437,10.774491,106.661026
2025-11-04 22:00:00+07:00,CMT8,27.23343047830794,10.78533,106.67029
2025-11-04 23:00:00+07:00,CMT8,9.826277780532836,10.78533,106.67029
2025-11-04 23:00:00+07:00,Care Centre,3.977583343038957,10.774491,106.661026
2025-11-05 00:00:00+07:00,Care Centre,2.8655138998809786,10.774491,106.661026
2025-11-05 00:00:00+07:00,CMT8,8.677972216076322,10.78533,106.67029
2025-11-05 01:00:00+07:00,CMT8,8.166972213321262,10.78533,106.67029
2025-11-05 01:00:00+07:00,Care Centre,3.509333337512281,10.774491,106.661026
2025-11-05 02:00:00+07:00,CMT8,9.001874995231628,10.78533,106.67029
2025-11-05 02:00:00+07:00,Care Centre,2.7621249958872798,10.774491,106.661026
2025-11-05 03:00:00+07:00,CMT8,12.24370833237966,10.78533,106.67029
2025-11-05 03:00:00+07:00,Care Centre,5.819416666030882,10.774491,106.661026
2025-11-05 04:00:00+07:00,CMT8,13.52699999809265,10.78533,106.67029
2025-11-05 04:00:00+07:00,Care Centre,8.001708324750265,10.774491,106.661026
2025-11-05 05:00:00+07:00,CMT8,29.73133342266083,10.78533,106.67029
2025-11-05 05:00:00+07:00,Care Centre,36.7150695906745,10.774491,106.661026
2025-11-05 06:00:00+07:00,CMT8,54.624874687194826,10.78533,106.67029
2025-11-05 06:00:00+07:00,Care Centre,58.25145829518636,10.774491,106.661026
2025-11-05 07:00:00+07:00,Care Centre,75.55716692606607,10.774491,106.661026
2025-11-05 07:00:00+07:00,CMT8,69.71337490081788,10.78533,106.67029
2025-11-05 08:00:00+07:00,Care Centre,51.419125175476076,10.774491,106.661026
2025-11-05 08:00:00+07:00,CMT8,51.676083119710285,10.78533,106.67029
2025-11-05 09:00:00+07:00,Care Centre,52.58500022888183,10.774491,106.661026
2025-11-05 09:00:00+07:00,CMT8,57.67304197947184,10.78533,106.67029
2025-11-05 10:00:00+07:00,Care Centre,48.42574996948241,10.774491,106.661026
2025-11-05 10:00:00+07:00,CMT8,62.31029173533121,10.78533,106.67029
2025-11-05 11:00:00+07:00,Care Centre,45.728958447774254,10.774491,106.661026
2025-11-05 11:00:00+07:00,CMT8,72.89375,10.78533,106.67029
2025-11-05 12:00:00+07:00,Care Centre,35.34104197025299,10.774491,106.661026
2025-11-05 12:00:00+07:00,CMT8,101.23354187011718,10.78533,106.67029
2025-11-05 13:00:00+07:00,Care Centre,23.992541670799255,10.774491,106.661026
2025-11-05 13:00:00+07:00,CMT8,105.80149885813397,10.78533,106.67029
2025-11-05 15:00:00+07:00,CMT8,29.486708370844525,10.78533,106.67029
2025-11-05 15:00:00+07:00,Care Centre,21.002375006675724,10.774491,106.661026
2025-11-05 16:00:00+07:00,CMT8,35.282055589887825,10.78533,106.67029
2025-11-05 16:00:00+07:00,Care Centre,30.060708347956336,10.774491,106.661026
2025-11-05 17:00:00+07:00,Care Centre,37.24375003973643,10.774491,106.661026
2025-11-05 17:00:00+07:00,CMT8,44.4972916285197,10.78533,106.67029
2025-11-05 18:00:00+07:00,Care Centre,42.0206108517117,10.774491,106.661026
2025-11-05 18:00:00+07:00,CMT8,41.79520842234294,10.78533,106.67029
2025-11-05 19:00:00+07:00,Care Centre,41.955736266242134,10.774491,106.661026
2025-11-05 19:00:00+07:00,CMT8,42.305138990614154,10.78533,106.67029
2025-11-05 20:00:00+07:00,Care Centre,40.439888848198784,10.774491,106.661026
2025-11-05 20:00:00+07:00,CMT8,46.168472120496965,10.78533,106.67029
2025-11-05 21:00:00+07:00,CMT8,42.319833501180014,10.78533,106.67029
2025-11-05 21:00:00+07:00,Care Centre,37.55055550469292,10.774491,106.661026
2025-11-05 22:00:00+07:00,CMT8,41.8222916285197,10.78533,106.67029
2025-11-05 22:00:00+07:00,Care Centre,35.479291558265686,10.774491,106.661026
2025-11-05 23:00:00+07:00,CMT8,36.05145820776622,10.78533,106.67029
2025-11-05 23:00:00+07:00,Care Centre,34.06772215101454,10.774491,106.661026
2025-11-06 00:00:00+07:00,CMT8,46.970041338602705,10.78533,106.67029
2025-11-06 00:00:00+07:00,Care Centre,37.3382916132609,10.774491,106.661026
2025-11-06 01:00:00+07:00,CMT8,37.06005545987023,10.78533,106.67029
2025-11-06 01:00:00+07:00,Care Centre,37.41725018819174,10.774491,106.661026
2025-11-06 02:00:00+07:00,CMT8,23.987750069300333,10.78533,106.67029
2025-11-06 02:00:00+07:00,Care Centre,19.006749995549516,10.774491,106.661026
2025-11-06 03:00:00+07:00,Care Centre,20.59133332040575,10.774491,106.661026
2025-11-06 03:00:00+07:00,CMT8,19.273597227202522,10.78533,106.67029
2025-11-06 04:00:00+07:00,Care Centre,26.504569443066917,10.774491,106.661026
2025-11-06 04:00:00+07:00,CMT8,27.3968611770206,10.78533,106.67029
2025-11-06 05:00:00+07:00,CMT8,43.29541692733765,10.78533,106.67029
2025-11-06 05:00:00+07:00,Care Centre,42.155833594004314,10.774491,106.661026
2025-11-06 06:00:00+07:00,Care Centre,55.60904178619385,10.774491,106.661026
2025-11-06 06:00:00+07:00,CMT8,50.941458447774245,10.78533,106.67029
2025-11-06 07:00:00+07:00,Care Centre,50.55312519073485,10.774491,106.661026
2025-11-06 07:00:00+07:00,CMT8,55.58354193369548,10.78533,106.67029
2025-11-06 08:00:00+07:00,Care Centre,61.085541979471834,10.774491,106.661026
2025-11-06 08:00:00+07:00,CMT8,68.83054205576578,10.78533,106.67029
2025-11-06 09:00:00+07:00,Care Centre,38.38687534332275,10.774491,106.661026
2025-11-06 09:00:00+07:00,CMT8,42.2109587987264,10.78533,106.67029
2025-11-06 10:00:00+07:00,Care Centre,35.30319452550676,10.774491,106.661026
2025-11-06 10:00:00+07:00,CMT8,42.351250076293944,10.78533,106.67029
2025-11-06 11:00:00+07:00,Care Centre,37.79883321126302,10.774491,106.661026
2025-11-06 11:00:00+07:00,CMT8,44.238583469390875,10.78533,106.67029
2025-11-06 12:00:00+07:00,Care Centre,44.55916659037272,10.774491,106.661026
2025-11-06 12:00:00+07:00,CMT8,59.292416636149085,10.78533,106.67029
2025-11-06 13:00:00+07:00,Care Centre,52.17524986267091,10.774491,106.661026
2025-11-06 13:00:00+07:00,CMT8,67.46108334859213,10.78533,106.67029
2025-11-06 14:00:00+07:00,Care Centre,46.55333302815756,10.774491,106.661026
2025-11-06 14:00:00+07:00,CMT8,54.996666971842444,10.78533,106.67029
2025-11-06 15:00:00+07:00,CMT8,43.175208218892415,10.78533,106.67029
2025-11-06 15:00:00+07:00,Care Centre,40.00591669082642,10.774491,106.661026
2025-11-06 16:00:00+07:00,Care Centre,32.849291499455774,10.774491,106.661026
2025-11-06 16:00:00+07:00,CMT8,36.079708417256676,10.78533,106.67029
2025-11-06 17:00:00+07:00,CMT8,40.30387516021728,10.78533,106.67029
2025-11-06 17:00:00+07:00,Care Centre,27.990958293279007,10.774491,106.661026
2025-11-06 18:00:00+07:00,CMT8,37.895763863457574,10.78533,106.67029
2025-11-06 18:00:00+07:00,Care Centre,40.71476366255018,10.774491,106.661026
2025-11-06 19:00:00+07:00,Care Centre,33.747333272298185,10.774491,106.661026
2025-11-06 19:00:00+07:00,CMT8,40.26804167429605,10.78533,106.67029
2025-11-06 20:00:00+07:00,CMT8,33.56555555926429,10.78533,106.67029
2025-11-06 20:00:00+07:00,Care Centre,34.52074983914693,10.774491,106.661026
2025-11-06 21:00:00+07:00,CMT8,40.382930776807996,10.78533,106.67029
2025-11-06 21:00:00+07:00,Care Centre,34.42337481975556,10.774491,106.661026
2025-11-06 22:00:00+07:00,CMT8,43.894152516788914,10.78533,106.67029
2025-11-06 22:00:00+07:00,Care Centre,47.00870822270711,10.774491,106.661026
2025-11-06 23:00:00+07:00,CMT8,37.51779184341431,10.78533,106.67029
2025-11-06 23:00:00+07:00,Care Centre,34.030708185831706,10.774491,106.661026
2025-11-07 00:00:00+07:00,CMT8,40.43124992847443,10.78533,106.67029
2025-11-07 00:00:00+07:00,Care Centre,40.98512472311656,10.774491,106.661026
2025-11-07 01:00:00+07:00,CMT8,47.22329184214274,10.78533,106.67029
2025-11-07 01:00:00+07:00,Care Centre,41.20916659037272,10.774491,106.661026
2025-11-07 02:00:00+07:00,CMT8,46.80136099921333,10.78533,106.67029
2025-11-07 02:00:00+07:00,Care Centre,40.015541521708165,10.774491,106.661026
2025-11-07 03:00:00+07:00,CMT8,35.78461148738861,10.78533,106.67029
2025-11-07 03:00:00+07:00,Care Centre,32.21670837402344,10.774491,106.661026
2025-11-07 04:00:00+07:00,Care Centre,33.32087491353353,10.774491,106.661026
2025-11-07 04:00:00+07:00,CMT8,34.662430085076224,10.78533,106.67029
2025-11-07 05:00:00+07:00,Care Centre,29.974861054950292,10.774491,106.661026
2025-11-07 05:00:00+07:00,CMT8,32.12947204377916,10.78533,106.67029
2025-11-07 06:00:00+07:00,CMT8,37.8307777510749,10.78533,106.67029
2025-11-07 06:00:00+07:00,Care Centre,32.671166682243346,10.774491,106.661026
2025-11-07 07:00:00+07:00,Care Centre,34.48175023396809,10.774491,106.661026
2025-11-07 07:00:00+07:00,CMT8,40.41402732001411,10.78533,106.67029
2025-11-07 08:00:00+07:00,CMT8,43.67802789476183,10.78533,106.67029
2025-11-07 08:00:00+07:00,Care Centre,35.262291781107585,10.774491,106.661026
2025-11-07 09:00:00+07:00,CMT8,42.474833424886064,10.78533,106.67029
2025-11-07 09:00:00+07:00,Care Centre,32.30358316103617,10.774491,106.661026
2025-11-07 10:00:00+07:00,CMT8,37.91911095248328,10.78533,106.67029
2025-11-07 10:00:00+07:00,Care Centre,28.247986027929517,10.774491,106.661026
2025-11-07 11:00:00+07:00,CMT8,34.509139063623216,10.78533,106.67029
2025-11-07 11:00:00+07:00,Care Centre,23.798708351453143,10.774491,106.661026
2025-11-07 12:00:00+07:00,CMT8,30.331708645820623,10.78533,106.67029
2025-11-07 12:00:00+07:00,Care Centre,21.57879167397817,10.774491,106.661026
2025-11-07 13:00:00+07:00,CMT8,29.725833328564963,10.78533,106.67029
2025-11-07 13:00:00+07:00,Care Centre,22.864000002543133,10.774491,106.661026
2025-11-07 14:00:00+07:00,Care Centre,17.50345831712087,10.774491,106.661026
2025-11-07 14:00:00+07:00,CMT8,24.18333338101705,10.78533,106.67029
2025-11-07 15:00:00+07:00,CMT8,44.65129185517629,10.78533,106.67029
2025-11-07 15:00:00+07:00,Care Centre,9.694000005722044,10.774491,106.661026
2025-11-07 16:00:00+07:00,Care Centre,18.73137500286102,10.774491,106.661026
2025-11-07 16:00:00+07:00,CMT8,22.98679170608521,10.78533,106.67029
2025-11-07 17:00:00+07:00,CMT8,27.89220830599467,10.78533,106.67029
2025-11-07 17:00:00+07:00,Care Centre,16.377583344777424,10.774491,106.661026
2025-11-07 18:00:00+07:00,CMT8,31.21645847161611,10.78533,106.67029
2025-11-07 18:00:00+07:00,Care Centre,22.921791672706604,10.774491,106.661026
2025-11-07 19:00:00+07:00,Care Centre,27.415583289994135,10.774491,106.661026
2025-11-07 19:00:00+07:00,CMT8,32.950027820799086,10.78533,106.67029
2025-11-07 20:00:00+07:00,CMT8,31.328083536359998,10.78533,106.67029
2025-11-07 20:00:00+07:00,Care Centre,25.457666635513306,10.774491,106.661026
2025-11-07 21:00:00+07:00,CMT8,31.04100003242493,10.78533,106.67029
2025-11-07 21:00:00+07:00,Care Centre,26.328708370526627,10.774491,106.661026
2025-11-07 22:00:00+07:00,Care Centre,19.593409078771415,10.774491,106.661026
2025-11-07 22:00:00+07:00,CMT8,25.480909087441184,10.78533,106.67029
2025-11-07 23:00:00+07:00,CMT8,26.774458368619282,10.78533,106.67029
2025-11-07 23:00:00+07:00,Care Centre,22.375583346684774,10.774491,106.661026
2025-11-08 00:00:00+07:00,CMT8,21.872708328564965,10.78533,106.67029
2025-11-08 00:00:00+07:00,Care Centre,16.34637501239777,10.774491,106.661026
2025-11-08 01:00:00+07:00,CMT8,21.67899996439616,10.78533,106.67029
2025-11-08 01:00:00+07:00,Care Centre,14.123208324114481,10.774491,106.661026
2025-11-08 02:00:00+07:00,Care Centre,13.092541670799257,10.774491,106.661026
2025-11-08 02:00:00+07:00,CMT8,19.072791663805642,10.78533,106.67029
2025-11-08 03:00:00+07:00,Care Centre,18.908636370572175,10.774491,106.661026
2025-11-08 03:00:00+07:00,CMT8,21.927030303261496,10.78533,106.67029
2025-11-08 04:00:00+07:00,CMT8,20.330222219891017,10.78533,106.67029
2025-11-08 04:00:00+07:00,Care Centre,16.779333337148028,10.774491,106.661026
2025-11-08 05:00:00+07:00,Care Centre,20.281291651725766,10.774491,106.661026
2025-11-08 05:00:00+07:00,CMT8,26.461138894822863,10.78533,106.67029
2025-11-08 06:00:00+07:00,Care Centre,32.076791389783224,10.774491,106.661026
2025-11-08 06:00:00+07:00,CMT8,36.17541672653622,10.78533,106.67029
2025-11-08 07:00:00+07:00,Care Centre,34.00283341407776,10.774491,106.661026
2025-11-08 07:00:00+07:00,CMT8,37.116305626763236,10.78533,106.67029
2025-11-08 08:00:00+07:00,Care Centre,26.814402805434337,10.774491,106.661026
2025-11-08 08:00:00+07:00,CMT8,38.968347570631245,10.78533,106.67029
2025-11-08 09:00:00+07:00,CMT8,30.75224993228913,10.78533,106.67029
2025-11-08 09:00:00+07:00,Care Centre,14.621000019709271,10.774491,106.661026
2025-11-08 10:00:00+07:00,Care Centre,15.730833339691161,10.774491,106.661026
2025-11-08 10:00:00+07:00,CMT8,27.80855557653639,10.78533,106.67029
2025-11-08 11:00:00+07:00,CMT8,28.094333402315772,10.78533,106.67029
2025-11-08 11:00:00+07:00,Care Centre,15.485249996185303,10.774491,106.661026
2025-11-08 12:00:00+07:00,CMT8,33.65945812861125,10.78533,106.67029
2025-11-08 12:00:00+07:00,Care Centre,17.677999989191694,10.774491,106.661026
2025-11-08 13:00:00+07:00,CMT8,34.72120834986369,10.78533,106.67029
2025-11-08 13:00:00+07:00,Care Centre,29.433458336194352,10.774491,106.661026
2025-11-08 14:00:00+07:00,CMT8,41.417666880289715,10.78533,106.67029
2025-11-08 14:00:00+07:00,Care Centre,32.89854161739349,10.774491,106.661026
2025-11-08 15:00:00+07:00,CMT8,44.78887500762939,10.78533,106.67029
2025-11-08 15:00:00+07:00,Care Centre,38.454625129699714,10.774491,106.661026
2025-11-08 16:00:00+07:00,Care Centre,30.311708323160804,10.774491,106.661026
2025-11-08 16:00:00+07:00,CMT8,39.03462506135305,10.78533,106.67029
2025-11-08 17:00:00+07:00,CMT8,40.31866671244303,10.78533,106.67029
2025-11-08 17:00:00+07:00,Care Centre,34.87587480545044,10.774491,106.661026
2025-11-08 18:00:00+07:00,Care Centre,28.052374903361002,10.774491,106.661026
2025-11-08 18:00:00+07:00,CMT8,33.8150000890096,10.78533,106.67029
2025-11-08 19:00:00+07:00,Care Centre,15.066166655222574,10.774491,106.661026
2025-11-08 19:00:00+07:00,CMT8,26.855291581153867,10.78533,106.67029
2025-11-08 20:00:00+07:00,CMT8,37.6427498181661,10.78533,106.67029
2025-11-08 20:00:00+07:00,Care Centre,28.452666632334388,10.774491,106.661026
2025-11-08 21:00:00+07:00,CMT8,35.55208339691162,10.78533,106.67029
2025-11-08 21:00:00+07:00,Care Centre,30.16451383961572,10.774491,106.661026
2025-11-08 22:00:00+07:00,CMT8,27.58041667938232,10.78533,106.67029
2025-11-08 22:00:00+07:00,Care Centre,21.919166660308836,10.774491,106.661026
2025-11-08 23:00:00+07:00,Care Centre,15.98511110941569,10.774491,106.661026
2025-11-08 23:00:00+07:00,CMT8,24.928708370526625,10.78533,106.67029
2025-11-09 00:00:00+07:00,CMT8,27.465249959627783,10.78533,106.67029
2025-11-09 00:00:00+07:00,Care Centre,25.710527748531764,10.774491,106.661026
2025-11-09 01:00:00+07:00,CMT8,30.885333236058553,10.78533,106.67029
2025-11-09 01:00:00+07:00,Care Centre,30.52766666412354,10.774491,106.661026
2025-11-09 02:00:00+07:00,Care Centre,28.967166646321616,10.774491,106.661026
2025-11-09 02:00:00+07:00,CMT8,27.37516663869222,10.78533,106.67029
2025-11-09 03:00:00+07:00,Care Centre,25.301458319028217,10.774491,106.661026
2025-11-09 03:00:00+07:00,CMT8,22.35670834382375,10.78533,106.67029
2025-11-09 04:00:00+07:00,Care Centre,20.416999991734826,10.774491,106.661026
2025-11-09 04:00:00+07:00,CMT8,20.12497222158644,10.78533,106.67029
2025-11-09 05:00:00+07:00,CMT8,19.804833337995742,10.78533,106.67029
2025-11-09 05:00:00+07:00,Care Centre,22.728458333015443,10.774491,106.661026
2025-11-09 06:00:00+07:00,Care Centre,25.05316661198934,10.774491,106.661026
2025-11-09 06:00:00+07:00,CMT8,23.762208310763043,10.78533,106.67029
2025-11-09 07:00:00+07:00,CMT8,28.705666637420652,10.78533,106.67029
2025-11-09 07:00:00+07:00,Care Centre,25.88865278297001,10.774491,106.661026
2025-11-09 08:00:00+07:00,CMT8,32.571333408355706,10.78533,106.67029
2025-11-09 08:00:00+07:00,Care Centre,27.410666688283285,10.774491,106.661026
2025-11-09 09:00:00+07:00,CMT8,34.37783330281575,10.78533,106.67029
2025-11-09 09:00:00+07:00,Care Centre,22.614625000953676,10.774491,106.661026
2025-11-09 10:00:00+07:00,CMT8,32.63833357493082,10.78533,106.67029
2025-11-09 10:00:00+07:00,Care Centre,9.330666669209798,10.774491,106.661026
2025-11-09 11:00:00+07:00,Care Centre,19.219000005722044,10.774491,106.661026
2025-11-09 11:00:00+07:00,CMT8,31.891666762034095,10.78533,106.67029
2025-11-09 12:00:00+07:00,CMT8,34.91683314641317,10.78533,106.67029
2025-11-09 12:00:00+07:00,Care Centre,19.003166675567627,10.774491,106.661026
2025-11-09 13:00:00+07:00,CMT8,32.48808338642121,10.78533,106.67029
2025-11-09 13:00:00+07:00,Care Centre,17.87208333015442,10.774491,106.661026
2025-11-09 14:00:00+07:00,Care Centre,22.870166683197024,10.774491,106.661026
2025-11-09 14:00:00+07:00,CMT8,33.4108333905538,10.78533,106.67029
2025-11-09 15:00:00+07:00,Care Centre,21.608500003814697,10.774491,106.661026
2025-11-09 15:00:00+07:00,CMT8,29.436333529154464,10.78533,106.67029
2025-11-09 16:00:00+07:00,Care Centre,20.396999994913738,10.774491,106.661026
2025-11-09 16:00:00+07:00,CMT8,20.076833391189574,10.78533,106.67029
2025-11-09 17:00:00+07:00,CMT8,23.947166697184244,10.78533,106.67029
2025-11-09 17:00:00+07:00,Care Centre,21.386500008900963,10.774491,106.661026
2025-11-09 18:00:00+07:00,CMT8,40.70172214508056,10.78533,106.67029
2025-11-09 18:00:00+07:00,Care Centre,30.539333152770993,10.774491,106.661026
2025-11-09 19:00:00+07:00,Care Centre,18.321958327293395,10.774491,106.661026
2025-11-09 19:00:00+07:00,CMT8,33.58299992879232,10.78533,106.67029
2025-11-09 20:00:00+07:00,Care Centre,10.286416673660277,10.774491,106.661026
2025-11-09 20:00:00+07:00,CMT8,20.953249994913737,10.78533,106.67029
2025-11-09 21:00:00+07:00,Care Centre,18.86349999109904,10.774491,106.661026
2025-11-09 21:00:00+07:00,CMT8,22.269500011867944,10.78533,106.67029
2025-11-09 22:00:00+07:00,Care Centre,20.698208324114486,10.774491,106.661026
2025-11-09 22:00:00+07:00,CMT8,25.56079166465335,10.78533,106.67029
2025-11-09 23:00:00+07:00,Care Centre,27.286166667938236,10.774491,106.661026
2025-11-09 23:00:00+07:00,CMT8,30.97616672515869,10.78533,106.67029
2025-11-10 00:00:00+07:00,Care Centre,33.814000097910565,10.774491,106.661026
2025-11-10 00:00:00+07:00,CMT8,31.680500157674157,10.78533,106.67029
2025-11-10 01:00:00+07:00,Care Centre,39.738666788736985,10.774491,106.661026
2025-11-10 01:00:00+07:00,CMT8,39.34279181162516,10.78533,106.67029
2025-11-10 02:00:00+07:00,Care Centre,36.597000122070305,10.774491,106.661026
2025-11-10 02:00:00+07:00,CMT8,36.21412493387858,10.78533,106.67029
2025-11-10 03:00:00+07:00,Care Centre,33.824125099182126,10.774491,106.661026
2025-11-10 03:00:00+07:00,CMT8,36.90045846303304,10.78533,106.67029
2025-11-10 04:00:00+07:00,CMT8,35.25787490208943,10.78533,106.67029
2025-11-10 04:00:00+07:00,Care Centre,35.7620695537991,10.774491,106.661026
2025-11-10 05:00:00+07:00,Care Centre,36.82011125352648,10.774491,106.661026
2025-11-10 05:00:00+07:00,CMT8,38.88005570305719,10.78533,106.67029
2025-11-10 06:00:00+07:00,Care Centre,42.51925010681152,10.774491,106.661026
2025-11-10 06:00:00+07:00,CMT8,46.35625025431315,10.78533,106.67029
2025-11-10 07:00:00+07:00,Care Centre,45.76129156748454,10.774491,106.661026
2025-11-10 07:00:00+07:00,CMT8,52.71041628519694,10.78533,106.67029
2025-11-10 08:00:00+07:00,Care Centre,45.74312496185303,10.774491,106.661026
2025-11-10 08:00:00+07:00,CMT8,47.044624900817865,10.78533,106.67029
2025-11-10 09:00:00+07:00,Care Centre,36.24716672897339,10.774491,106.661026
2025-11-10 09:00:00+07:00,CMT8,45.65354162851969,10.78533,106.67029
2025-11-10 10:00:00+07:00,Care Centre,29.58212497234345,10.774491,106.661026
2025-11-10 10:00:00+07:00,CMT8,36.29645826816559,10.78533,106.67029
2025-11-10 11:00:00+07:00,Care Centre,46.42236116197375,10.774491,106.661026
2025-11-10 11:00:00+07:00,CMT8,50.26316668192545,10.78533,106.67029
2025-11-10 12:00:00+07:00,CMT8,48.23158315022786,10.78533,106.67029
2025-11-10 12:00:00+07:00,Care Centre,41.63133290608723,10.774491,106.661026
2025-11-10 13:00:00+07:00,Care Centre,38.275,10.774491,106.661026
2025-11-10 13:00:00+07:00,CMT8,43.97466684977213,10.78533,106.67029
2025-11-10 14:00:00+07:00,Care Centre,31.163999843597413,10.774491,106.661026
2025-11-10 14:00:00+07:00,CMT8,39.7525001525879,10.78533,106.67029
2025-11-10 15:00:00+07:00,CMT8,39.51108334859213,10.78533,106.67029
2025-11-10 15:00:00+07:00,Care Centre,30.82549985249837,10.774491,106.661026
2025-11-10 16:00:00+07:00,Care Centre,17.906027772691512,10.774491,106.661026
2025-11-10 16:00:00+07:00,CMT8,27.038500118255612,10.78533,106.67029
2025-11-10 17:00:00+07:00,CMT8,27.30899977684021,10.78533,106.67029
2025-11-10 17:00:00+07:00,Care Centre,13.752666664123536,10.774491,106.661026
2025-11-10 18:00:00+07:00,CMT8,29.898083368937176,10.78533,106.67029
2025-11-10 18:00:00+07:00,Care Centre,21.139500013987224,10.774491,106.661026
2025-11-10 19:00:00+07:00,Care Centre,23.55300000508626,10.774491,106.661026
2025-11-10 19:00:00+07:00,CMT8,30.808166535695403,10.78533,106.67029
2025-11-10 20:00:00+07:00,CMT8,31.006499926249187,10.78533,106.67029
2025-11-10 20:00:00+07:00,Care Centre,25.041499996185298,10.774491,106.661026
2025-11-10 21:00:00+07:00,Care Centre,21.963499991099038,10.774491,106.661026
2025-11-10 21:00:00+07:00,CMT8,33.48033323287964,10.78533,106.67029
2025-11-10 22:00:00+07:00,Care Centre,25.9914999961853,10.774491,106.661026
2025-11-10 22:00:00+07:00,CMT8,29.428166611989344,10.78533,106.67029
2025-11-10 23:00:00+07:00,CMT8,23.93262499968211,10.78533,106.67029
2025-11-10 23:00:00+07:00,Care Centre,19.11349999109904,10.774491,106.661026
2025-11-11 00:00:00+07:00,CMT8,20.820652768347,10.78533,106.67029
2025-11-11 00:00:00+07:00,Care Centre,21.594124992688496,10.774491,106.661026
2025-11-11 01:00:00+07:00,Care Centre,23.033958331743875,10.774491,106.661026
2025-11-11 01:00:00+07:00,CMT8,20.69988890224033,10.78533,106.67029
2025-11-11 02:00:00+07:00,CMT8,19.886388895246718,10.78533,106.67029
2025-11-11 02:00:00+07:00,Care Centre,17.46099999745687,10.774491,106.661026
2025-11-11 03:00:00+07:00,Care Centre,15.605499998728433,10.774491,106.661026
2025-11-11 03:00:00+07:00,CMT8,20.05645832220713,10.78533,106.67029
2025-11-11 04:00:00+07:00,CMT8,20.70041666560703,10.78533,106.67029
2025-11-11 04:00:00+07:00,Care Centre,16.024249998728436,10.774491,106.661026
2025-11-11 05:00:00+07:00,CMT8,23.99700002670288,10.78533,106.67029
2025-11-11 05:00:00+07:00,Care Centre,25.17141666412354,10.774491,106.661026
2025-11-11 06:00:00+07:00,Care Centre,34.008000151316324,10.774491,106.661026
2025-11-11 06:00:00+07:00,CMT8,32.52337489128113,10.78533,106.67029
2025-11-11 07:00:00+07:00,Care Centre,24.752999941507976,10.774491,106.661026
2025-11-11 07:00:00+07:00,CMT8,30.865708231925964,10.78533,106.67029
2025-11-11 08:00:00+07:00,Care Centre,25.288999938964846,10.774491,106.661026
2025-11-11 08:00:00+07:00,CMT8,33.242333030700685,10.78533,106.67029
2025-11-11 09:00:00+07:00,CMT8,32.29150002797444,10.78533,106.67029
2025-11-11 09:00:00+07:00,Care Centre,26.627166716257733,10.774491,106.661026
2025-11-11 10:00:00+07:00,Care Centre,15.064000002543132,10.774491,106.661026
2025-11-11 10:00:00+07:00,CMT8,28.780333455403646,10.78533,106.67029
2025-11-11 11:00:00+07:00,CMT8,29.522166601816817,10.78533,106.67029
2025-11-11 11:00:00+07:00,Care Centre,12.3221666653951,10.774491,106.661026
2025-11-11 12:00:00+07:00,CMT8,35.068250052134196,10.78533,106.67029
2025-11-11 12:00:00+07:00,Care Centre,24.978055561913383,10.774491,106.661026
2025-11-11 13:00:00+07:00,Care Centre,35.41949993769328,10.774491,106.661026
2025-11-11 13:00:00+07:00,CMT8,40.21268058353001,10.78533,106.67029
2025-11-11 14:00:00+07:00,CMT8,46.95316645304362,10.78533,106.67029
2025-11-11 14:00:00+07:00,Care Centre,40.858499908447264,10.774491,106.661026
2025-11-11 15:00:00+07:00,CMT8,51.9856669108073,10.78533,106.67029
2025-11-11 15:00:00+07:00,Care Centre,34.71066697438558,10.774491,106.661026
2025-11-11 16:00:00+07:00,CMT8,44.31133321126302,10.78533,106.67029
2025-11-11 16:00:00+07:00,Care Centre,28.671833356221516,10.774491,106.661026
2025-11-11 17:00:00+07:00,Care Centre,25.702499930063883,10.774491,106.661026
2025-11-11 17:00:00+07:00,CMT8,34.660999870300294,10.78533,106.67029
2025-11-11 18:00:00+07:00,Care Centre,19.907430561383567,10.774491,106.661026
2025-11-11 18:00:00+07:00,CMT8,32.715402992566425,10.78533,106.67029
2025-11-11 19:00:00+07:00,CMT8,29.338999907175694,10.78533,106.67029
2025-11-11 19:00:00+07:00,Care Centre,22.459875003496805,10.774491,106.661026
2025-11-11 20:00:00+07:00,Care Centre,24.426611105600994,10.774491,106.661026
2025-11-11 20:00:00+07:00,CMT8,32.451458438237516,10.78533,106.67029
2025-11-11 21:00:00+07:00,Care Centre,26.227611107296415,10.774491,106.661026
2025-11-11 21:00:00+07:00,CMT8,29.63066663742065,10.78533,106.67029
2025-11-11 22:00:00+07:00,Care Centre,26.666666666666668,10.774491,106.661026
2025-11-11 22:00:00+07:00,CMT8,28.512166595458982,10.78533,106.67029
2025-11-11 23:00:00+07:00,CMT8,26.06683333714803,10.78533,106.67029
2025-11-11 23:00:00+07:00,Care Centre,23.280833339691167,10.774491,106.661026
2025-11-12 00:00:00+07:00,CMT8,25.319000021616617,10.78533,106.67029
2025-11-12 00:00:00+07:00,Care Centre,27.641499964396157,10.774491,106.661026
2025-11-12 01:00:00+07:00,Care Centre,34.541000334421796,10.774491,106.661026
2025-11-12 01:00:00+07:00,CMT8,29.98879164854686,10.78533,106.67029
2025-11-12 02:00:00+07:00,CMT8,31.482277888721892,10.78533,106.67029
2025-11-12 02:00:00+07:00,Care Centre,38.213500245412185,10.774491,106.661026
2025-11-12 03:00:00+07:00,CMT8,30.18049993515015,10.78533,106.67029
2025-11-12 03:00:00+07:00,Care Centre,34.93866682052613,10.774491,106.661026
2025-11-12 04:00:00+07:00,Care Centre,31.413833300272625,10.774491,106.661026
2025-11-12 04:00:00+07:00,CMT8,31.91333344777425,10.78533,106.67029
2025-11-12 05:00:00+07:00,CMT8,26.730416631698606,10.78533,106.67029
2025-11-12 05:00:00+07:00,Care Centre,23.00833333333334,10.774491,106.661026
2025-11-12 06:00:00+07:00,Care Centre,24.13833338419597,10.774491,106.661026
2025-11-12 06:00:00+07:00,CMT8,30.22466656366984,10.78533,106.67029
2025-11-12 07:00:00+07:00,CMT8,30.69066661198934,10.78533,106.67029
2025-11-12 07:00:00+07:00,Care Centre,30.14116671880086,10.774491,106.661026
2025-11-12 08:00:00+07:00,Care Centre,6.099833329518636,10.774491,106.661026
2025-11-12 08:00:00+07:00,CMT8,14.020875000953673,10.78533,106.67029
2025-11-12 09:00:00+07:00,CMT8,26.411166604359945,10.78533,106.67029
2025-11-12 09:00:00+07:00,Care Centre,9.767000007629395,10.774491,106.661026
2025-11-12 10:00:00+07:00,Care Centre,18.294166628519694,10.774491,106.661026
2025-11-12 10:00:00+07:00,CMT8,21.805666597684223,10.78533,106.67029
2025-11-12 11:00:00+07:00,Care Centre,18.424833329518638,10.774491,106.661026
2025-11-12 11:00:00+07:00,CMT8,17.783333333333335,10.78533,106.67029
2025-11-12 12:00:00+07:00,CMT8,19.03883336385091,10.78533,106.67029
2025-11-12 12:00:00+07:00,Care Centre,17.7693333307902,10.774491,106.661026
2025-11-12 13:00:00+07:00,Care Centre,14.259541662534078,10.774491,106.661026
2025-11-12 13:00:00+07:00,CMT8,22.988666661580407,10.78533,106.67029
2025-11-12 20:00:00+07:00,Care Centre,30.80266663233439,10.774491,106.661026
2025-11-12 20:00:00+07:00,CMT8,35.8272919734319,10.78533,106.67029
2025-11-12 21:00:00+07:00,Care Centre,28.399416629473365,10.774491,106.661026
2025-11-12 21:00:00+07:00,CMT8,32.280638758341475,10.78533,106.67029
2025-11-12 22:00:00+07:00,CMT8,29.450166734059653,10.78533,106.67029
2025-11-12 22:00:00+07:00,Care Centre,26.855166657765704,10.774491,106.661026
2025-11-12 23:00:00+07:00,CMT8,29.681125036875404,10.78533,106.67029
2025-11-12 23:00:00+07:00,Care Centre,27.394666671752933,10.774491,106.661026
2025-11-13 00:00:00+07:00,Care Centre,27.138833332061775,10.774491,106.661026
2025-11-13 00:00:00+07:00,CMT8,27.51304163138072,10.78533,106.67029
2025-11-13 01:00:00+07:00,Care Centre,26.388500054677326,10.774491,106.661026
2025-11-13 01:00:00+07:00,CMT8,24.596541666984553,10.78533,106.67029
2025-11-13 02:00:00+07:00,Care Centre,28.90144443511963,10.774491,106.661026
2025-11-13 02:00:00+07:00,CMT8,23.472874999046326,10.78533,106.67029
2025-11-13 03:00:00+07:00,Care Centre,24.549930559264293,10.774491,106.661026
2025-11-13 03:00:00+07:00,CMT8,24.022124981880186,10.78533,106.67029
2025-11-13 04:00:00+07:00,Care Centre,24.821513904465565,10.774491,106.661026
2025-11-13 04:00:00+07:00,CMT8,27.309236039055715,10.78533,106.67029
2025-11-13 05:00:00+07:00,Care Centre,51.83816706339518,10.774491,106.661026
2025-11-13 05:00:00+07:00,CMT8,52.93570855458577,10.78533,106.67029
2025-11-13 06:00:00+07:00,CMT8,56.82044453091092,10.78533,106.67029
2025-11-13 06:00:00+07:00,Care Centre,64.0725835164388,10.774491,106.661026
2025-11-13 07:00:00+07:00,CMT8,75.97745838165282,10.78533,106.67029
2025-11-13 07:00:00+07:00,Care Centre,77.6354995727539,10.774491,106.661026
2025-11-13 08:00:00+07:00,Care Centre,83.43659746381972,10.774491,106.661026
2025-11-13 08:00:00+07:00,CMT8,84.24708315531413,10.78533,106.67029
2025-11-13 09:00:00+07:00,Care Centre,71.50579153696697,10.774491,106.661026
2025-11-13 09:00:00+07:00,CMT8,69.7970278845893,10.78533,106.67029
2025-11-13 10:00:00+07:00,Care Centre,55.74383366902669,10.774491,106.661026
2025-11-13 10:00:00+07:00,CMT8,54.186166636149096,10.78533,106.67029
2025-11-13 11:00:00+07:00,Care Centre,49.65550003051758,10.774491,106.661026
2025-11-13 11:00:00+07:00,CMT8,52.17466684977213,10.78533,106.67029
2025-11-13 12:00:00+07:00,Care Centre,49.28066660563152,10.774491,106.661026
2025-11-13 12:00:00+07:00,CMT8,50.26166636149089,10.78533,106.67029
2025-11-13 14:00:00+07:00,CMT8,47.37466684977213,10.78533,106.67029
2025-11-13 14:00:00+07:00,Care Centre,47.2529998779297,10.774491,106.661026
2025-11-13 15:00:00+07:00,Care Centre,45.5282917658488,10.774491,106.661026
2025-11-13 15:00:00+07:00,CMT8,45.24666659037272,10.78533,106.67029
2025-11-13 16:00:00+07:00,Care Centre,49.63695824940999,10.774491,106.661026
2025-11-13 16:00:00+07:00,CMT8,49.85833333333334,10.78533,106.67029
2025-11-13 17:00:00+07:00,Care Centre,46.252666727701815,10.774491,106.661026
2025-11-13 17:00:00+07:00,CMT8,42.072333272298174,10.78533,106.67029
2025-11-13 18:00:00+07:00,CMT8,45.38866678873698,10.78533,106.67029
2025-11-13 18:00:00+07:00,Care Centre,44.29150009155274,10.774491,106.661026
2025-11-13 19:00:00+07:00,CMT8,47.16933339436849,10.78533,106.67029
2025-11-13 19:00:00+07:00,Care Centre,43.95899963378906,10.774491,106.661026
2025-11-13 20:00:00+07:00,Care Centre,39.65,10.774491,106.661026
2025-11-13 20:00:00+07:00,CMT8,42.25883305867513,10.78533,106.67029
2025-11-13 21:00:00+07:00,CMT8,37.5826670328776,10.78533,106.67029
2025-11-13 21:00:00+07:00,Care Centre,34.54150009155274,10.774491,106.661026
2025-11-13 22:00:00+07:00,CMT8,37.96990278032091,10.78533,106.67029
2025-11-13 22:00:00+07:00,Care Centre,37.69645799001058,10.774491,106.661026
2025-11-13 23:00:00+07:00,Care Centre,36.880500030517574,10.774491,106.661026
2025-11-13 23:00:00+07:00,CMT8,38.01470826466878,10.78533,106.67029
2025-11-14 00:00:00+07:00,CMT8,39.47916742960613,10.78533,106.67029
2025-11-14 00:00:00+07:00,Care Centre,36.31850051879882,10.774491,106.661026
2025-11-14 01:00:00+07:00,Care Centre,35.19295838673909,10.774491,106.661026
2025-11-14 01:00:00+07:00,CMT8,37.83099975585938,10.78533,106.67029
2025-11-14 02:00:00+07:00,CMT8,48.638999938964844,10.78533,106.67029
2025-11-14 02:00:00+07:00,Care Centre,41.11366678873698,10.774491,106.661026
2025-11-14 03:00:00+07:00,CMT8,99.60645860036213,10.78533,106.67029
2025-11-14 03:00:00+07:00,Care Centre,92.46149978637698,10.774491,106.661026
2025-11-14 04:00:00+07:00,CMT8,103.18349990844727,10.78533,106.67029
2025-11-14 04:00:00+07:00,Care Centre,113.7529998779297,10.774491,106.661026
2025-11-14 05:00:00+07:00,Care Centre,104.66433308919271,10.774491,106.661026
2025-11-14 05:00:00+07:00,CMT8,95.01050033569338,10.78533,106.67029
2025-11-14 06:00:00+07:00,Care Centre,95.50290915749291,10.774491,106.661026
2025-11-14 06:00:00+07:00,CMT8,88.45472717285156,10.78533,106.67029
2025-11-14 07:00:00+07:00,CMT8,90.23033345540365,10.78533,106.67029
2025-11-14 07:00:00+07:00,Care Centre,93.8611666361491,10.774491,106.661026
2025-11-14 08:00:00+07:00,Care Centre,61.37516657511393,10.774491,106.661026
2025-11-14 08:00:00+07:00,CMT8,59.28033345540365,10.78533,106.67029
2025-11-14 10:00:00+07:00,Care Centre,44.80316645304362,10.774491,106.661026
2025-11-14 10:00:00+07:00,CMT8,44.17750015258789,10.78533,106.67029
2025-11-14 11:00:00+07:00,CMT8,44.807416407267254,10.78533,106.67029
2025-11-14 11:00:00+07:00,Care Centre,43.28083318074544,10.774491,106.661026
2025-11-14 12:00:00+07:00,CMT8,44.369499969482426,10.78533,106.67029
2025-11-14 12:00:00+07:00,Care Centre,41.10016657511393,10.774491,106.661026
2025-11-14 21:00:00+07:00,Care Centre,31.75333321889241,10.774491,106.661026
2025-11-14 21:00:00+07:00,CMT8,32.13886100980971,10.78533,106.67029
2025-11-14 22:00:00+07:00,Care Centre,31.16966663996379,10.774491,106.661026
2025-11-14 22:00:00+07:00,CMT8,35.65037520726522,10.78533,106.67029
2025-11-14 23:00:00+07:00,Care Centre,35.800097137027315,10.774491,106.661026
2025-11-14 23:00:00+07:00,CMT8,40.49529158274333,10.78533,106.67029
2025-11-15 00:00:00+07:00,CMT8,47.60299987792968,10.78533,106.67029
2025-11-15 00:00:00+07:00,Care Centre,48.00616633097331,10.774491,106.661026
2025-11-15 01:00:00+07:00,Care Centre,66.5203328450521,10.774491,106.661026
2025-11-15 01:00:00+07:00,CMT8,73.46616694132486,10.78533,106.67029
2025-11-15 02:00:00+07:00,CMT8,57.06116663614909,10.78533,106.67029
2025-11-15 02:00:00+07:00,Care Centre,67.9173329671224,10.774491,106.661026
2025-11-15 03:00:00+07:00,CMT8,42.427833302815756,10.78533,106.67029
2025-11-15 03:00:00+07:00,Care Centre,43.01966654459634,10.774491,106.661026
2025-11-15 04:00:00+07:00,Care Centre,44.37483342488607,10.774491,106.661026
2025-11-15 04:00:00+07:00,CMT8,42.90816675821941,10.78533,106.67029
2025-11-15 05:00:00+07:00,CMT8,46.77466684977213,10.78533,106.67029
2025-11-15 05:00:00+07:00,Care Centre,44.3331667582194,10.774491,106.661026
2025-11-15 06:00:00+07:00,CMT8,45.25233357747396,10.78533,106.67029
2025-11-15 06:00:00+07:00,Care Centre,44.19383290608724,10.774491,106.661026
2025-11-15 07:00:00+07:00,CMT8,50.784166208903,10.78533,106.67029
2025-11-15 07:00:00+07:00,Care Centre,50.30866648356119,10.774491,106.661026
2025-11-15 08:00:00+07:00,Care Centre,52.25883305867513,10.774491,106.661026
2025-11-15 08:00:00+07:00,CMT8,51.552500152587875,10.78533,106.67029
2025-11-15 09:00:00+07:00,CMT8,54.175166575113934,10.78533,106.67029
2025-11-15 09:00:00+07:00,Care Centre,52.18633321126302,10.774491,106.661026
2025-11-15 10:00:00+07:00,CMT8,51.246833546956374,10.78533,106.67029
2025-11-15 10:00:00+07:00,Care Centre,52.361000061035156,10.774491,106.661026
2025-11-15 11:00:00+07:00,CMT8,44.431166330973305,10.78533,106.67029
2025-11-15 11:00:00+07:00,Care Centre,39.26400000254312,10.774491,106.661026
2025-11-15 12:00:00+07:00,Care Centre,33.033333396911615,10.774491,106.661026
2025-11-15 12:00:00+07:00,CMT8,38.68333333333333,10.78533,106.67029
2025-11-15 13:00:00+07:00,Care Centre,48.69733327229818,10.774491,106.661026
2025-11-15 13:00:00+07:00,CMT8,49.3004997253418,10.78533,106.67029
2025-11-15 14:00:00+07:00,CMT8,48.83583348592122,10.78533,106.67029
2025-11-15 14:00:00+07:00,Care Centre,42.927999877929686,10.774491,106.661026
2025-11-15 15:00:00+07:00,Care Centre,38.60283330281575,10.774491,106.661026
2025-11-15 15:00:00+07:00,CMT8,43.261166636149085,10.78533,106.67029
2025-11-15 16:00:00+07:00,Care Centre,35.12520818710326,10.774491,106.661026
2025-11-15 16:00:00+07:00,CMT8,40.95800018310547,10.78533,106.67029
2025-11-15 17:00:00+07:00,Care Centre,32.30333334604899,10.774491,106.661026
2025-11-15 17:00:00+07:00,CMT8,47.4918332417806,10.78533,106.67029
2025-11-15 18:00:00+07:00,Care Centre,38.76741667588552,10.774491,106.661026
2025-11-15 18:00:00+07:00,CMT8,44.1470001220703,10.78533,106.67029
2025-11-15 19:00:00+07:00,Care Centre,29.211166540781658,10.774491,106.661026
2025-11-15 19:00:00+07:00,CMT8,34.97466678619384,10.78533,106.67029
2025-11-15 20:00:00+07:00,CMT8,31.761249876022337,10.78533,106.67029
2025-11-15 20:00:00+07:00,Care Centre,25.817583322525024,10.774491,106.661026
2025-11-15 21:00:00+07:00,Care Centre,24.557999992370608,10.774491,106.661026
2025-11-15 21:00:00+07:00,CMT8,30.416666634877526,10.78533,106.67029
2025-11-15 22:00:00+07:00,Care Centre,28.102166652679443,10.774491,106.661026
2025-11-15 22:00:00+07:00,CMT8,32.1963751633962,10.78533,106.67029
2025-11-15 23:00:00+07:00,CMT8,38.55761099921333,10.78533,106.67029
2025-11-15 23:00:00+07:00,Care Centre,34.658666356404616,10.774491,106.661026
2025-11-16 00:00:00+07:00,CMT8,44.66512470245362,10.78533,106.67029
2025-11-16 00:00:00+07:00,Care Centre,43.458333333333336,10.774491,106.661026
2025-11-16 01:00:00+07:00,CMT8,41.49775009155273,10.78533,106.67029
2025-11-16 01:00:00+07:00,Care Centre,41.980666605631505,10.774491,106.661026
2025-11-16 02:00:00+07:00,CMT8,53.96745827992757,10.78533,106.67029
2025-11-16 02:00:00+07:00,Care Centre,54.903333028157554,10.774491,106.661026
2025-11-16 03:00:00+07:00,CMT8,70.94004179636637,10.78533,106.67029
2025-11-16 03:00:00+07:00,Care Centre,68.8220001220703,10.774491,106.661026
2025-11-16 04:00:00+07:00,Care Centre,105.10783360799154,10.774491,106.661026
2025-11-16 04:00:00+07:00,CMT8,99.99466692606607,10.78533,106.67029
2025-11-16 05:00:00+07:00,Care Centre,115.12683385213218,10.774491,106.661026
2025-11-16 05:00:00+07:00,CMT8,106.49612522125244,10.78533,106.67029
2025-11-16 06:00:00+07:00,Care Centre,116.5836664835612,10.774491,106.661026
2025-11-16 06:00:00+07:00,CMT8,111.02574996948242,10.78533,106.67029
2025-11-16 07:00:00+07:00,Care Centre,122.48383305867513,10.774491,106.661026
2025-11-16 07:00:00+07:00,CMT8,105.08875045776365,10.78533,106.67029
2025-11-16 08:00:00+07:00,CMT8,120.50187511444092,10.78533,106.67029
2025-11-16 08:00:00+07:00,Care Centre,128.07183354695638,10.774491,106.661026
2025-11-16 09:00:00+07:00,Care Centre,140.352792040507,10.774491,106.661026
2025-11-16 09:00:00+07:00,CMT8,135.77265292273628,10.78533,106.67029
2025-11-16 10:00:00+07:00,Care Centre,113.52533315022784,10.774491,106.661026
2025-11-16 10:00:00+07:00,CMT8,112.2737086613973,10.78533,106.67029
2025-11-16 12:00:00+07:00,Care Centre,54.68333333333334,10.774491,106.661026
2025-11-16 12:00:00+07:00,CMT8,59.05849990844727,10.78533,106.67029
2025-11-16 13:00:00+07:00,Care Centre,44.7163335164388,10.774491,106.661026
2025-11-16 13:00:00+07:00,CMT8,45.805000305175774,10.78533,106.67029
2025-11-16 14:00:00+07:00,CMT8,51.19433339436849,10.78533,106.67029
2025-11-16 14:00:00+07:00,Care Centre,48.25033315022787,10.774491,106.661026
2025-11-16 15:00:00+07:00,CMT8,45.372333272298185,10.78533,106.67029
2025-11-16 15:00:00+07:00,Care Centre,45.98066660563152,10.774491,106.661026
2025-11-16 16:00:00+07:00,CMT8,39.51449966430664,10.78533,106.67029
2025-11-16 16:00:00+07:00,Care Centre,38.006667073567705,10.774491,106.661026
2025-11-16 17:00:00+07:00,CMT8,39.265833791097,10.78533,106.67029
2025-11-16 17:00:00+07:00,Care Centre,37.91383336385091,10.774491,106.661026
2025-11-16 18:00:00+07:00,Care Centre,39.91366678873698,10.774491,106.661026
2025-11-16 18:00:00+07:00,CMT8,41.74433339436849,10.78533,106.67029
2025-11-16 19:00:00+07:00,CMT8,42.05599975585938,10.78533,106.67029
2025-11-16 19:00:00+07:00,Care Centre,39.28899993896484,10.774491,106.661026
2025-11-16 20:00:00+07:00,Care Centre,44.10316645304363,10.774491,106.661026
2025-11-16 20:00:00+07:00,CMT8,49.24716669718424,10.78533,106.67029
2025-11-16 21:00:00+07:00,Care Centre,48.330666605631514,10.774491,106.661026
2025-11-16 21:00:00+07:00,CMT8,50.800916544596355,10.78533,106.67029
2025-11-16 22:00:00+07:00,Care Centre,46.56133321126302,10.774491,106.661026
2025-11-16 22:00:00+07:00,CMT8,47.93216730753581,10.78533,106.67029
2025-11-16 23:00:00+07:00,Care Centre,31.644666608174642,10.774491,106.661026
2025-11-16 23:00:00+07:00,CMT8,36.73688891728719,10.78533,106.67029
2025-11-17 00:00:00+07:00,Care Centre,28.779666662216187,10.774491,106.661026
2025-11-17 00:00:00+07:00,CMT8,28.93238888316684,10.78533,106.67029
2025-11-17 01:00:00+07:00,CMT8,33.083694436815044,10.78533,106.67029
2025-11-17 01:00:00+07:00,Care Centre,30.909499867757162,10.774491,106.661026
2025-11-17 02:00:00+07:00,Care Centre,35.121124839782716,10.774491,106.661026
2025-11-17 02:00:00+07:00,CMT8,33.65565284358131,10.78533,106.67029
2025-11-17 03:00:00+07:00,CMT8,37.375000127156575,10.78533,106.67029
2025-11-17 03:00:00+07:00,Care Centre,34.995041592915854,10.774491,106.661026
2025-11-17 04:00:00+07:00,CMT8,40.967055850558815,10.78533,106.67029
2025-11-17 04:00:00+07:00,Care Centre,40.48190229203966,10.774491,106.661026
2025-11-17 05:00:00+07:00,Care Centre,44.12776402367485,10.774491,106.661026
2025-11-17 05:00:00+07:00,CMT8,43.15954189300536,10.78533,106.67029
2025-11-17 06:00:00+07:00,Care Centre,42.99595826466878,10.774491,106.661026
2025-11-17 06:00:00+07:00,CMT8,44.39016660054525,10.78533,106.67029
2025-11-17 07:00:00+07:00,Care Centre,45.113999938964845,10.774491,106.661026
2025-11-17 07:00:00+07:00,CMT8,45.62079168955484,10.78533,106.67029
2025-11-17 08:00:00+07:00,CMT8,47.838819736904576,10.78533,106.67029
2025-11-17 08:00:00+07:00,Care Centre,45.39933331807455,10.774491,106.661026
2025-11-17 09:00:00+07:00,CMT8,40.066680815484794,10.78533,106.67029
2025-11-17 09:00:00+07:00,Care Centre,39.41083345413208,10.774491,106.661026
2025-11-17 10:00:00+07:00,CMT8,34.856791806221004,10.78533,106.67029
2025-11-17 10:00:00+07:00,Care Centre,32.28941669464111,10.774491,106.661026
2025-11-17 11:00:00+07:00,Care Centre,21.30300000508626,10.774491,106.661026
2025-11-17 11:00:00+07:00,CMT8,22.91083335876465,10.78533,106.67029
2025-11-17 12:00:00+07:00,Care Centre,16.091833337148028,10.774491,106.661026
2025-11-17 12:00:00+07:00,CMT8,21.814166609446207,10.78533,106.67029
2025-11-17 13:00:00+07:00,Care Centre,11.311500008900962,10.774491,106.661026
2025-11-17 13:00:00+07:00,CMT8,21.31699997584025,10.78533,106.67029
2025-11-17 14:00:00+07:00,Care Centre,5.8999999999999995,10.774491,106.661026
2025-11-17 14:00:00+07:00,CMT8,15.216666666666663,10.78533,106.67029
2025-11-17 17:00:00+07:00,Care Centre,4.758500001827875,10.774491,106.661026
2025-11-17 17:00:00+07:00,CMT8,19.38300002415975,10.78533,106.67029
2025-11-17 18:00:00+07:00,Care Centre,26.981166648864747,10.774491,106.661026
2025-11-17 18:00:00+07:00,CMT8,21.155333360036213,10.78533,106.67029
2025-11-17 19:00:00+07:00,Care Centre,16.597499974568684,10.774491,106.661026
2025-11-17 19:00:00+07:00,CMT8,18.4443333307902,10.78533,106.67029
2025-11-17 20:00:00+07:00,CMT8,24.37483336130778,10.78533,106.67029
2025-11-17 20:00:00+07:00,Care Centre,25.487750005722045,10.774491,106.661026
2025-11-17 21:00:00+07:00,Care Centre,30.433000151316325,10.774491,106.661026
2025-11-17 21:00:00+07:00,CMT8,29.93583358128866,10.78533,106.67029
2025-11-17 22:00:00+07:00,CMT8,15.552333323160811,10.78533,106.67029
2025-11-17 22:00:00+07:00,Care Centre,10.721166658401488,10.774491,106.661026
2025-11-17 23:00:00+07:00,Care Centre,11.385250012079874,10.774491,106.661026
2025-11-17 23:00:00+07:00,CMT8,14.908249998092652,10.78533,106.67029
2025-11-18 00:00:00+07:00,CMT8,15.283069433106315,10.78533,106.67029
2025-11-18 00:00:00+07:00,Care Centre,11.265999984741212,10.774491,106.661026
2025-11-18 01:00:00+07:00,CMT8,36.504291534423835,10.78533,106.67029
2025-11-18 01:00:00+07:00,Care Centre,45.00379145940145,10.774491,106.661026
2025-11-18 02:00:00+07:00,Care Centre,127.58650016784668,10.774491,106.661026
2025-11-18 02:00:00+07:00,CMT8,62.95866648356121,10.78533,106.67029
2025-11-18 03:00:00+07:00,Care Centre,110.05816675821939,10.774491,106.661026
2025-11-18 03:00:00+07:00,CMT8,84.76933339436849,10.78533,106.67029
2025-11-18 04:00:00+07:00,Care Centre,130.64851394229464,10.774491,106.661026
2025-11-18 04:00:00+07:00,CMT8,105.97716700236003,10.78533,106.67029
2025-11-18 05:00:00+07:00,CMT8,45.19133342107137,10.78533,106.67029
2025-11-18 05:00:00+07:00,Care Centre,41.789583460489915,10.774491,106.661026
2025-11-18 06:00:00+07:00,Care Centre,24.769277789857654,10.774491,106.661026
2025-11-18 06:00:00+07:00,CMT8,28.783333460489903,10.78533,106.67029
2025-11-18 07:00:00+07:00,Care Centre,27.039333311716717,10.774491,106.661026
2025-11-18 07:00:00+07:00,CMT8,33.09749978383382,10.78533,106.67029
2025-11-18 08:00:00+07:00,Care Centre,28.897333463033046,10.774491,106.661026
2025-11-18 08:00:00+07:00,CMT8,36.06366682052612,10.78533,106.67029
2025-11-18 09:00:00+07:00,Care Centre,24.367166678110753,10.774491,106.661026
2025-11-18 09:00:00+07:00,CMT8,31.205833276112873,10.78533,106.67029
2025-11-18 10:00:00+07:00,CMT8,34.32799987792969,10.78533,106.67029
2025-11-18 10:00:00+07:00,Care Centre,29.841999912261965,10.774491,106.661026
2025-11-18 11:00:00+07:00,Care Centre,28.900499788920083,10.774491,106.661026
2025-11-18 11:00:00+07:00,CMT8,34.90250015258789,10.78533,106.67029
2025-11-18 13:00:00+07:00,CMT8,47.494000244140615,10.78533,106.67029
2025-11-18 13:00:00+07:00,Care Centre,44.705333455403654,10.774491,106.661026
2025-11-18 14:00:00+07:00,CMT8,44.121666844685876,10.78533,106.67029
2025-11-18 14:00:00+07:00,Care Centre,30.739000034332275,10.774491,106.661026
2025-11-18 15:00:00+07:00,Care Centre,51.14120896657307,10.774491,106.661026
2025-11-18 15:00:00+07:00,CMT8,58.760610877143016,10.78533,106.67029
2025-11-18 16:00:00+07:00,CMT8,46.03899993896484,10.78533,106.67029
2025-11-18 16:00:00+07:00,Care Centre,40.91350008646647,10.774491,106.661026
2025-11-18 17:00:00+07:00,CMT8,16.358500003814697,10.78533,106.67029
2025-11-18 17:00:00+07:00,Care Centre,15.422333335876466,10.774491,106.661026
2025-11-18 18:00:00+07:00,CMT8,24.375666681925452,10.78533,106.67029
2025-11-18 18:00:00+07:00,Care Centre,22.79183333714803,10.774491,106.661026
